timestamp,cell_col,cell_row,rssi_0,rssi_1,rssi_2,rssi_3
2026-05-14T15:33:21.635867,0,0,-29.0,-51.0,-38.0,-50.0
2026-05-14T15:33:22.591314,0,0,-29.0,-51.0,-38.0,-50.0
2026-05-14T15:33:23.549208,0,0,-29.0,-51.0,-38.0,-50.0
2026-05-14T15:33:24.577017,0,0,-25.0,-42.0,-47.0,-50.0
2026-05-14T15:33:25.580950,0,0,-25.0,-42.0,-47.0,-50.0
2026-05-14T15:33:26.545036,0,0,-25.0,-42.0,-47.0,-50.0
2026-05-14T15:33:27.541911,0,0,-25.0,-42.0,-47.0,-50.0
2026-05-14T15:33:28.523012,0,0,-25.0,-42.0,-47.0,-50.0
2026-05-14T15:33:29.523549,0,0,-36.0,-39.0,-50.0,-41.0
2026-05-14T15:33:30.541539,0,0,-36.0,-39.0,-50.0,-41.0
2026-05-14T15:33:31.542985,0,0,-36.0,-39.0,-50.0,-41.0
2026-05-14T15:33:32.741012,0,0,-36.0,-39.0,-50.0,-41.0
2026-05-14T15:33:33.557068,0,0,-36.0,-39.0,-50.0,-41.0
2026-05-14T15:33:34.551695,0,0,-24.0,-48.0,-42.0,-40.0
2026-05-14T15:33:35.547314,0,0,-24.0,-48.0,-42.0,-40.0
2026-05-14T15:33:36.608038,0,0,-24.0,-48.0,-42.0,-40.0
2026-05-14T15:33:37.552355,0,0,-24.0,-48.0,-42.0,-40.0
2026-05-14T15:33:38.537190,0,0,-24.0,-48.0,-42.0,-40.0
2026-05-14T15:33:39.539933,0,0,-20.0,-48.0,-46.0,-40.0
2026-05-14T15:33:40.598603,0,0,-20.0,-48.0,-46.0,-40.0
2026-05-14T15:33:41.577173,0,0,-20.0,-48.0,-46.0,-40.0
2026-05-14T15:33:42.525525,0,0,-20.0,-48.0,-46.0,-40.0
2026-05-14T15:33:43.542681,0,0,-20.0,-48.0,-46.0,-40.0
2026-05-14T15:33:44.537506,0,0,-19.0,-48.0,-39.0,-46.0
2026-05-14T15:33:45.523326,0,0,-19.0,-48.0,-39.0,-46.0
2026-05-14T15:33:46.548849,0,0,-19.0,-48.0,-39.0,-46.0
2026-05-14T15:33:47.586247,0,0,-19.0,-48.0,-39.0,-46.0
2026-05-14T15:33:48.656013,0,0,-19.0,-48.0,-39.0,-46.0
2026-05-14T15:33:49.529974,0,0,-24.0,-50.0,-47.0,-41.0
2026-05-14T15:33:50.805311,0,0,-24.0,-50.0,-47.0,-41.0
2026-05-14T15:33:51.543197,0,0,-24.0,-50.0,-47.0,-41.0
2026-05-14T15:33:52.541368,0,0,-24.0,-50.0,-47.0,-41.0
2026-05-14T15:33:53.522855,0,0,-24.0,-50.0,-47.0,-41.0
2026-05-14T15:33:54.539183,0,0,-34.0,-47.0,-53.0,-45.0
2026-05-14T15:33:55.541918,0,0,-34.0,-47.0,-53.0,-45.0
2026-05-14T15:33:56.570505,0,0,-34.0,-47.0,-53.0,-45.0
2026-05-14T15:33:57.541574,0,0,-34.0,-47.0,-53.0,-45.0
2026-05-14T15:33:58.540450,0,0,-34.0,-47.0,-53.0,-45.0
2026-05-14T15:33:59.685098,0,0,-37.0,-46.0,-47.0,-44.0
2026-05-14T15:34:00.867557,0,0,-37.0,-46.0,-47.0,-44.0
2026-05-14T15:34:01.602352,0,0,-37.0,-46.0,-47.0,-44.0
2026-05-14T15:34:02.523326,0,0,-37.0,-46.0,-47.0,-44.0
2026-05-14T15:34:03.552735,0,0,-37.0,-46.0,-47.0,-44.0
2026-05-14T15:34:04.527998,0,0,-28.0,-50.0,-45.0,-48.0
2026-05-14T15:34:05.642727,0,0,-28.0,-50.0,-45.0,-48.0
2026-05-14T15:34:06.556219,0,0,-28.0,-50.0,-45.0,-48.0
2026-05-14T15:34:08.100426,0,0,-28.0,-50.0,-45.0,-48.0
2026-05-14T15:34:08.524813,0,0,-28.0,-50.0,-45.0,-48.0
2026-05-14T15:34:09.689490,0,0,-43.0,-40.0,-40.0,-44.0
2026-05-14T15:34:10.529096,0,0,-43.0,-40.0,-40.0,-44.0
2026-05-14T15:34:11.544505,0,0,-43.0,-40.0,-40.0,-44.0
2026-05-14T15:34:12.589579,0,0,-43.0,-40.0,-40.0,-44.0
2026-05-14T15:34:13.539835,0,0,-43.0,-40.0,-40.0,-44.0
2026-05-14T15:34:14.622624,0,0,-38.0,-39.0,-53.0,-44.0
2026-05-14T15:34:15.549486,0,0,-38.0,-39.0,-53.0,-44.0
2026-05-14T15:34:16.917949,0,0,-38.0,-39.0,-53.0,-44.0
2026-05-14T15:34:17.522731,0,0,-38.0,-39.0,-53.0,-44.0
2026-05-14T15:34:18.546088,0,0,-38.0,-39.0,-53.0,-44.0
2026-05-14T15:34:19.523482,0,0,-35.0,-39.0,-46.0,-46.0
2026-05-14T15:34:20.534149,0,0,-35.0,-39.0,-46.0,-46.0
2026-05-14T15:34:21.934772,0,0,-35.0,-39.0,-46.0,-46.0
2026-05-14T15:34:22.818129,0,0,-35.0,-39.0,-46.0,-46.0
2026-05-14T15:34:23.532619,0,0,-35.0,-39.0,-46.0,-46.0
2026-05-14T15:34:24.545360,0,0,-31.0,-44.0,-51.0,-50.0
2026-05-14T15:34:25.846792,0,0,-31.0,-44.0,-51.0,-50.0
2026-05-14T15:34:26.601201,0,0,-31.0,-44.0,-51.0,-50.0
2026-05-14T15:34:27.563522,0,0,-31.0,-44.0,-51.0,-50.0
2026-05-14T15:34:28.552680,0,0,-31.0,-44.0,-51.0,-50.0
2026-05-14T15:34:29.532657,0,0,-22.0,-45.0,-48.0,-47.0
2026-05-14T15:34:30.541336,0,0,-22.0,-45.0,-48.0,-47.0
2026-05-14T15:34:31.582576,0,0,-22.0,-45.0,-48.0,-47.0
2026-05-14T15:34:32.639228,0,0,-22.0,-45.0,-48.0,-47.0
2026-05-14T15:34:33.526370,0,0,-22.0,-45.0,-48.0,-47.0
2026-05-14T15:34:34.527236,0,0,-17.0,-48.0,-46.0,-44.0
2026-05-14T15:34:35.524581,0,0,-17.0,-48.0,-46.0,-44.0
2026-05-14T15:34:36.543494,0,0,-17.0,-48.0,-46.0,-44.0
2026-05-14T15:34:37.622636,0,0,-17.0,-48.0,-46.0,-44.0
2026-05-14T15:34:38.561446,0,0,-17.0,-48.0,-46.0,-44.0
2026-05-14T15:34:39.596844,0,0,-14.0,-50.0,-46.0,-38.0
2026-05-14T15:34:40.562183,0,0,-14.0,-50.0,-46.0,-38.0
2026-05-14T15:34:41.534095,0,0,-14.0,-50.0,-46.0,-38.0
2026-05-14T15:34:42.569886,0,0,-14.0,-50.0,-46.0,-38.0
2026-05-14T15:34:43.552669,0,0,-14.0,-50.0,-46.0,-38.0
2026-05-14T15:34:44.547017,0,0,-25.0,-53.0,-51.0,-46.0
2026-05-14T15:34:45.542823,0,0,-25.0,-53.0,-51.0,-46.0
2026-05-14T15:34:46.551550,0,0,-25.0,-53.0,-51.0,-46.0
2026-05-14T15:34:47.590399,0,0,-25.0,-53.0,-51.0,-46.0
2026-05-14T15:34:48.581072,0,0,-25.0,-53.0,-51.0,-46.0
2026-05-14T15:34:49.523055,0,0,0.0,-54.0,-47.0,-46.0
2026-05-14T15:34:50.522723,0,0,0.0,-54.0,-47.0,-46.0
2026-05-14T15:34:51.835175,0,0,0.0,-54.0,-47.0,-46.0
2026-05-14T15:34:52.678085,0,0,0.0,-54.0,-47.0,-46.0
2026-05-14T15:34:53.595511,0,0,0.0,-54.0,-47.0,-46.0
2026-05-14T15:34:54.725754,0,0,-16.0,-47.0,-51.0,-43.0
2026-05-14T15:34:55.554211,0,0,-16.0,-47.0,-51.0,-43.0
2026-05-14T15:34:56.566092,0,0,-16.0,-47.0,-51.0,-43.0
2026-05-14T15:34:57.633117,0,0,-16.0,-47.0,-51.0,-43.0
2026-05-14T15:34:58.721945,0,0,-16.0,-47.0,-51.0,-43.0
2026-05-14T15:34:59.527218,0,0,-18.0,-46.0,-51.0,-46.0
2026-05-14T15:35:00.523664,0,0,-18.0,-46.0,-51.0,-46.0
2026-05-14T15:35:01.559535,0,0,-18.0,-46.0,-51.0,-46.0
2026-05-14T15:35:02.599613,0,0,-18.0,-46.0,-51.0,-46.0
2026-05-14T15:35:03.526915,0,0,-18.0,-46.0,-51.0,-46.0
2026-05-14T15:35:04.527272,0,0,-29.0,-46.0,-46.0,-48.0
2026-05-14T15:35:05.549589,0,0,-29.0,-46.0,-46.0,-48.0
2026-05-14T15:35:06.525743,0,0,-29.0,-46.0,-46.0,-48.0
2026-05-14T15:35:07.662666,0,0,-29.0,-46.0,-46.0,-48.0
2026-05-14T15:35:08.653640,0,0,-29.0,-46.0,-46.0,-48.0
2026-05-14T15:35:09.523887,0,0,-28.0,-52.0,-44.0,-50.0
2026-05-14T15:35:10.525362,0,0,-28.0,-52.0,-44.0,-50.0
2026-05-14T15:35:11.541826,0,0,-28.0,-52.0,-44.0,-50.0
2026-05-14T15:35:12.586849,0,0,-28.0,-52.0,-44.0,-50.0
2026-05-14T15:35:13.568526,0,0,-28.0,-52.0,-44.0,-50.0
2026-05-14T15:35:14.700734,0,0,-35.0,-46.0,-55.0,-48.0
2026-05-14T15:35:16.334762,0,0,-35.0,-46.0,-55.0,-48.0
2026-05-14T15:35:16.548263,0,0,-35.0,-46.0,-55.0,-48.0
2026-05-14T15:35:17.598390,0,0,-35.0,-46.0,-55.0,-48.0
2026-05-14T15:35:18.525387,0,0,-35.0,-46.0,-55.0,-48.0
2026-05-14T15:35:19.548714,0,0,-18.0,-50.0,-42.0,-45.0
2026-05-14T15:35:20.542687,0,0,-18.0,-50.0,-42.0,-45.0
2026-05-14T15:35:24.422663,0,0,-15.0,-50.0,-47.0,-45.0
2026-05-14T15:35:25.466083,0,0,-15.0,-50.0,-47.0,-45.0
2026-05-14T15:35:26.508853,0,0,-15.0,-50.0,-47.0,-45.0
2026-05-14T15:35:27.440378,0,0,-15.0,-50.0,-47.0,-45.0
2026-05-14T15:35:28.399624,0,0,-15.0,-50.0,-47.0,-45.0
2026-05-14T15:35:29.446682,0,0,-12.0,-46.0,-50.0,-47.0
2026-05-14T15:35:31.456154,0,0,-12.0,-46.0,-50.0,-47.0
2026-05-14T15:35:31.459522,0,0,-12.0,-46.0,-50.0,-47.0
2026-05-14T15:35:32.447610,0,0,-12.0,-46.0,-50.0,-47.0
2026-05-14T15:35:33.399642,0,0,-12.0,-46.0,-50.0,-47.0
2026-05-14T15:35:34.412438,0,0,-14.0,-44.0,-47.0,-46.0
2026-05-14T15:35:35.399708,0,0,-14.0,-44.0,-47.0,-46.0
2026-05-14T15:35:36.400873,0,0,-14.0,-44.0,-47.0,-46.0
2026-05-14T15:35:37.404496,0,0,-14.0,-44.0,-47.0,-46.0
2026-05-14T15:35:38.446129,0,0,-14.0,-44.0,-47.0,-46.0
2026-05-14T15:35:39.398573,0,0,-13.0,-46.0,-47.0,-46.0
2026-05-14T15:35:40.404568,0,0,-13.0,-46.0,-47.0,-46.0
2026-05-14T15:35:41.406378,0,0,-13.0,-46.0,-47.0,-46.0
2026-05-14T15:35:42.444548,0,0,-13.0,-46.0,-47.0,-46.0
2026-05-14T15:35:43.407964,0,0,-13.0,-46.0,-47.0,-46.0
2026-05-14T15:35:44.571971,0,0,-14.0,-44.0,-45.0,-48.0
2026-05-14T15:35:45.408043,0,0,-14.0,-44.0,-45.0,-48.0
2026-05-14T15:35:46.417094,0,0,-14.0,-44.0,-45.0,-48.0
2026-05-14T15:35:47.451154,0,0,-14.0,-44.0,-45.0,-48.0
2026-05-14T15:35:48.404303,0,0,-14.0,-44.0,-45.0,-48.0
2026-05-14T15:35:49.405216,0,0,-13.0,-44.0,-45.0,-49.0
2026-05-14T15:35:50.406778,0,0,-13.0,-44.0,-45.0,-49.0
2026-05-14T15:35:51.439037,0,0,-13.0,-44.0,-45.0,-49.0
2026-05-14T15:35:52.459157,0,0,-13.0,-44.0,-45.0,-49.0
2026-05-14T15:35:53.404417,0,0,-13.0,-44.0,-45.0,-49.0
2026-05-14T15:35:54.399517,0,0,-14.0,-43.0,-46.0,-47.0
2026-05-14T15:35:55.400103,0,0,-14.0,-43.0,-46.0,-47.0
2026-05-14T15:35:56.399773,0,0,-14.0,-43.0,-46.0,-47.0
2026-05-14T15:35:57.437014,0,0,-14.0,-43.0,-46.0,-47.0
2026-05-14T15:35:58.406240,0,0,-14.0,-43.0,-46.0,-47.0
2026-05-14T15:35:59.398468,0,0,-16.0,-42.0,-45.0,-45.0
2026-05-14T15:36:00.398975,0,0,-16.0,-42.0,-45.0,-45.0
2026-05-14T15:36:01.437964,0,0,-16.0,-42.0,-45.0,-45.0
2026-05-14T15:36:02.565341,0,0,-16.0,-42.0,-45.0,-45.0
2026-05-14T15:36:03.451656,0,0,-16.0,-42.0,-45.0,-45.0
2026-05-14T15:36:04.436709,0,0,-28.0,-47.0,-59.0,-44.0
2026-05-14T15:36:05.402868,0,0,-28.0,-47.0,-59.0,-44.0
2026-05-14T15:36:06.448175,0,0,-28.0,-47.0,-59.0,-44.0
2026-05-14T15:36:07.612121,0,0,-28.0,-47.0,-59.0,-44.0
2026-05-14T15:36:08.555413,0,0,-28.0,-47.0,-59.0,-44.0
2026-05-14T15:36:09.400855,0,0,-35.0,-48.0,-47.0,-52.0
2026-05-14T15:36:10.397570,0,0,-35.0,-48.0,-47.0,-52.0
2026-05-14T15:36:11.412641,0,0,-35.0,-48.0,-47.0,-52.0
2026-05-14T15:36:12.450890,0,0,-35.0,-48.0,-47.0,-52.0
2026-05-14T15:36:13.398011,0,0,-35.0,-48.0,-47.0,-52.0
2026-05-14T15:36:14.556094,0,0,-23.0,-44.0,-46.0,-53.0
2026-05-14T15:36:15.406087,0,0,-23.0,-44.0,-46.0,-53.0
2026-05-14T15:36:16.427408,0,0,-23.0,-44.0,-46.0,-53.0
2026-05-14T15:36:17.414651,0,0,-23.0,-44.0,-46.0,-53.0
2026-05-14T15:36:18.398824,0,0,-23.0,-44.0,-46.0,-53.0
2026-05-14T15:36:19.402744,0,0,-38.0,-47.0,-47.0,-45.0
2026-05-14T15:36:20.534387,0,0,-38.0,-47.0,-47.0,-45.0
2026-05-14T15:36:21.452276,0,0,-38.0,-47.0,-47.0,-45.0
2026-05-14T15:36:22.484980,0,0,-38.0,-47.0,-47.0,-45.0
2026-05-14T15:36:23.432437,0,0,-38.0,-47.0,-47.0,-45.0
2026-05-14T15:36:24.540368,0,0,-41.0,-45.0,-53.0,-49.0
2026-05-14T15:36:25.401834,0,0,-41.0,-45.0,-53.0,-49.0
2026-05-14T15:36:26.398202,0,0,-41.0,-45.0,-53.0,-49.0
2026-05-14T15:36:27.435880,0,0,-41.0,-45.0,-53.0,-49.0
2026-05-14T15:36:28.421026,0,0,-41.0,-45.0,-53.0,-49.0
2026-05-14T15:36:29.432061,0,0,-41.0,-47.0,-55.0,-40.0
2026-05-14T15:36:30.402111,0,0,-41.0,-47.0,-55.0,-40.0
2026-05-14T15:36:31.426409,0,0,-41.0,-47.0,-55.0,-40.0
2026-05-14T15:36:32.401367,0,0,-41.0,-47.0,-55.0,-40.0
2026-05-14T15:36:33.439837,0,0,-41.0,-47.0,-55.0,-40.0
2026-05-14T15:36:34.465829,0,0,-30.0,-44.0,-43.0,-40.0
2026-05-14T15:36:35.488856,0,0,-30.0,-44.0,-43.0,-40.0
2026-05-14T15:36:36.424110,0,0,-30.0,-44.0,-43.0,-40.0
2026-05-14T15:36:37.443611,0,0,-30.0,-44.0,-43.0,-40.0
2026-05-14T15:36:38.557803,0,0,-30.0,-44.0,-43.0,-40.0
2026-05-14T15:36:39.405050,0,0,-30.0,-42.0,-43.0,-38.0
2026-05-14T15:36:40.403656,0,0,-30.0,-42.0,-43.0,-38.0
2026-05-14T15:36:41.433547,0,0,-30.0,-42.0,-43.0,-38.0
2026-05-14T15:36:42.403552,0,0,-30.0,-42.0,-43.0,-38.0
2026-05-14T15:36:43.398365,0,0,-30.0,-42.0,-43.0,-38.0
2026-05-14T15:36:44.503071,0,0,-21.0,-41.0,-42.0,-39.0
2026-05-14T15:36:45.419449,0,0,-21.0,-41.0,-42.0,-39.0
2026-05-14T15:36:46.584358,0,0,-21.0,-41.0,-42.0,-39.0
2026-05-14T15:36:47.425358,0,0,-21.0,-41.0,-42.0,-39.0
2026-05-14T15:36:48.412694,0,0,-21.0,-41.0,-42.0,-39.0
2026-05-14T15:36:49.519485,0,0,-35.0,-41.0,-51.0,-41.0
2026-05-14T15:36:50.541714,0,0,-35.0,-41.0,-51.0,-41.0
2026-05-14T15:36:51.494024,0,0,-35.0,-41.0,-51.0,-41.0
2026-05-14T15:36:52.420392,0,0,-35.0,-41.0,-51.0,-41.0
2026-05-14T15:36:53.404914,0,0,-35.0,-41.0,-51.0,-41.0
2026-05-14T15:36:54.398266,0,0,-34.0,-50.0,-44.0,-52.0
2026-05-14T15:36:55.396861,0,0,-34.0,-50.0,-44.0,-52.0
2026-05-14T15:36:56.557368,0,0,-34.0,-50.0,-44.0,-52.0
2026-05-14T15:36:57.510115,0,0,-34.0,-50.0,-44.0,-52.0
2026-05-14T15:36:58.434058,0,0,-34.0,-50.0,-44.0,-52.0
2026-05-14T15:36:59.438318,0,0,-34.0,-47.0,-41.0,-46.0
2026-05-14T15:37:00.399707,0,0,-34.0,-47.0,-41.0,-46.0
2026-05-14T15:37:01.397722,0,0,-34.0,-47.0,-41.0,-46.0
2026-05-14T15:37:02.457806,0,0,-34.0,-47.0,-41.0,-46.0
2026-05-14T15:37:03.417544,0,0,-34.0,-47.0,-41.0,-46.0
2026-05-14T15:37:04.568127,0,0,-39.0,-45.0,-45.0,-41.0
2026-05-14T15:37:05.404950,0,0,-39.0,-45.0,-45.0,-41.0
2026-05-14T15:37:06.399386,0,0,-39.0,-45.0,-45.0,-41.0
2026-05-14T15:37:07.399634,0,0,-39.0,-45.0,-45.0,-41.0
2026-05-14T15:37:08.399257,0,0,-39.0,-45.0,-45.0,-41.0
2026-05-14T15:37:09.408064,0,0,-29.0,-40.0,-50.0,-47.0
2026-05-14T15:37:10.487650,0,0,-29.0,-40.0,-50.0,-47.0
2026-05-14T15:37:11.423113,0,0,-29.0,-40.0,-50.0,-47.0
2026-05-14T15:37:12.588601,0,0,-29.0,-40.0,-50.0,-47.0
2026-05-14T15:37:13.456606,0,0,-29.0,-40.0,-50.0,-47.0
2026-05-14T15:37:14.500665,0,0,-26.0,-40.0,-54.0,-49.0
2026-05-14T15:37:15.523613,0,0,-26.0,-40.0,-54.0,-49.0
2026-05-14T15:37:16.407435,0,0,-26.0,-40.0,-54.0,-49.0
2026-05-14T15:37:17.415162,0,0,-26.0,-40.0,-54.0,-49.0
2026-05-14T15:37:18.399358,0,0,-26.0,-40.0,-54.0,-49.0
2026-05-14T15:37:19.396612,0,0,-25.0,-54.0,-49.0,-43.0
2026-05-14T15:37:20.436644,0,0,-25.0,-54.0,-49.0,-43.0
2026-05-14T15:37:21.442345,0,0,-25.0,-54.0,-49.0,-43.0
2026-05-14T15:37:22.402282,0,0,-25.0,-54.0,-49.0,-43.0
2026-05-14T15:37:23.409543,0,0,-25.0,-54.0,-49.0,-43.0
2026-05-14T15:37:30.863639,0,1,-31.0,-54.0,-45.0,-48.0
2026-05-14T15:37:31.885199,0,1,-31.0,-54.0,-45.0,-48.0
2026-05-14T15:37:32.808929,0,1,-31.0,-54.0,-45.0,-48.0
2026-05-14T15:37:33.807604,0,1,-31.0,-48.0,-42.0,-52.0
2026-05-14T15:37:34.783879,0,1,-31.0,-48.0,-42.0,-52.0
2026-05-14T15:37:35.799862,0,1,-31.0,-48.0,-42.0,-52.0
2026-05-14T15:37:36.811680,0,1,-31.0,-48.0,-42.0,-52.0
2026-05-14T15:37:37.823512,0,1,-31.0,-48.0,-42.0,-52.0
2026-05-14T15:37:38.834680,0,1,-34.0,-45.0,-44.0,-52.0
2026-05-14T15:37:39.995003,0,1,-34.0,-45.0,-44.0,-52.0
2026-05-14T15:37:41.018495,0,1,-34.0,-45.0,-44.0,-52.0
2026-05-14T15:37:41.777962,0,1,-34.0,-45.0,-44.0,-52.0
2026-05-14T15:37:42.810039,0,1,-34.0,-45.0,-44.0,-52.0
2026-05-14T15:37:43.806099,0,1,-43.0,-45.0,-39.0,-44.0
2026-05-14T15:37:44.814396,0,1,-43.0,-45.0,-39.0,-44.0
2026-05-14T15:37:45.915953,0,1,-43.0,-45.0,-39.0,-44.0
2026-05-14T15:37:46.972088,0,1,-43.0,-45.0,-39.0,-44.0
2026-05-14T15:37:47.856688,0,1,-43.0,-45.0,-39.0,-44.0
2026-05-14T15:37:48.822775,0,1,-34.0,-41.0,-40.0,-48.0
2026-05-14T15:37:49.911466,0,1,-34.0,-41.0,-40.0,-48.0
2026-05-14T15:37:50.831617,0,1,-34.0,-41.0,-40.0,-48.0
2026-05-14T15:37:52.011888,0,1,-34.0,-41.0,-40.0,-48.0
2026-05-14T15:37:52.838191,0,1,-34.0,-41.0,-40.0,-48.0
2026-05-14T15:37:53.798221,0,1,-48.0,-46.0,-43.0,-46.0
2026-05-14T15:37:54.813245,0,1,-48.0,-46.0,-43.0,-46.0
2026-05-14T15:37:55.953349,0,1,-48.0,-46.0,-43.0,-46.0
2026-05-14T15:37:56.778705,0,1,-48.0,-46.0,-43.0,-46.0
2026-05-14T15:37:57.782094,0,1,-48.0,-46.0,-43.0,-46.0
2026-05-14T15:37:58.805990,0,1,-46.0,-43.0,-49.0,-44.0
2026-05-14T15:37:59.947740,0,1,-46.0,-43.0,-49.0,-44.0
2026-05-14T15:38:00.866700,0,1,-46.0,-43.0,-49.0,-44.0
2026-05-14T15:38:01.794979,0,1,-46.0,-43.0,-49.0,-44.0
2026-05-14T15:38:02.811437,0,1,-46.0,-43.0,-49.0,-44.0
2026-05-14T15:38:03.816899,0,1,-39.0,-43.0,-45.0,-47.0
2026-05-14T15:38:04.774270,0,1,-39.0,-43.0,-45.0,-47.0
2026-05-14T15:38:06.102597,0,1,-39.0,-43.0,-45.0,-47.0
2026-05-14T15:38:09.465148,0,1,-39.0,-43.0,-45.0,-47.0
2026-05-14T15:38:09.713790,0,1,-39.0,-43.0,-45.0,-47.0
2026-05-14T15:38:09.716053,0,1,-39.0,-43.0,-45.0,-47.0
2026-05-14T15:38:09.879199,0,1,-44.0,-43.0,-47.0,-46.0
2026-05-14T15:38:10.901468,0,1,-44.0,-43.0,-47.0,-46.0
2026-05-14T15:38:11.783850,0,1,-44.0,-43.0,-47.0,-46.0
2026-05-14T15:38:12.834077,0,1,-44.0,-43.0,-47.0,-46.0
2026-05-14T15:38:13.820337,0,1,-47.0,-42.0,-48.0,-49.0
2026-05-14T15:38:14.801341,0,1,-47.0,-42.0,-48.0,-49.0
2026-05-14T15:38:15.816185,0,1,-47.0,-42.0,-48.0,-49.0
2026-05-14T15:38:17.045022,0,1,-47.0,-42.0,-48.0,-49.0
2026-05-14T15:38:18.272476,0,1,-47.0,-42.0,-48.0,-49.0
2026-05-14T15:38:19.010578,0,1,-39.0,-41.0,-47.0,-46.0
2026-05-14T15:38:19.810033,0,1,-39.0,-41.0,-47.0,-46.0
2026-05-14T15:38:20.833677,0,1,-39.0,-41.0,-47.0,-46.0
2026-05-14T15:38:21.857781,0,1,-39.0,-41.0,-47.0,-46.0
2026-05-14T15:38:23.123637,0,1,-39.0,-41.0,-47.0,-46.0
2026-05-14T15:38:23.800581,0,1,-39.0,-41.0,-45.0,-46.0
2026-05-14T15:38:24.817329,0,1,-39.0,-41.0,-45.0,-46.0
2026-05-14T15:38:25.852979,0,1,-39.0,-41.0,-45.0,-46.0
2026-05-14T15:38:27.033444,0,1,-39.0,-41.0,-45.0,-46.0
2026-05-14T15:38:28.019254,0,1,-39.0,-41.0,-45.0,-46.0
2026-05-14T15:38:28.820903,0,1,-40.0,-42.0,-43.0,-47.0
2026-05-14T15:38:29.799659,0,1,-40.0,-42.0,-43.0,-47.0
2026-05-14T15:38:30.799029,0,1,-40.0,-42.0,-43.0,-47.0
2026-05-14T15:38:31.774430,0,1,-40.0,-42.0,-43.0,-47.0
2026-05-14T15:38:32.774066,0,1,-40.0,-42.0,-43.0,-47.0
2026-05-14T15:38:33.804264,0,1,-35.0,-45.0,-40.0,-41.0
2026-05-14T15:38:34.780658,0,1,-35.0,-45.0,-40.0,-41.0
2026-05-14T15:38:35.887467,0,1,-35.0,-45.0,-40.0,-41.0
2026-05-14T15:38:37.066721,0,1,-35.0,-45.0,-40.0,-41.0
2026-05-14T15:38:37.876385,0,1,-35.0,-45.0,-40.0,-41.0
2026-05-14T15:38:38.835428,0,1,-36.0,-45.0,-40.0,-38.0
2026-05-14T15:38:39.810735,0,1,-36.0,-45.0,-40.0,-38.0
2026-05-14T15:38:41.019943,0,1,-36.0,-45.0,-40.0,-38.0
2026-05-14T15:38:41.824734,0,1,-36.0,-45.0,-40.0,-38.0
2026-05-14T15:38:42.799908,0,1,-36.0,-45.0,-40.0,-38.0
2026-05-14T15:38:43.991471,0,1,-34.0,-44.0,-40.0,-40.0
2026-05-14T15:38:44.805914,0,1,-34.0,-44.0,-40.0,-40.0
2026-05-14T15:38:45.922131,0,1,-34.0,-44.0,-40.0,-40.0
2026-05-14T15:38:46.802481,0,1,-34.0,-44.0,-40.0,-40.0
2026-05-14T15:38:47.821733,0,1,-34.0,-44.0,-40.0,-40.0
2026-05-14T15:38:48.799891,0,1,-34.0,-46.0,-38.0,-41.0
2026-05-14T15:38:49.845864,0,1,-34.0,-46.0,-38.0,-41.0
2026-05-14T15:38:51.036195,0,1,-34.0,-46.0,-38.0,-41.0
2026-05-14T15:38:51.775791,0,1,-34.0,-46.0,-38.0,-41.0
2026-05-14T15:38:52.834864,0,1,-34.0,-46.0,-38.0,-41.0
2026-05-14T15:38:53.839567,0,1,-35.0,-46.0,-36.0,-41.0
2026-05-14T15:38:54.807073,0,1,-35.0,-46.0,-36.0,-41.0
2026-05-14T15:38:55.868156,0,1,-35.0,-46.0,-36.0,-41.0
2026-05-14T15:38:56.916807,0,1,-35.0,-46.0,-36.0,-41.0
2026-05-14T15:38:57.775369,0,1,-35.0,-46.0,-36.0,-41.0
2026-05-14T15:38:58.806427,0,1,-35.0,-45.0,-39.0,-40.0
2026-05-14T15:38:59.847281,0,1,-35.0,-45.0,-39.0,-40.0
2026-05-14T15:39:00.871959,0,1,-35.0,-45.0,-39.0,-40.0
2026-05-14T15:39:01.893699,0,1,-35.0,-45.0,-39.0,-40.0
2026-05-14T15:39:03.139733,0,1,-35.0,-45.0,-39.0,-40.0
2026-05-14T15:39:03.841355,0,1,-33.0,-46.0,-42.0,-40.0
2026-05-14T15:39:04.865240,0,1,-33.0,-46.0,-42.0,-40.0
2026-05-14T15:39:05.774107,0,1,-33.0,-46.0,-42.0,-40.0
2026-05-14T15:39:06.810072,0,1,-33.0,-46.0,-42.0,-40.0
2026-05-14T15:39:07.781559,0,1,-33.0,-46.0,-42.0,-40.0
2026-05-14T15:39:08.977235,0,1,-38.0,-45.0,-45.0,-41.0
2026-05-14T15:39:09.792406,0,1,-38.0,-45.0,-45.0,-41.0
2026-05-14T15:39:10.780144,0,1,-38.0,-45.0,-45.0,-41.0
2026-05-14T15:39:11.869599,0,1,-38.0,-45.0,-45.0,-41.0
2026-05-14T15:39:13.260808,0,1,-38.0,-45.0,-45.0,-41.0
2026-05-14T15:39:13.884097,0,1,-46.0,-57.0,-46.0,-45.0
2026-05-14T15:39:15.000267,0,1,-46.0,-57.0,-46.0,-45.0
2026-05-14T15:39:16.158887,0,1,-46.0,-57.0,-46.0,-45.0
2026-05-14T15:39:16.780274,0,1,-46.0,-57.0,-46.0,-45.0
2026-05-14T15:39:17.783649,0,1,-46.0,-57.0,-46.0,-45.0
2026-05-14T15:39:18.800051,0,1,-44.0,-45.0,-45.0,-41.0
2026-05-14T15:39:19.816101,0,1,-44.0,-45.0,-45.0,-41.0
2026-05-14T15:39:20.779953,0,1,-44.0,-45.0,-45.0,-41.0
2026-05-14T15:39:21.826138,0,1,-44.0,-45.0,-45.0,-41.0
2026-05-14T15:39:22.803509,0,1,-44.0,-45.0,-45.0,-41.0
2026-05-14T15:39:24.113662,0,1,-38.0,-41.0,-45.0,-41.0
2026-05-14T15:39:24.938769,0,1,-38.0,-41.0,-45.0,-41.0
2026-05-14T15:39:26.077346,0,1,-38.0,-41.0,-45.0,-41.0
2026-05-14T15:39:26.830222,0,1,-38.0,-41.0,-45.0,-41.0
2026-05-14T15:39:29.457901,0,1,-38.0,-41.0,-45.0,-41.0
2026-05-14T15:39:29.600905,0,1,-39.0,-47.0,-47.0,-41.0
2026-05-14T15:39:29.836780,0,1,-39.0,-47.0,-47.0,-41.0
2026-05-14T15:40:16.637135,0,2,-40.0,-46.0,-42.0,-47.0
2026-05-14T15:40:17.392693,0,2,-40.0,-46.0,-42.0,-47.0
2026-05-14T15:40:18.376958,0,2,-40.0,-46.0,-42.0,-47.0
2026-05-14T15:40:19.395034,0,2,-33.0,-41.0,-35.0,-43.0
2026-05-14T15:40:20.372333,0,2,-33.0,-41.0,-35.0,-43.0
2026-05-14T15:40:21.385131,0,2,-33.0,-41.0,-35.0,-43.0
2026-05-14T15:40:22.377240,0,2,-33.0,-41.0,-35.0,-43.0
2026-05-14T15:40:23.373118,0,2,-33.0,-41.0,-35.0,-43.0
2026-05-14T15:40:24.448352,0,2,-39.0,-48.0,-35.0,-63.0
2026-05-14T15:40:25.376851,0,2,-39.0,-48.0,-35.0,-63.0
2026-05-14T15:40:26.387012,0,2,-39.0,-48.0,-35.0,-63.0
2026-05-14T15:40:27.373274,0,2,-39.0,-48.0,-35.0,-63.0
2026-05-14T15:40:28.373513,0,2,-39.0,-48.0,-35.0,-63.0
2026-05-14T15:40:29.371717,0,2,-34.0,-40.0,-36.0,-49.0
2026-05-14T15:40:30.605660,0,2,-34.0,-40.0,-36.0,-49.0
2026-05-14T15:40:31.446235,0,2,-34.0,-40.0,-36.0,-49.0
2026-05-14T15:40:32.403818,0,2,-34.0,-40.0,-36.0,-49.0
2026-05-14T15:40:33.373220,0,2,-34.0,-40.0,-36.0,-49.0
2026-05-14T15:40:34.584862,0,2,-37.0,-47.0,-35.0,-51.0
2026-05-14T15:40:35.417909,0,2,-37.0,-47.0,-35.0,-51.0
2026-05-14T15:40:36.390194,0,2,-37.0,-47.0,-35.0,-51.0
2026-05-14T15:40:37.373435,0,2,-37.0,-47.0,-35.0,-51.0
2026-05-14T15:40:38.372561,0,2,-37.0,-47.0,-35.0,-51.0
2026-05-14T15:40:39.371105,0,2,-42.0,-46.0,-38.0,-43.0
2026-05-14T15:40:40.423749,0,2,-42.0,-46.0,-38.0,-43.0
2026-05-14T15:40:41.431120,0,2,-42.0,-46.0,-38.0,-43.0
2026-05-14T15:40:42.394168,0,2,-42.0,-46.0,-38.0,-43.0
2026-05-14T15:40:43.398802,0,2,-42.0,-46.0,-38.0,-43.0
2026-05-14T15:40:44.375539,0,2,-37.0,-39.0,-40.0,-45.0
2026-05-14T15:40:45.373880,0,2,-37.0,-39.0,-40.0,-45.0
2026-05-14T15:40:46.486808,0,2,-37.0,-39.0,-40.0,-45.0
2026-05-14T15:40:47.406798,0,2,-37.0,-39.0,-40.0,-45.0
2026-05-14T15:40:48.372679,0,2,-37.0,-39.0,-40.0,-45.0
2026-05-14T15:40:49.386530,0,2,-38.0,-44.0,-39.0,-47.0
2026-05-14T15:40:50.373189,0,2,-38.0,-44.0,-39.0,-47.0
2026-05-14T15:40:51.372015,0,2,-38.0,-44.0,-39.0,-47.0
2026-05-14T15:40:52.394115,0,2,-38.0,-44.0,-39.0,-47.0
2026-05-14T15:40:53.399973,0,2,-38.0,-44.0,-39.0,-47.0
2026-05-14T15:40:54.429682,0,2,-36.0,-45.0,-40.0,-42.0
2026-05-14T15:40:55.406537,0,2,-36.0,-45.0,-40.0,-42.0
2026-05-14T15:40:56.631318,0,2,-36.0,-45.0,-40.0,-42.0
2026-05-14T15:40:57.456212,0,2,-36.0,-45.0,-40.0,-42.0
2026-05-14T15:40:58.390655,0,2,-36.0,-45.0,-40.0,-42.0
2026-05-14T15:40:59.377763,0,2,-35.0,-52.0,-38.0,-44.0
2026-05-14T15:41:00.378606,0,2,-35.0,-52.0,-38.0,-44.0
2026-05-14T15:41:01.397016,0,2,-35.0,-52.0,-38.0,-44.0
2026-05-14T15:41:02.667500,0,2,-35.0,-52.0,-38.0,-44.0
2026-05-14T15:41:03.374846,0,2,-35.0,-52.0,-38.0,-44.0
2026-05-14T15:41:04.372811,0,2,-39.0,-49.0,-48.0,-40.0
2026-05-14T15:41:05.390971,0,2,-39.0,-49.0,-48.0,-40.0
2026-05-14T15:41:06.397163,0,2,-39.0,-49.0,-48.0,-40.0
2026-05-14T15:41:07.411250,0,2,-39.0,-49.0,-48.0,-40.0
2026-05-14T15:41:08.410722,0,2,-39.0,-49.0,-48.0,-40.0
2026-05-14T15:41:09.394545,0,2,-41.0,-45.0,-42.0,-39.0
2026-05-14T15:41:10.423973,0,2,-41.0,-45.0,-42.0,-39.0
2026-05-14T15:41:11.429867,0,2,-41.0,-45.0,-42.0,-39.0
2026-05-14T15:41:12.372123,0,2,-41.0,-45.0,-42.0,-39.0
2026-05-14T15:41:13.378699,0,2,-41.0,-45.0,-42.0,-39.0
2026-05-14T15:41:14.404040,0,2,-42.0,-43.0,-40.0,-48.0
2026-05-14T15:41:15.379718,0,2,-42.0,-43.0,-40.0,-48.0
2026-05-14T15:41:16.404474,0,2,-42.0,-43.0,-40.0,-48.0
2026-05-14T15:41:17.372139,0,2,-42.0,-43.0,-40.0,-48.0
2026-05-14T15:41:18.375613,0,2,-42.0,-43.0,-40.0,-48.0
2026-05-14T15:41:19.391544,0,2,-36.0,-48.0,-35.0,-42.0
2026-05-14T15:41:20.373829,0,2,-36.0,-48.0,-35.0,-42.0
2026-05-14T15:41:21.419653,0,2,-36.0,-48.0,-35.0,-42.0
2026-05-14T15:41:22.376136,0,2,-36.0,-48.0,-35.0,-42.0
2026-05-14T15:41:23.371911,0,2,-36.0,-48.0,-35.0,-42.0
2026-05-14T15:41:24.695661,0,2,-47.0,-48.0,-43.0,-51.0
2026-05-14T15:41:25.382464,0,2,-47.0,-48.0,-43.0,-51.0
2026-05-14T15:41:26.378146,0,2,-47.0,-48.0,-43.0,-51.0
2026-05-14T15:41:27.422953,0,2,-47.0,-48.0,-43.0,-51.0
2026-05-14T15:41:28.378082,0,2,-47.0,-48.0,-43.0,-51.0
2026-05-14T15:41:29.375573,0,2,-34.0,-49.0,-37.0,-41.0
2026-05-14T15:41:30.394134,0,2,-34.0,-49.0,-37.0,-41.0
2026-05-14T15:41:31.416818,0,2,-34.0,-49.0,-37.0,-41.0
2026-05-14T15:41:32.384576,0,2,-34.0,-49.0,-37.0,-41.0
2026-05-14T15:41:33.372786,0,2,-34.0,-49.0,-37.0,-41.0
2026-05-14T15:41:34.375793,0,2,-38.0,-50.0,-37.0,-47.0
2026-05-14T15:41:35.376644,0,2,-38.0,-50.0,-37.0,-47.0
2026-05-14T15:41:36.790788,0,2,-38.0,-50.0,-37.0,-47.0
2026-05-14T15:41:37.654874,0,2,-38.0,-50.0,-37.0,-47.0
2026-05-14T15:41:38.374894,0,2,-38.0,-50.0,-37.0,-47.0
2026-05-14T15:41:39.373521,0,2,-39.0,-48.0,-36.0,-47.0
2026-05-14T15:41:40.415978,0,2,-39.0,-48.0,-36.0,-47.0
2026-05-14T15:41:41.460016,0,2,-39.0,-48.0,-36.0,-47.0
2026-05-14T15:41:42.372002,0,2,-39.0,-48.0,-36.0,-47.0
2026-05-14T15:41:43.372693,0,2,-39.0,-48.0,-36.0,-47.0
2026-05-14T15:41:44.423875,0,2,-35.0,-47.0,-32.0,-42.0
2026-05-14T15:41:45.389436,0,2,-35.0,-47.0,-32.0,-42.0
2026-05-14T15:41:46.373666,0,2,-35.0,-47.0,-32.0,-42.0
2026-05-14T15:41:47.432039,0,2,-35.0,-47.0,-32.0,-42.0
2026-05-14T15:41:48.411188,0,2,-35.0,-47.0,-32.0,-42.0
2026-05-14T15:41:49.377874,0,2,-35.0,-48.0,-32.0,-44.0
2026-05-14T15:41:50.399850,0,2,-35.0,-48.0,-32.0,-44.0
2026-05-14T15:41:51.375567,0,2,-35.0,-48.0,-32.0,-44.0
2026-05-14T15:41:52.370513,0,2,-35.0,-48.0,-32.0,-44.0
2026-05-14T15:41:53.557753,0,2,-35.0,-48.0,-32.0,-44.0
2026-05-14T15:41:54.438031,0,2,-32.0,-45.0,-33.0,-44.0
2026-05-14T15:41:55.458473,0,2,-32.0,-45.0,-33.0,-44.0
2026-05-14T15:41:56.373239,0,2,-32.0,-45.0,-33.0,-44.0
2026-05-14T15:41:57.408078,0,2,-32.0,-45.0,-33.0,-44.0
2026-05-14T15:41:58.378049,0,2,-32.0,-45.0,-33.0,-44.0
2026-05-14T15:41:59.377434,0,2,-37.0,-47.0,-33.0,-50.0
2026-05-14T15:42:00.377100,0,2,-37.0,-47.0,-33.0,-50.0
2026-05-14T15:42:01.370651,0,2,-37.0,-47.0,-33.0,-50.0
2026-05-14T15:42:02.426049,0,2,-37.0,-47.0,-33.0,-50.0
2026-05-14T15:42:03.420777,0,2,-37.0,-47.0,-33.0,-50.0
2026-05-14T15:42:04.389029,0,2,-38.0,-50.0,-46.0,-41.0
2026-05-14T15:42:05.415071,0,2,-38.0,-50.0,-46.0,-41.0
2026-05-14T15:42:06.419998,0,2,-38.0,-50.0,-46.0,-41.0
2026-05-14T15:42:07.527091,0,2,-38.0,-50.0,-46.0,-41.0
2026-05-14T15:42:08.378221,0,2,-38.0,-50.0,-46.0,-41.0
2026-05-14T15:42:09.376520,0,2,-37.0,-44.0,-33.0,-49.0
2026-05-14T15:42:10.408568,0,2,-37.0,-44.0,-33.0,-49.0
2026-05-14T15:42:11.376443,0,2,-37.0,-44.0,-33.0,-49.0
2026-05-14T15:42:12.419924,0,2,-37.0,-44.0,-33.0,-49.0
2026-05-14T15:42:13.426857,0,2,-37.0,-44.0,-33.0,-49.0
2026-05-14T15:42:14.376101,0,2,-40.0,-45.0,-37.0,-50.0
2026-05-14T15:42:15.372938,0,2,-40.0,-45.0,-37.0,-50.0
2026-05-14T15:42:18.346251,0,2,-40.0,-45.0,-37.0,-50.0
2026-05-14T15:42:19.361080,0,2,-43.0,-44.0,-48.0,-45.0
2026-05-14T15:42:20.337414,0,2,-43.0,-44.0,-48.0,-45.0
2026-05-14T15:42:21.369487,0,2,-43.0,-44.0,-48.0,-45.0
2026-05-14T15:42:22.324490,0,2,-43.0,-44.0,-48.0,-45.0
2026-05-14T15:42:23.330786,0,2,-43.0,-44.0,-48.0,-45.0
2026-05-14T15:42:24.320694,0,2,-37.0,-56.0,-34.0,-50.0
2026-05-14T15:42:25.322070,0,2,-37.0,-56.0,-34.0,-50.0
2026-05-14T15:42:26.405656,0,2,-37.0,-56.0,-34.0,-50.0
2026-05-14T15:42:27.456950,0,2,-37.0,-56.0,-34.0,-50.0
2026-05-14T15:42:28.321486,0,2,-37.0,-56.0,-34.0,-50.0
2026-05-14T15:42:29.348941,0,2,-29.0,-47.0,-34.0,-51.0
2026-05-14T15:42:30.337538,0,2,-29.0,-47.0,-34.0,-51.0
2026-05-14T15:42:31.390157,0,2,-29.0,-47.0,-34.0,-51.0
2026-05-14T15:42:32.326978,0,2,-29.0,-47.0,-34.0,-51.0
2026-05-14T15:42:33.320837,0,2,-29.0,-47.0,-34.0,-51.0
2026-05-14T15:42:34.398132,0,2,-33.0,-47.0,-34.0,-47.0
2026-05-14T15:42:35.411076,0,2,-33.0,-47.0,-34.0,-47.0
2026-05-14T15:42:36.375978,0,2,-33.0,-47.0,-34.0,-47.0
2026-05-14T15:42:37.320045,0,2,-33.0,-47.0,-34.0,-47.0
2026-05-14T15:42:38.321549,0,2,-33.0,-47.0,-34.0,-47.0
2026-05-14T15:42:39.322796,0,2,-33.0,-48.0,-33.0,-51.0
2026-05-14T15:42:40.355782,0,2,-33.0,-48.0,-33.0,-51.0
2026-05-14T15:42:41.322440,0,2,-33.0,-48.0,-33.0,-51.0
2026-05-14T15:42:42.361589,0,2,-33.0,-48.0,-33.0,-51.0
2026-05-14T15:42:43.321037,0,2,-33.0,-48.0,-33.0,-51.0
2026-05-14T15:42:44.417894,0,2,-30.0,-48.0,-30.0,-45.0
2026-05-14T15:42:45.327827,0,2,-30.0,-48.0,-30.0,-45.0
2026-05-14T15:42:46.362428,0,2,-30.0,-48.0,-30.0,-45.0
2026-05-14T15:42:47.326996,0,2,-30.0,-48.0,-30.0,-45.0
2026-05-14T15:42:48.321915,0,2,-30.0,-48.0,-30.0,-45.0
2026-05-14T15:42:49.340567,0,2,-29.0,-43.0,-36.0,-52.0
2026-05-14T15:42:50.351736,0,2,-29.0,-43.0,-36.0,-52.0
2026-05-14T15:42:51.375949,0,2,-29.0,-43.0,-36.0,-52.0
2026-05-14T15:42:52.339970,0,2,-29.0,-43.0,-36.0,-52.0
2026-05-14T15:42:53.336019,0,2,-29.0,-43.0,-36.0,-52.0
2026-05-14T15:42:54.321649,0,2,-26.0,-52.0,-32.0,-45.0
2026-05-14T15:42:55.356458,0,2,-26.0,-52.0,-32.0,-45.0
2026-05-14T15:42:56.512436,0,2,-26.0,-52.0,-32.0,-45.0
2026-05-14T15:42:57.371250,0,2,-26.0,-52.0,-32.0,-45.0
2026-05-14T15:42:58.321265,0,2,-26.0,-52.0,-32.0,-45.0
2026-05-14T15:42:59.366461,0,2,-28.0,-48.0,-30.0,-47.0
2026-05-14T15:43:00.321142,0,2,-28.0,-48.0,-30.0,-47.0
2026-05-14T15:43:01.328715,0,2,-28.0,-48.0,-30.0,-47.0
2026-05-14T15:43:02.337591,0,2,-28.0,-48.0,-30.0,-47.0
2026-05-14T15:43:03.322197,0,2,-28.0,-48.0,-30.0,-47.0
2026-05-14T15:43:04.358850,0,2,-30.0,-51.0,-29.0,-43.0
2026-05-14T15:43:05.352432,0,2,-30.0,-51.0,-29.0,-43.0
2026-05-14T15:43:06.324668,0,2,-30.0,-51.0,-29.0,-43.0
2026-05-14T15:43:07.319448,0,2,-30.0,-51.0,-29.0,-43.0
2026-05-14T15:43:08.391493,0,2,-30.0,-51.0,-29.0,-43.0
2026-05-14T15:43:09.320958,0,2,-32.0,-41.0,-38.0,-42.0
2026-05-14T15:43:10.320490,0,2,-32.0,-41.0,-38.0,-42.0
2026-05-14T15:43:11.320394,0,2,-32.0,-41.0,-38.0,-42.0
2026-05-14T15:43:12.714790,0,2,-32.0,-41.0,-38.0,-42.0
2026-05-14T15:43:13.417854,0,2,-32.0,-41.0,-38.0,-42.0
2026-05-14T15:43:14.330366,0,2,-36.0,-43.0,-28.0,-53.0
2026-05-14T15:43:15.355095,0,2,-36.0,-43.0,-28.0,-53.0
2026-05-14T15:43:16.321108,0,2,-36.0,-43.0,-28.0,-53.0
2026-05-14T15:43:17.355826,0,2,-36.0,-43.0,-28.0,-53.0
2026-05-14T15:43:18.360149,0,2,-36.0,-43.0,-28.0,-53.0
2026-05-14T15:43:19.422116,0,2,-42.0,-48.0,-40.0,-46.0
2026-05-14T15:43:20.319660,0,2,-42.0,-48.0,-40.0,-46.0
2026-05-14T15:43:21.319384,0,2,-42.0,-48.0,-40.0,-46.0
2026-05-14T15:43:22.356572,0,2,-42.0,-48.0,-40.0,-46.0
2026-05-14T15:43:23.323236,0,2,-42.0,-48.0,-40.0,-46.0
2026-05-14T15:43:24.358840,0,2,-33.0,-41.0,-49.0,-50.0
2026-05-14T15:43:25.388037,0,2,-33.0,-41.0,-49.0,-50.0
2026-05-14T15:43:26.634259,0,2,-33.0,-41.0,-49.0,-50.0
2026-05-14T15:43:27.419160,0,2,-33.0,-41.0,-49.0,-50.0
2026-05-14T15:43:28.337088,0,2,-33.0,-41.0,-49.0,-50.0
2026-05-14T15:43:29.322572,0,2,-46.0,-44.0,-36.0,-47.0
2026-05-14T15:43:30.467749,0,2,-46.0,-44.0,-36.0,-47.0
2026-05-14T15:43:31.323489,0,2,-46.0,-44.0,-36.0,-47.0
2026-05-14T15:43:32.490971,0,2,-46.0,-44.0,-36.0,-47.0
2026-05-14T15:43:33.382303,0,2,-46.0,-44.0,-36.0,-47.0
2026-05-14T15:43:34.351792,0,2,-26.0,-44.0,-32.0,-46.0
2026-05-14T15:43:35.330143,0,2,-26.0,-44.0,-32.0,-46.0
2026-05-14T15:43:36.332913,0,2,-26.0,-44.0,-32.0,-46.0
2026-05-14T15:43:37.376933,0,2,-26.0,-44.0,-32.0,-46.0
2026-05-14T15:43:38.347572,0,2,-26.0,-44.0,-32.0,-46.0
2026-05-14T15:43:39.369591,0,2,-27.0,-43.0,-30.0,-46.0
2026-05-14T15:43:40.522771,0,2,-27.0,-43.0,-30.0,-46.0
2026-05-14T15:43:41.435938,0,2,-27.0,-43.0,-30.0,-46.0
2026-05-14T15:43:42.359987,0,2,-27.0,-43.0,-30.0,-46.0
2026-05-14T15:43:43.342389,0,2,-27.0,-43.0,-30.0,-46.0
2026-05-14T15:43:44.341157,0,2,-28.0,-47.0,-31.0,-45.0
2026-05-14T15:43:45.348220,0,2,-28.0,-47.0,-31.0,-45.0
2026-05-14T15:43:46.406875,0,2,-28.0,-47.0,-31.0,-45.0
2026-05-14T15:43:47.353771,0,2,-28.0,-47.0,-31.0,-45.0
2026-05-14T15:43:48.334948,0,2,-28.0,-47.0,-31.0,-45.0
2026-05-14T15:43:49.324987,0,2,-36.0,-44.0,-31.0,-47.0
2026-05-14T15:43:50.322133,0,2,-36.0,-44.0,-31.0,-47.0
2026-05-14T15:43:51.344151,0,2,-36.0,-44.0,-31.0,-47.0
2026-05-14T15:43:52.320263,0,2,-36.0,-44.0,-31.0,-47.0
2026-05-14T15:43:53.358825,0,2,-36.0,-44.0,-31.0,-47.0
2026-05-14T15:43:54.367133,0,2,-35.0,-44.0,-30.0,-47.0
2026-05-14T15:43:55.393235,0,2,-35.0,-44.0,-30.0,-47.0
2026-05-14T15:43:56.348876,0,2,-35.0,-44.0,-30.0,-47.0
2026-05-14T15:43:57.323234,0,2,-35.0,-44.0,-30.0,-47.0
2026-05-14T15:43:58.328531,0,2,-35.0,-44.0,-30.0,-47.0
2026-05-14T15:43:59.323364,0,2,-38.0,-42.0,-31.0,-48.0
2026-05-14T15:44:00.361588,0,2,-38.0,-42.0,-31.0,-48.0
2026-05-14T15:44:01.319237,0,2,-38.0,-42.0,-31.0,-48.0
2026-05-14T15:44:02.345560,0,2,-38.0,-42.0,-31.0,-48.0
2026-05-14T15:44:03.322429,0,2,-38.0,-42.0,-31.0,-48.0
2026-05-14T15:44:04.373855,0,2,-33.0,-47.0,-27.0,-44.0
2026-05-14T15:44:05.360920,0,2,-33.0,-47.0,-27.0,-44.0
2026-05-14T15:44:06.325253,0,2,-33.0,-47.0,-27.0,-44.0
2026-05-14T15:44:07.324339,0,2,-33.0,-47.0,-27.0,-44.0
2026-05-14T15:44:08.320251,0,2,-33.0,-47.0,-27.0,-44.0
2026-05-14T15:44:09.360973,0,2,-38.0,-47.0,-27.0,-47.0
2026-05-14T15:44:10.352506,0,2,-38.0,-47.0,-27.0,-47.0
2026-05-14T15:44:11.376978,0,2,-38.0,-47.0,-27.0,-47.0
2026-05-14T15:44:12.368189,0,2,-38.0,-47.0,-27.0,-47.0
2026-05-14T15:44:13.321235,0,2,-38.0,-47.0,-27.0,-47.0
2026-05-14T15:44:14.538578,0,2,-49.0,-46.0,-27.0,-48.0
2026-05-14T15:44:15.359520,0,2,-49.0,-46.0,-27.0,-48.0
2026-05-14T15:44:16.335432,0,2,-49.0,-46.0,-27.0,-48.0
2026-05-14T15:44:17.390695,0,2,-49.0,-46.0,-27.0,-48.0
2026-05-14T15:44:29.106738,1,1,-43.0,-46.0,-41.0,-40.0
2026-05-14T15:44:30.107040,1,1,-43.0,-46.0,-41.0,-40.0
2026-05-14T15:44:31.107549,1,1,-43.0,-46.0,-41.0,-40.0
2026-05-14T15:44:32.131488,1,1,-43.0,-46.0,-41.0,-40.0
2026-05-14T15:44:33.114200,1,1,-43.0,-46.0,-41.0,-40.0
2026-05-14T15:44:34.287768,1,1,-40.0,-54.0,-44.0,-51.0
2026-05-14T15:44:35.205285,1,1,-40.0,-54.0,-44.0,-51.0
2026-05-14T15:44:36.106643,1,1,-40.0,-54.0,-44.0,-51.0
2026-05-14T15:44:37.113047,1,1,-40.0,-54.0,-44.0,-51.0
2026-05-14T15:44:38.294656,1,1,-40.0,-54.0,-44.0,-51.0
2026-05-14T15:44:39.364100,1,1,-34.0,-46.0,-43.0,-43.0
2026-05-14T15:44:40.141884,1,1,-34.0,-46.0,-43.0,-43.0
2026-05-14T15:44:41.226666,1,1,-34.0,-46.0,-43.0,-43.0
2026-05-14T15:44:42.146258,1,1,-34.0,-46.0,-43.0,-43.0
2026-05-14T15:44:43.113953,1,1,-34.0,-46.0,-43.0,-43.0
2026-05-14T15:44:44.112914,1,1,-35.0,-48.0,-41.0,-50.0
2026-05-14T15:44:45.111885,1,1,-35.0,-48.0,-41.0,-50.0
2026-05-14T15:44:46.163265,1,1,-35.0,-48.0,-41.0,-50.0
2026-05-14T15:44:47.150166,1,1,-35.0,-48.0,-41.0,-50.0
2026-05-14T15:44:48.126869,1,1,-35.0,-48.0,-41.0,-50.0
2026-05-14T15:44:49.150882,1,1,-32.0,-50.0,-41.0,-45.0
2026-05-14T15:44:50.107275,1,1,-32.0,-50.0,-41.0,-45.0
2026-05-14T15:44:51.110811,1,1,-32.0,-50.0,-41.0,-45.0
2026-05-14T15:44:52.145454,1,1,-32.0,-50.0,-41.0,-45.0
2026-05-14T15:44:53.113856,1,1,-32.0,-50.0,-41.0,-45.0
2026-05-14T15:44:54.166722,1,1,-47.0,-48.0,-43.0,-40.0
2026-05-14T15:44:55.181897,1,1,-47.0,-48.0,-43.0,-40.0
2026-05-14T15:44:56.117284,1,1,-47.0,-48.0,-43.0,-40.0
2026-05-14T15:44:57.118711,1,1,-47.0,-48.0,-43.0,-40.0
2026-05-14T15:44:58.142974,1,1,-47.0,-48.0,-43.0,-40.0
2026-05-14T15:44:59.106049,1,1,-33.0,-48.0,-45.0,-47.0
2026-05-14T15:45:00.112404,1,1,-33.0,-48.0,-45.0,-47.0
2026-05-14T15:45:01.112511,1,1,-33.0,-48.0,-45.0,-47.0
2026-05-14T15:45:02.159827,1,1,-33.0,-48.0,-45.0,-47.0
2026-05-14T15:45:03.113500,1,1,-33.0,-48.0,-45.0,-47.0
2026-05-14T15:45:04.106682,1,1,-33.0,-46.0,-50.0,-50.0
2026-05-14T15:45:05.112607,1,1,-33.0,-46.0,-50.0,-50.0
2026-05-14T15:45:06.124540,1,1,-33.0,-46.0,-50.0,-50.0
2026-05-14T15:45:07.106481,1,1,-33.0,-46.0,-50.0,-50.0
2026-05-14T15:45:08.114189,1,1,-33.0,-46.0,-50.0,-50.0
2026-05-14T15:45:09.140742,1,1,-49.0,-45.0,-45.0,-47.0
2026-05-14T15:45:10.143407,1,1,-49.0,-45.0,-45.0,-47.0
2026-05-14T15:45:11.152974,1,1,-49.0,-45.0,-45.0,-47.0
2026-05-14T15:45:12.111858,1,1,-49.0,-45.0,-45.0,-47.0
2026-05-14T15:45:13.106148,1,1,-49.0,-45.0,-45.0,-47.0
2026-05-14T15:45:14.105835,1,1,-32.0,-46.0,-44.0,-44.0
2026-05-14T15:45:15.112649,1,1,-32.0,-46.0,-44.0,-44.0
2026-05-14T15:45:16.179131,1,1,-32.0,-46.0,-44.0,-44.0
2026-05-14T15:45:17.149739,1,1,-32.0,-46.0,-44.0,-44.0
2026-05-14T15:45:18.216746,1,1,-32.0,-46.0,-44.0,-44.0
2026-05-14T15:45:19.241615,1,1,-38.0,-45.0,-42.0,-46.0
2026-05-14T15:45:20.174283,1,1,-38.0,-45.0,-42.0,-46.0
2026-05-14T15:45:21.241609,1,1,-38.0,-45.0,-42.0,-46.0
2026-05-14T15:45:22.112876,1,1,-38.0,-45.0,-42.0,-46.0
2026-05-14T15:45:23.106973,1,1,-38.0,-45.0,-42.0,-46.0
2026-05-14T15:45:24.105817,1,1,-37.0,-46.0,-47.0,-41.0
2026-05-14T15:45:25.111778,1,1,-37.0,-46.0,-47.0,-41.0
2026-05-14T15:45:26.324690,1,1,-37.0,-46.0,-47.0,-41.0
2026-05-14T15:45:27.399718,1,1,-37.0,-46.0,-47.0,-41.0
2026-05-14T15:45:28.108368,1,1,-37.0,-46.0,-47.0,-41.0
2026-05-14T15:45:29.113136,1,1,-41.0,-43.0,-45.0,-46.0
2026-05-14T15:45:30.107365,1,1,-41.0,-43.0,-45.0,-46.0
2026-05-14T15:45:31.279981,1,1,-41.0,-43.0,-45.0,-46.0
2026-05-14T15:45:32.138466,1,1,-41.0,-43.0,-45.0,-46.0
2026-05-14T15:45:33.115114,1,1,-41.0,-43.0,-45.0,-46.0
2026-05-14T15:45:34.106527,1,1,-38.0,-44.0,-47.0,-44.0
2026-05-14T15:45:35.105938,1,1,-38.0,-44.0,-47.0,-44.0
2026-05-14T15:45:36.105941,1,1,-38.0,-44.0,-47.0,-44.0
2026-05-14T15:45:37.140217,1,1,-38.0,-44.0,-47.0,-44.0
2026-05-14T15:45:38.116789,1,1,-38.0,-44.0,-47.0,-44.0
2026-05-14T15:45:39.121504,1,1,-38.0,-43.0,-45.0,-46.0
2026-05-14T15:45:40.105561,1,1,-38.0,-43.0,-45.0,-46.0
2026-05-14T15:45:41.111388,1,1,-38.0,-43.0,-45.0,-46.0
2026-05-14T15:45:42.113343,1,1,-38.0,-43.0,-45.0,-46.0
2026-05-14T15:45:43.108337,1,1,-38.0,-43.0,-45.0,-46.0
2026-05-14T15:45:44.157785,1,1,-44.0,-42.0,-46.0,-46.0
2026-05-14T15:45:45.176962,1,1,-44.0,-42.0,-46.0,-46.0
2026-05-14T15:45:46.168522,1,1,-44.0,-42.0,-46.0,-46.0
2026-05-14T15:45:47.242692,1,1,-44.0,-42.0,-46.0,-46.0
2026-05-14T15:45:48.120817,1,1,-44.0,-42.0,-46.0,-46.0
2026-05-14T15:45:49.105037,1,1,-45.0,-51.0,-46.0,-48.0
2026-05-14T15:45:50.104744,1,1,-45.0,-51.0,-46.0,-48.0
2026-05-14T15:45:51.112386,1,1,-45.0,-51.0,-46.0,-48.0
2026-05-14T15:45:52.105518,1,1,-45.0,-51.0,-46.0,-48.0
2026-05-14T15:45:53.111197,1,1,-45.0,-51.0,-46.0,-48.0
2026-05-14T15:45:54.171780,1,1,-41.0,-44.0,-45.0,-49.0
2026-05-14T15:45:55.179173,1,1,-41.0,-44.0,-45.0,-49.0
2026-05-14T15:45:56.111698,1,1,-41.0,-44.0,-45.0,-49.0
2026-05-14T15:45:57.155173,1,1,-41.0,-44.0,-45.0,-49.0
2026-05-14T15:45:58.111777,1,1,-41.0,-44.0,-45.0,-49.0
2026-05-14T15:45:59.112556,1,1,-43.0,-45.0,-46.0,-47.0
2026-05-14T15:46:00.112426,1,1,-43.0,-45.0,-46.0,-47.0
2026-05-14T15:46:01.152511,1,1,-43.0,-45.0,-46.0,-47.0
2026-05-14T15:46:02.111705,1,1,-43.0,-45.0,-46.0,-47.0
2026-05-14T15:46:03.137868,1,1,-43.0,-45.0,-46.0,-47.0
2026-05-14T15:46:04.112692,1,1,-42.0,-40.0,-42.0,-41.0
2026-05-14T15:46:05.116508,1,1,-42.0,-40.0,-42.0,-41.0
2026-05-14T15:46:06.112558,1,1,-42.0,-40.0,-42.0,-41.0
2026-05-14T15:46:07.161591,1,1,-42.0,-40.0,-42.0,-41.0
2026-05-14T15:46:08.184872,1,1,-42.0,-40.0,-42.0,-41.0
2026-05-14T15:46:09.109231,1,1,-40.0,-43.0,-40.0,-52.0
2026-05-14T15:46:10.113280,1,1,-40.0,-43.0,-40.0,-52.0
2026-05-14T15:46:11.111210,1,1,-40.0,-43.0,-40.0,-52.0
2026-05-14T15:46:12.135648,1,1,-40.0,-43.0,-40.0,-52.0
2026-05-14T15:46:13.112465,1,1,-40.0,-43.0,-40.0,-52.0
2026-05-14T15:46:14.427587,1,1,-49.0,-41.0,-43.0,-49.0
2026-05-14T15:46:15.253634,1,1,-49.0,-41.0,-43.0,-49.0
2026-05-14T15:46:16.123430,1,1,-49.0,-41.0,-43.0,-49.0
2026-05-14T15:46:17.118711,1,1,-49.0,-41.0,-43.0,-49.0
2026-05-14T15:46:18.147105,1,1,-49.0,-41.0,-43.0,-49.0
2026-05-14T15:46:19.104849,1,1,-39.0,-45.0,-43.0,-46.0
2026-05-14T15:46:20.105563,1,1,-39.0,-45.0,-43.0,-46.0
2026-05-14T15:46:21.110655,1,1,-39.0,-45.0,-43.0,-46.0
2026-05-14T15:46:22.161163,1,1,-39.0,-45.0,-43.0,-46.0
2026-05-14T15:46:23.108590,1,1,-39.0,-45.0,-43.0,-46.0
2026-05-14T15:46:24.122118,1,1,-40.0,-49.0,-47.0,-45.0
2026-05-14T15:46:25.105827,1,1,-40.0,-49.0,-47.0,-45.0
2026-05-14T15:46:26.206403,1,1,-40.0,-49.0,-47.0,-45.0
2026-05-14T15:46:27.210436,1,1,-40.0,-49.0,-47.0,-45.0
2026-05-14T15:46:28.119475,1,1,-40.0,-49.0,-47.0,-45.0
2026-05-14T15:46:34.944481,1,1,-40.0,-43.0,-46.0,-47.0
2026-05-14T15:46:35.947794,1,1,-40.0,-43.0,-46.0,-47.0
2026-05-14T15:46:37.005148,1,1,-40.0,-43.0,-46.0,-47.0
2026-05-14T15:46:37.941872,1,1,-40.0,-43.0,-46.0,-47.0
2026-05-14T15:46:38.945604,1,1,-39.0,-38.0,-47.0,-44.0
2026-05-14T15:46:40.189499,1,1,-39.0,-38.0,-47.0,-44.0
2026-05-14T15:46:41.107992,1,1,-39.0,-38.0,-47.0,-44.0
2026-05-14T15:46:41.946271,1,1,-39.0,-38.0,-47.0,-44.0
2026-05-14T15:46:42.976858,1,1,-39.0,-38.0,-47.0,-44.0
2026-05-14T15:46:43.972619,1,1,-39.0,-38.0,-46.0,-45.0
2026-05-14T15:46:44.949435,1,1,-39.0,-38.0,-46.0,-45.0
2026-05-14T15:46:45.995023,1,1,-39.0,-38.0,-46.0,-45.0
2026-05-14T15:46:47.008395,1,1,-39.0,-38.0,-46.0,-45.0
2026-05-14T15:46:47.955396,1,1,-39.0,-38.0,-46.0,-45.0
2026-05-14T15:46:48.948384,1,1,-38.0,-43.0,-49.0,-41.0
2026-05-14T15:46:49.980628,1,1,-38.0,-43.0,-49.0,-41.0
2026-05-14T15:46:50.992379,1,1,-38.0,-43.0,-49.0,-41.0
2026-05-14T15:46:52.165968,1,1,-38.0,-43.0,-49.0,-41.0
2026-05-14T15:46:53.348817,1,1,-38.0,-43.0,-49.0,-41.0
2026-05-14T15:46:53.941761,1,1,-36.0,-42.0,-47.0,-50.0
2026-05-14T15:46:54.947486,1,1,-36.0,-42.0,-47.0,-50.0
2026-05-14T15:46:56.125436,1,1,-36.0,-42.0,-47.0,-50.0
2026-05-14T15:46:57.048695,1,1,-36.0,-42.0,-47.0,-50.0
2026-05-14T15:46:58.023280,1,1,-36.0,-42.0,-47.0,-50.0
2026-05-14T15:46:58.942440,1,1,-37.0,-44.0,-47.0,-46.0
2026-05-14T15:47:00.019210,1,1,-37.0,-44.0,-47.0,-46.0
2026-05-14T15:47:01.049084,1,1,-37.0,-44.0,-47.0,-46.0
2026-05-14T15:47:02.014717,1,1,-37.0,-44.0,-47.0,-46.0
2026-05-14T15:47:02.975725,1,1,-37.0,-44.0,-47.0,-46.0
2026-05-14T15:47:03.942477,1,1,-39.0,-45.0,-50.0,-40.0
2026-05-14T15:47:04.972351,1,1,-39.0,-45.0,-50.0,-40.0
2026-05-14T15:47:05.949018,1,1,-39.0,-45.0,-50.0,-40.0
2026-05-14T15:47:06.943204,1,1,-39.0,-45.0,-50.0,-40.0
2026-05-14T15:47:07.958116,1,1,-39.0,-45.0,-50.0,-40.0
2026-05-14T15:47:08.997634,1,1,-33.0,-45.0,-46.0,-39.0
2026-05-14T15:47:09.949213,1,1,-33.0,-45.0,-46.0,-39.0
2026-05-14T15:47:10.965648,1,1,-33.0,-45.0,-46.0,-39.0
2026-05-14T15:47:11.946840,1,1,-33.0,-45.0,-46.0,-39.0
2026-05-14T15:47:12.949385,1,1,-33.0,-45.0,-46.0,-39.0
2026-05-14T15:47:14.148394,1,1,-38.0,-41.0,-45.0,-40.0
2026-05-14T15:47:15.165412,1,1,-38.0,-41.0,-45.0,-40.0
2026-05-14T15:47:15.941922,1,1,-38.0,-41.0,-45.0,-40.0
2026-05-14T15:47:17.152861,1,1,-38.0,-41.0,-45.0,-40.0
2026-05-14T15:47:18.075487,1,1,-38.0,-41.0,-45.0,-40.0
2026-05-14T15:47:19.160199,1,1,-38.0,-39.0,-49.0,-45.0
2026-05-14T15:47:20.001392,1,1,-38.0,-39.0,-49.0,-45.0
2026-05-14T15:47:21.050366,1,1,-38.0,-39.0,-49.0,-45.0
2026-05-14T15:47:21.988056,1,1,-38.0,-39.0,-49.0,-45.0
2026-05-14T15:47:22.941429,1,1,-38.0,-39.0,-49.0,-45.0
2026-05-14T15:47:23.966226,1,1,-43.0,-39.0,-58.0,-40.0
2026-05-14T15:47:24.942211,1,1,-43.0,-39.0,-58.0,-40.0
2026-05-14T15:47:26.031567,1,1,-43.0,-39.0,-58.0,-40.0
2026-05-14T15:47:27.048896,1,1,-43.0,-39.0,-58.0,-40.0
2026-05-14T15:47:27.986746,1,1,-43.0,-39.0,-58.0,-40.0
2026-05-14T15:47:28.965974,1,1,-39.0,-39.0,-51.0,-48.0
2026-05-14T15:47:30.142052,1,1,-39.0,-39.0,-51.0,-48.0
2026-05-14T15:47:31.051065,1,1,-39.0,-39.0,-51.0,-48.0
2026-05-14T15:47:31.996797,1,1,-39.0,-39.0,-51.0,-48.0
2026-05-14T15:47:32.942147,1,1,-39.0,-39.0,-51.0,-48.0
2026-05-14T15:47:34.013700,1,1,-47.0,-38.0,-50.0,-41.0
2026-05-14T15:47:35.228107,1,1,-47.0,-38.0,-50.0,-41.0
2026-05-14T15:47:35.941350,1,1,-47.0,-38.0,-50.0,-41.0
2026-05-14T15:47:36.941348,1,1,-47.0,-38.0,-50.0,-41.0
2026-05-14T15:47:37.945961,1,1,-47.0,-38.0,-50.0,-41.0
2026-05-14T15:47:38.969698,1,1,-41.0,-48.0,-46.0,-45.0
2026-05-14T15:47:39.998205,1,1,-41.0,-48.0,-46.0,-45.0
2026-05-14T15:47:41.003716,1,1,-41.0,-48.0,-46.0,-45.0
2026-05-14T15:47:42.103638,1,1,-41.0,-48.0,-46.0,-45.0
2026-05-14T15:47:43.360895,1,1,-41.0,-48.0,-46.0,-45.0
2026-05-14T15:47:43.954020,1,1,-32.0,-43.0,-46.0,-44.0
2026-05-14T15:47:44.945153,1,1,-32.0,-43.0,-46.0,-44.0
2026-05-14T15:47:46.036798,1,1,-32.0,-43.0,-46.0,-44.0
2026-05-14T15:47:47.018513,1,1,-32.0,-43.0,-46.0,-44.0
2026-05-14T15:47:48.074002,1,1,-32.0,-43.0,-46.0,-44.0
2026-05-14T15:47:49.168355,1,1,-41.0,-44.0,-50.0,-51.0
2026-05-14T15:47:49.942208,1,1,-41.0,-44.0,-50.0,-51.0
2026-05-14T15:47:50.984899,1,1,-41.0,-44.0,-50.0,-51.0
2026-05-14T15:47:51.990464,1,1,-41.0,-44.0,-50.0,-51.0
2026-05-14T15:47:52.946439,1,1,-41.0,-44.0,-50.0,-51.0
2026-05-14T15:47:53.989538,1,1,-41.0,-48.0,-48.0,-44.0
2026-05-14T15:47:55.010353,1,1,-41.0,-48.0,-48.0,-44.0
2026-05-14T15:47:55.945989,1,1,-41.0,-48.0,-48.0,-44.0
2026-05-14T15:47:57.018164,1,1,-41.0,-48.0,-48.0,-44.0
2026-05-14T15:47:57.948648,1,1,-41.0,-48.0,-48.0,-44.0
2026-05-14T15:47:58.981979,1,1,-35.0,-47.0,-43.0,-47.0
2026-05-14T15:48:00.079392,1,1,-35.0,-47.0,-43.0,-47.0
2026-05-14T15:48:01.011927,1,1,-35.0,-47.0,-43.0,-47.0
2026-05-14T15:48:02.000573,1,1,-35.0,-47.0,-43.0,-47.0
2026-05-14T15:48:02.946979,1,1,-35.0,-47.0,-43.0,-47.0
2026-05-14T15:48:03.944720,1,1,-31.0,-45.0,-46.0,-46.0
2026-05-14T15:48:04.946829,1,1,-31.0,-45.0,-46.0,-46.0
2026-05-14T15:48:06.061944,1,1,-31.0,-45.0,-46.0,-46.0
2026-05-14T15:48:07.018481,1,1,-31.0,-45.0,-46.0,-46.0
2026-05-14T15:48:08.008444,1,1,-31.0,-45.0,-46.0,-46.0
2026-05-14T15:48:09.133023,1,1,-36.0,-45.0,-46.0,-43.0
2026-05-14T15:48:09.947409,1,1,-36.0,-45.0,-46.0,-43.0
2026-05-14T15:48:10.946692,1,1,-36.0,-45.0,-46.0,-43.0
2026-05-14T15:48:11.946470,1,1,-36.0,-45.0,-46.0,-43.0
2026-05-14T15:48:12.947662,1,1,-36.0,-45.0,-46.0,-43.0
2026-05-14T15:48:13.941413,1,1,-33.0,-43.0,-49.0,-50.0
2026-05-14T15:48:14.996929,1,1,-33.0,-43.0,-49.0,-50.0
2026-05-14T15:48:15.996693,1,1,-33.0,-43.0,-49.0,-50.0
2026-05-14T15:48:17.122856,1,1,-33.0,-43.0,-49.0,-50.0
2026-05-14T15:48:17.939763,1,1,-33.0,-43.0,-49.0,-50.0
2026-05-14T15:48:18.941690,1,1,-35.0,-47.0,-44.0,-51.0
2026-05-14T15:48:20.090685,1,1,-35.0,-47.0,-44.0,-51.0
2026-05-14T15:48:21.012246,1,1,-35.0,-47.0,-44.0,-51.0
2026-05-14T15:48:22.005637,1,1,-35.0,-47.0,-44.0,-51.0
2026-05-14T15:48:22.946397,1,1,-35.0,-47.0,-44.0,-51.0
2026-05-14T15:48:23.997530,1,1,-31.0,-47.0,-45.0,-46.0
2026-05-14T15:48:25.107918,1,1,-31.0,-47.0,-45.0,-46.0
2026-05-14T15:48:26.034078,1,1,-31.0,-47.0,-45.0,-46.0
2026-05-14T15:48:27.063034,1,1,-31.0,-47.0,-45.0,-46.0
2026-05-14T15:48:27.987022,1,1,-31.0,-47.0,-45.0,-46.0
2026-05-14T15:48:28.974825,1,1,-30.0,-42.0,-45.0,-50.0
2026-05-14T15:48:30.125069,1,1,-30.0,-42.0,-45.0,-50.0
2026-05-14T15:48:31.050997,1,1,-30.0,-42.0,-45.0,-50.0
2026-05-14T15:48:31.946501,1,1,-30.0,-42.0,-45.0,-50.0
2026-05-14T15:48:32.944298,1,1,-30.0,-42.0,-45.0,-50.0
2026-05-14T15:48:34.120454,1,1,-31.0,-47.0,-45.0,-53.0
2026-05-14T15:48:41.494644,1,0,-33.0,-45.0,-46.0,-47.0
2026-05-14T15:48:42.476873,1,0,-33.0,-45.0,-46.0,-47.0
2026-05-14T15:48:43.467659,1,0,-33.0,-45.0,-46.0,-47.0
2026-05-14T15:48:44.520535,1,0,-42.0,-37.0,-43.0,-38.0
2026-05-14T15:48:45.463394,1,0,-42.0,-37.0,-43.0,-38.0
2026-05-14T15:48:46.519013,1,0,-42.0,-37.0,-43.0,-38.0
2026-05-14T15:48:47.569375,1,0,-42.0,-37.0,-43.0,-38.0
2026-05-14T15:48:48.742796,1,0,-42.0,-37.0,-43.0,-38.0
2026-05-14T15:48:49.687480,1,0,-37.0,-48.0,-51.0,-44.0
2026-05-14T15:48:50.555503,1,0,-37.0,-48.0,-51.0,-44.0
2026-05-14T15:48:51.565206,1,0,-37.0,-48.0,-51.0,-44.0
2026-05-14T15:48:52.528165,1,0,-37.0,-48.0,-51.0,-44.0
2026-05-14T15:48:53.482701,1,0,-37.0,-48.0,-51.0,-44.0
2026-05-14T15:48:54.482805,1,0,-37.0,-44.0,-51.0,-44.0
2026-05-14T15:48:55.511703,1,0,-37.0,-44.0,-51.0,-44.0
2026-05-14T15:48:56.476373,1,0,-37.0,-44.0,-51.0,-44.0
2026-05-14T15:48:57.783831,1,0,-37.0,-44.0,-51.0,-44.0
2026-05-14T15:48:58.538037,1,0,-37.0,-44.0,-51.0,-44.0
2026-05-14T15:48:59.510568,1,0,-41.0,-45.0,-51.0,-40.0
2026-05-14T15:49:00.513645,1,0,-41.0,-45.0,-51.0,-40.0
2026-05-14T15:49:01.467148,1,0,-41.0,-45.0,-51.0,-40.0
2026-05-14T15:49:02.636164,1,0,-41.0,-45.0,-51.0,-40.0
2026-05-14T15:49:03.479664,1,0,-41.0,-45.0,-51.0,-40.0
2026-05-14T15:49:04.556831,1,0,-38.0,-45.0,-56.0,-44.0
2026-05-14T15:49:05.632882,1,0,-38.0,-45.0,-56.0,-44.0
2026-05-14T15:49:07.002270,1,0,-38.0,-45.0,-56.0,-44.0
2026-05-14T15:49:07.462352,1,0,-38.0,-45.0,-56.0,-44.0
2026-05-14T15:49:08.466590,1,0,-38.0,-45.0,-56.0,-44.0
2026-05-14T15:49:09.461019,1,0,-38.0,-44.0,-53.0,-41.0
2026-05-14T15:49:10.462184,1,0,-38.0,-44.0,-53.0,-41.0
2026-05-14T15:49:11.506576,1,0,-38.0,-44.0,-53.0,-41.0
2026-05-14T15:49:12.570464,1,0,-38.0,-44.0,-53.0,-41.0
2026-05-14T15:49:13.501363,1,0,-38.0,-44.0,-53.0,-41.0
2026-05-14T15:49:14.530583,1,0,-38.0,-46.0,-51.0,-44.0
2026-05-14T15:49:15.693079,1,0,-38.0,-46.0,-51.0,-44.0
2026-05-14T15:49:16.621435,1,0,-38.0,-46.0,-51.0,-44.0
2026-05-14T15:49:17.540388,1,0,-38.0,-46.0,-51.0,-44.0
2026-05-14T15:49:18.484470,1,0,-38.0,-46.0,-51.0,-44.0
2026-05-14T15:49:19.503383,1,0,-38.0,-45.0,-55.0,-39.0
2026-05-14T15:49:20.608041,1,0,-38.0,-45.0,-55.0,-39.0
2026-05-14T15:49:21.535042,1,0,-38.0,-45.0,-55.0,-39.0
2026-05-14T15:49:22.472321,1,0,-38.0,-45.0,-55.0,-39.0
2026-05-14T15:49:23.691943,1,0,-38.0,-45.0,-55.0,-39.0
2026-05-14T15:49:24.503527,1,0,-38.0,-49.0,-55.0,-42.0
2026-05-14T15:49:25.525835,1,0,-38.0,-49.0,-55.0,-42.0
2026-05-14T15:49:26.616059,1,0,-38.0,-49.0,-55.0,-42.0
2026-05-14T15:49:27.632517,1,0,-38.0,-49.0,-55.0,-42.0
2026-05-14T15:49:28.615888,1,0,-38.0,-49.0,-55.0,-42.0
2026-05-14T15:49:29.560131,1,0,-38.0,-45.0,-54.0,-39.0
2026-05-14T15:49:30.892172,1,0,-38.0,-45.0,-54.0,-39.0
2026-05-14T15:49:31.465552,1,0,-38.0,-45.0,-54.0,-39.0
2026-05-14T15:49:32.494167,1,0,-38.0,-45.0,-54.0,-39.0
2026-05-14T15:49:33.475137,1,0,-38.0,-45.0,-54.0,-39.0
2026-05-14T15:49:34.467153,1,0,-40.0,-45.0,-54.0,-42.0
2026-05-14T15:49:35.572776,1,0,-40.0,-45.0,-54.0,-42.0
2026-05-14T15:49:36.603885,1,0,-40.0,-45.0,-54.0,-42.0
2026-05-14T15:49:37.509462,1,0,-40.0,-45.0,-54.0,-42.0
2026-05-14T15:49:38.470717,1,0,-40.0,-45.0,-54.0,-42.0
2026-05-14T15:49:39.461624,1,0,-40.0,-45.0,-53.0,-43.0
2026-05-14T15:49:40.516231,1,0,-40.0,-45.0,-53.0,-43.0
2026-05-14T15:49:41.472147,1,0,-40.0,-45.0,-53.0,-43.0
2026-05-14T15:49:42.503820,1,0,-40.0,-45.0,-53.0,-43.0
2026-05-14T15:49:43.531336,1,0,-40.0,-45.0,-53.0,-43.0
2026-05-14T15:49:45.626114,1,0,-39.0,-45.0,-55.0,-42.0
2026-05-14T15:49:45.631218,1,0,-39.0,-45.0,-55.0,-42.0
2026-05-14T15:49:46.518026,1,0,-39.0,-45.0,-55.0,-42.0
2026-05-14T15:49:47.522859,1,0,-39.0,-45.0,-55.0,-42.0
2026-05-14T15:49:48.496668,1,0,-39.0,-45.0,-55.0,-42.0
2026-05-14T15:49:49.731526,1,0,-38.0,-45.0,-56.0,-42.0
2026-05-14T15:49:50.640900,1,0,-38.0,-45.0,-56.0,-42.0
2026-05-14T15:49:51.530739,1,0,-38.0,-45.0,-56.0,-42.0
2026-05-14T15:49:52.468358,1,0,-38.0,-45.0,-56.0,-42.0
2026-05-14T15:49:53.462020,1,0,-38.0,-45.0,-56.0,-42.0
2026-05-14T15:49:54.512682,1,0,-39.0,-46.0,-56.0,-42.0
2026-05-14T15:49:55.527556,1,0,-39.0,-46.0,-56.0,-42.0
2026-05-14T15:49:56.714650,1,0,-39.0,-46.0,-56.0,-42.0
2026-05-14T15:49:57.466393,1,0,-39.0,-46.0,-56.0,-42.0
2026-05-14T15:49:58.682503,1,0,-39.0,-46.0,-56.0,-42.0
2026-05-14T15:49:59.517873,1,0,-39.0,-45.0,-56.0,-39.0
2026-05-14T15:50:00.524374,1,0,-39.0,-45.0,-56.0,-39.0
2026-05-14T15:50:01.707344,1,0,-39.0,-45.0,-56.0,-39.0
2026-05-14T15:50:02.535162,1,0,-39.0,-45.0,-56.0,-39.0
2026-05-14T15:50:03.461422,1,0,-39.0,-45.0,-56.0,-39.0
2026-05-14T15:50:04.519268,1,0,-38.0,-46.0,-55.0,-39.0
2026-05-14T15:50:05.482354,1,0,-38.0,-46.0,-55.0,-39.0
2026-05-14T15:50:06.518470,1,0,-38.0,-46.0,-55.0,-39.0
2026-05-14T15:50:07.534822,1,0,-38.0,-46.0,-55.0,-39.0
2026-05-14T15:50:08.463399,1,0,-38.0,-46.0,-55.0,-39.0
2026-05-14T15:50:09.494215,1,0,-39.0,-45.0,-55.0,-42.0
2026-05-14T15:50:10.691899,1,0,-39.0,-45.0,-55.0,-42.0
2026-05-14T15:50:11.526679,1,0,-39.0,-45.0,-55.0,-42.0
2026-05-14T15:50:12.644827,1,0,-39.0,-45.0,-55.0,-42.0
2026-05-14T15:50:13.462683,1,0,-39.0,-45.0,-55.0,-42.0
2026-05-14T15:50:14.515619,1,0,-39.0,-44.0,-55.0,-42.0
2026-05-14T15:50:15.466692,1,0,-39.0,-44.0,-55.0,-42.0
2026-05-14T15:50:16.471000,1,0,-39.0,-44.0,-55.0,-42.0
2026-05-14T15:50:17.681083,1,0,-39.0,-44.0,-55.0,-42.0
2026-05-14T15:50:18.566517,1,0,-39.0,-44.0,-55.0,-42.0
2026-05-14T15:50:19.613085,1,0,-38.0,-46.0,-53.0,-41.0
2026-05-14T15:50:20.803470,1,0,-38.0,-46.0,-53.0,-41.0
2026-05-14T15:50:21.512642,1,0,-38.0,-46.0,-53.0,-41.0
2026-05-14T15:50:22.465842,1,0,-38.0,-46.0,-53.0,-41.0
2026-05-14T15:50:23.591157,1,0,-38.0,-46.0,-53.0,-41.0
2026-05-14T15:50:24.630781,1,0,-39.0,-43.0,-51.0,-44.0
2026-05-14T15:50:25.462171,1,0,-39.0,-43.0,-51.0,-44.0
2026-05-14T15:50:26.507123,1,0,-39.0,-43.0,-51.0,-44.0
2026-05-14T15:50:27.470104,1,0,-39.0,-43.0,-51.0,-44.0
2026-05-14T15:50:28.466851,1,0,-39.0,-43.0,-51.0,-44.0
2026-05-14T15:50:29.466954,1,0,-39.0,-46.0,-54.0,-42.0
2026-05-14T15:50:30.466005,1,0,-39.0,-46.0,-54.0,-42.0
2026-05-14T15:50:31.467244,1,0,-39.0,-46.0,-54.0,-42.0
2026-05-14T15:50:32.465411,1,0,-39.0,-46.0,-54.0,-42.0
2026-05-14T15:50:33.468421,1,0,-39.0,-46.0,-54.0,-42.0
2026-05-14T15:50:34.510058,1,0,-39.0,-44.0,-53.0,-44.0
2026-05-14T15:50:35.465207,1,0,-39.0,-44.0,-53.0,-44.0
2026-05-14T15:50:36.465594,1,0,-39.0,-44.0,-53.0,-44.0
2026-05-14T15:50:37.528467,1,0,-39.0,-44.0,-53.0,-44.0
2026-05-14T15:50:38.463674,1,0,-39.0,-44.0,-53.0,-44.0
2026-05-14T15:50:39.478774,1,0,-40.0,-45.0,-52.0,-44.0
2026-05-14T15:50:40.504575,1,0,-40.0,-45.0,-52.0,-44.0
2026-05-14T15:51:03.972769,1,0,-36.0,-44.0,-49.0,-43.0
2026-05-14T15:51:04.932994,1,0,-36.0,-44.0,-49.0,-43.0
2026-05-14T15:51:05.959479,1,0,-36.0,-44.0,-49.0,-43.0
2026-05-14T15:51:06.925787,1,0,-36.0,-44.0,-49.0,-43.0
2026-05-14T15:51:08.339557,1,0,-36.0,-44.0,-49.0,-43.0
2026-05-14T15:51:08.933425,1,0,-37.0,-44.0,-48.0,-44.0
2026-05-14T15:51:09.973804,1,0,-37.0,-44.0,-48.0,-44.0
2026-05-14T15:51:11.034411,1,0,-37.0,-44.0,-48.0,-44.0
2026-05-14T15:51:11.922847,1,0,-37.0,-44.0,-48.0,-44.0
2026-05-14T15:51:12.930555,1,0,-37.0,-44.0,-48.0,-44.0
2026-05-14T15:51:14.279282,1,0,-38.0,-46.0,-49.0,-42.0
2026-05-14T15:51:15.101245,1,0,-38.0,-46.0,-49.0,-42.0
2026-05-14T15:51:16.049003,1,0,-38.0,-46.0,-49.0,-42.0
2026-05-14T15:51:17.039311,1,0,-38.0,-46.0,-49.0,-42.0
2026-05-14T15:51:18.084446,1,0,-38.0,-46.0,-49.0,-42.0
2026-05-14T15:51:18.993752,1,0,-40.0,-45.0,-49.0,-41.0
2026-05-14T15:51:20.013401,1,0,-40.0,-45.0,-49.0,-41.0
2026-05-14T15:51:21.035138,1,0,-40.0,-45.0,-49.0,-41.0
2026-05-14T15:51:21.924751,1,0,-40.0,-45.0,-49.0,-41.0
2026-05-14T15:51:22.990018,1,0,-40.0,-45.0,-49.0,-41.0
2026-05-14T15:51:23.973323,1,0,-39.0,-44.0,-49.0,-44.0
2026-05-14T15:51:24.918414,1,0,-39.0,-44.0,-49.0,-44.0
2026-05-14T15:51:26.053117,1,0,-39.0,-44.0,-49.0,-44.0
2026-05-14T15:51:27.081493,1,0,-39.0,-44.0,-49.0,-44.0
2026-05-14T15:51:27.990782,1,0,-39.0,-44.0,-49.0,-44.0
2026-05-14T15:51:29.129098,1,0,-39.0,-44.0,-51.0,-44.0
2026-05-14T15:51:30.065642,1,0,-39.0,-44.0,-51.0,-44.0
2026-05-14T15:51:31.071125,1,0,-39.0,-44.0,-51.0,-44.0
2026-05-14T15:51:31.927004,1,0,-39.0,-44.0,-51.0,-44.0
2026-05-14T15:51:32.952548,1,0,-39.0,-44.0,-51.0,-44.0
2026-05-14T15:51:34.138311,1,0,-39.0,-44.0,-50.0,-41.0
2026-05-14T15:51:35.143021,1,0,-39.0,-44.0,-50.0,-41.0
2026-05-14T15:51:36.120122,1,0,-39.0,-44.0,-50.0,-41.0
2026-05-14T15:51:37.357170,1,0,-39.0,-44.0,-50.0,-41.0
2026-05-14T15:51:37.985942,1,0,-39.0,-44.0,-50.0,-41.0
2026-05-14T15:51:38.929173,1,0,-39.0,-44.0,-49.0,-41.0
2026-05-14T15:51:40.080313,1,0,-39.0,-44.0,-49.0,-41.0
2026-05-14T15:51:41.040154,1,0,-39.0,-44.0,-49.0,-41.0
2026-05-14T15:51:41.988158,1,0,-39.0,-44.0,-49.0,-41.0
2026-05-14T15:51:42.917442,1,0,-39.0,-44.0,-49.0,-41.0
2026-05-14T15:51:44.277718,1,0,-40.0,-44.0,-50.0,-42.0
2026-05-14T15:51:45.106374,1,0,-40.0,-44.0,-50.0,-42.0
2026-05-14T15:51:46.024650,1,0,-40.0,-44.0,-50.0,-42.0
2026-05-14T15:51:47.039391,1,0,-40.0,-44.0,-50.0,-42.0
2026-05-14T15:51:47.968148,1,0,-40.0,-44.0,-50.0,-42.0
2026-05-14T15:51:49.097618,1,0,-40.0,-44.0,-50.0,-44.0
2026-05-14T15:51:50.016498,1,0,-40.0,-44.0,-50.0,-44.0
2026-05-14T15:51:51.069648,1,0,-40.0,-44.0,-50.0,-44.0
2026-05-14T15:51:51.923894,1,0,-40.0,-44.0,-50.0,-44.0
2026-05-14T15:51:52.924084,1,0,-40.0,-44.0,-50.0,-44.0
2026-05-14T15:51:54.105861,1,0,-40.0,-45.0,-50.0,-45.0
2026-05-14T15:51:55.128646,1,0,-40.0,-45.0,-50.0,-45.0
2026-05-14T15:51:55.931575,1,0,-40.0,-45.0,-50.0,-45.0
2026-05-14T15:51:57.181317,1,0,-40.0,-45.0,-50.0,-45.0
2026-05-14T15:51:57.924408,1,0,-40.0,-45.0,-50.0,-45.0
2026-05-14T15:51:58.924063,1,0,-39.0,-48.0,-50.0,-44.0
2026-05-14T15:52:00.071440,1,0,-39.0,-48.0,-50.0,-44.0
2026-05-14T15:52:01.070918,1,0,-39.0,-48.0,-50.0,-44.0
2026-05-14T15:52:01.924220,1,0,-39.0,-48.0,-50.0,-44.0
2026-05-14T15:52:03.019596,1,0,-39.0,-48.0,-50.0,-44.0
2026-05-14T15:52:03.923870,1,0,-39.0,-48.0,-50.0,-42.0
2026-05-14T15:52:04.966380,1,0,-39.0,-48.0,-50.0,-42.0
2026-05-14T15:52:05.987423,1,0,-39.0,-48.0,-50.0,-42.0
2026-05-14T15:52:07.211578,1,0,-39.0,-48.0,-50.0,-42.0
2026-05-14T15:52:07.923955,1,0,-39.0,-48.0,-50.0,-42.0
2026-05-14T15:52:08.931912,1,0,-39.0,-44.0,-50.0,-46.0
2026-05-14T15:52:10.104303,1,0,-39.0,-44.0,-50.0,-46.0
2026-05-14T15:52:11.008595,1,0,-39.0,-44.0,-50.0,-46.0
2026-05-14T15:52:12.126418,1,0,-39.0,-44.0,-50.0,-46.0
2026-05-14T15:52:13.086048,1,0,-39.0,-44.0,-50.0,-46.0
2026-05-14T15:52:13.994536,1,0,-39.0,-44.0,-49.0,-46.0
2026-05-14T15:52:14.999572,1,0,-39.0,-44.0,-49.0,-46.0
2026-05-14T15:52:16.018127,1,0,-39.0,-44.0,-49.0,-46.0
2026-05-14T15:52:17.247609,1,0,-39.0,-44.0,-49.0,-46.0
2026-05-14T15:52:17.990224,1,0,-39.0,-44.0,-49.0,-46.0
2026-05-14T15:52:18.932500,1,0,-39.0,-44.0,-49.0,-45.0
2026-05-14T15:52:19.962447,1,0,-39.0,-44.0,-49.0,-45.0
2026-05-14T15:52:20.958800,1,0,-39.0,-44.0,-49.0,-45.0
2026-05-14T15:52:21.923010,1,0,-39.0,-44.0,-49.0,-45.0
2026-05-14T15:52:23.319422,1,0,-39.0,-44.0,-49.0,-45.0
2026-05-14T15:52:24.016192,1,0,-39.0,-44.0,-50.0,-43.0
2026-05-14T15:52:25.112279,1,0,-39.0,-44.0,-50.0,-43.0
2026-05-14T15:52:25.964308,1,0,-39.0,-44.0,-50.0,-43.0
2026-05-14T15:52:27.186264,1,0,-39.0,-44.0,-50.0,-43.0
2026-05-14T15:52:27.933023,1,0,-39.0,-44.0,-50.0,-43.0
2026-05-14T15:52:28.917560,1,0,-39.0,-45.0,-49.0,-45.0
2026-05-14T15:52:29.924558,1,0,-39.0,-45.0,-49.0,-45.0
2026-05-14T15:52:31.110053,1,0,-39.0,-45.0,-49.0,-45.0
2026-05-14T15:52:32.027944,1,0,-39.0,-45.0,-49.0,-45.0
2026-05-14T15:52:33.041023,1,0,-39.0,-45.0,-49.0,-45.0
2026-05-14T15:52:33.922563,1,0,-40.0,-44.0,-50.0,-45.0
2026-05-14T15:52:34.963869,1,0,-40.0,-44.0,-50.0,-45.0
2026-05-14T15:52:36.194883,1,0,-40.0,-44.0,-50.0,-45.0
2026-05-14T15:52:37.340268,1,0,-40.0,-44.0,-50.0,-45.0
2026-05-14T15:52:38.042603,1,0,-40.0,-44.0,-50.0,-45.0
2026-05-14T15:52:38.941728,1,0,-40.0,-45.0,-51.0,-44.0
2026-05-14T15:52:39.966611,1,0,-40.0,-45.0,-51.0,-44.0
2026-05-14T15:52:40.929573,1,0,-40.0,-45.0,-51.0,-44.0
2026-05-14T15:52:41.993242,1,0,-40.0,-45.0,-51.0,-44.0
2026-05-14T15:52:42.919651,1,0,-40.0,-45.0,-51.0,-44.0
2026-05-14T15:52:44.082352,1,0,-38.0,-49.0,-49.0,-42.0
2026-05-14T15:52:45.114177,1,0,-38.0,-49.0,-49.0,-42.0
2026-05-14T15:52:46.057779,1,0,-38.0,-49.0,-49.0,-42.0
2026-05-14T15:52:47.050896,1,0,-38.0,-49.0,-49.0,-42.0
2026-05-14T15:52:47.973800,1,0,-38.0,-49.0,-49.0,-42.0
2026-05-14T15:52:48.998173,1,0,-39.0,-48.0,-50.0,-45.0
2026-05-14T15:52:49.943114,1,0,-39.0,-48.0,-50.0,-45.0
2026-05-14T15:52:50.966541,1,0,-39.0,-48.0,-50.0,-45.0
2026-05-14T15:52:52.043714,1,0,-39.0,-48.0,-50.0,-45.0
2026-05-14T15:52:52.996349,1,0,-39.0,-48.0,-50.0,-45.0
2026-05-14T15:52:54.115380,1,0,-39.0,-45.0,-50.0,-41.0
2026-05-14T15:52:54.924364,1,0,-39.0,-45.0,-50.0,-41.0
2026-05-14T15:52:55.965760,1,0,-39.0,-45.0,-50.0,-41.0
2026-05-14T15:52:56.985254,1,0,-39.0,-45.0,-50.0,-41.0
2026-05-14T15:52:57.926497,1,0,-39.0,-45.0,-50.0,-41.0
2026-05-14T15:52:58.978807,1,0,-40.0,-45.0,-50.0,-43.0
2026-05-14T15:52:59.924413,1,0,-40.0,-45.0,-50.0,-43.0
2026-05-14T15:53:01.000046,1,0,-40.0,-45.0,-50.0,-43.0
2026-05-14T15:53:01.973717,1,0,-40.0,-45.0,-50.0,-43.0
2026-05-14T15:53:02.927084,1,0,-40.0,-45.0,-50.0,-43.0
2026-05-14T15:53:17.309679,1,2,-35.0,-53.0,-57.0,-43.0
2026-05-14T15:53:18.380897,1,2,-35.0,-53.0,-57.0,-43.0
2026-05-14T15:53:19.425696,1,2,-36.0,-41.0,-51.0,-51.0
2026-05-14T15:53:20.300827,1,2,-36.0,-41.0,-51.0,-51.0
2026-05-14T15:53:21.320389,1,2,-36.0,-41.0,-51.0,-51.0
2026-05-14T15:53:22.406753,1,2,-36.0,-41.0,-51.0,-51.0
2026-05-14T15:53:23.322229,1,2,-36.0,-41.0,-51.0,-51.0
2026-05-14T15:53:24.307588,1,2,-42.0,-45.0,-51.0,-45.0
2026-05-14T15:53:25.295380,1,2,-42.0,-45.0,-51.0,-45.0
2026-05-14T15:53:26.284502,1,2,-42.0,-45.0,-51.0,-45.0
2026-05-14T15:53:27.289317,1,2,-42.0,-45.0,-51.0,-45.0
2026-05-14T15:53:28.419464,1,2,-42.0,-45.0,-51.0,-45.0
2026-05-14T15:53:29.409911,1,2,-39.0,-44.0,-48.0,-46.0
2026-05-14T15:53:30.297919,1,2,-39.0,-44.0,-48.0,-46.0
2026-05-14T15:53:31.295829,1,2,-39.0,-44.0,-48.0,-46.0
2026-05-14T15:53:32.296145,1,2,-39.0,-44.0,-48.0,-46.0
2026-05-14T15:53:33.311586,1,2,-39.0,-44.0,-48.0,-46.0
2026-05-14T15:53:34.404502,1,2,-39.0,-48.0,-48.0,-46.0
2026-05-14T15:53:35.439863,1,2,-39.0,-48.0,-48.0,-46.0
2026-05-14T15:53:36.275010,1,2,-39.0,-48.0,-48.0,-46.0
2026-05-14T15:53:37.331640,1,2,-39.0,-48.0,-48.0,-46.0
2026-05-14T15:53:38.350159,1,2,-39.0,-48.0,-48.0,-46.0
2026-05-14T15:53:39.393910,1,2,-38.0,-43.0,-47.0,-47.0
2026-05-14T15:53:40.295906,1,2,-38.0,-43.0,-47.0,-47.0
2026-05-14T15:53:41.280630,1,2,-38.0,-43.0,-47.0,-47.0
2026-05-14T15:53:42.292125,1,2,-38.0,-43.0,-47.0,-47.0
2026-05-14T15:53:43.282157,1,2,-38.0,-43.0,-47.0,-47.0
2026-05-14T15:53:44.492066,1,2,-39.0,-42.0,-48.0,-46.0
2026-05-14T15:53:45.333146,1,2,-39.0,-42.0,-48.0,-46.0
2026-05-14T15:53:46.327639,1,2,-39.0,-42.0,-48.0,-46.0
2026-05-14T15:53:47.319436,1,2,-39.0,-42.0,-48.0,-46.0
2026-05-14T15:53:48.289716,1,2,-39.0,-42.0,-48.0,-46.0
2026-05-14T15:53:49.280087,1,2,-39.0,-43.0,-48.0,-47.0
2026-05-14T15:53:50.547421,1,2,-39.0,-43.0,-48.0,-47.0
2026-05-14T15:53:51.356816,1,2,-39.0,-43.0,-48.0,-47.0
2026-05-14T15:53:52.433567,1,2,-39.0,-43.0,-48.0,-47.0
2026-05-14T15:53:53.295323,1,2,-39.0,-43.0,-48.0,-47.0
2026-05-14T15:53:54.324079,1,2,-39.0,-43.0,-49.0,-48.0
2026-05-14T15:53:55.346695,1,2,-39.0,-43.0,-49.0,-48.0
2026-05-14T15:53:56.574702,1,2,-39.0,-43.0,-49.0,-48.0
2026-05-14T15:53:57.427782,1,2,-39.0,-43.0,-49.0,-48.0
2026-05-14T15:53:58.289175,1,2,-39.0,-43.0,-49.0,-48.0
2026-05-14T15:53:59.285726,1,2,-39.0,-46.0,-48.0,-46.0
2026-05-14T15:54:00.283138,1,2,-39.0,-46.0,-48.0,-46.0
2026-05-14T15:54:01.289948,1,2,-39.0,-46.0,-48.0,-46.0
2026-05-14T15:54:02.343190,1,2,-39.0,-46.0,-48.0,-46.0
2026-05-14T15:54:03.278242,1,2,-39.0,-46.0,-48.0,-46.0
2026-05-14T15:54:04.317267,1,2,-39.0,-42.0,-42.0,-46.0
2026-05-14T15:54:05.397747,1,2,-39.0,-42.0,-42.0,-46.0
2026-05-14T15:54:06.339947,1,2,-39.0,-42.0,-42.0,-46.0
2026-05-14T15:54:07.279180,1,2,-39.0,-42.0,-42.0,-46.0
2026-05-14T15:54:08.353561,1,2,-39.0,-42.0,-42.0,-46.0
2026-05-14T15:54:09.371938,1,2,-39.0,-43.0,-48.0,-46.0
2026-05-14T15:54:10.292738,1,2,-39.0,-43.0,-48.0,-46.0
2026-05-14T15:54:11.284466,1,2,-39.0,-43.0,-48.0,-46.0
2026-05-14T15:54:12.308226,1,2,-39.0,-43.0,-48.0,-46.0
2026-05-14T15:54:13.287549,1,2,-39.0,-43.0,-48.0,-46.0
2026-05-14T15:54:14.429801,1,2,-39.0,-44.0,-49.0,-47.0
2026-05-14T15:54:15.418579,1,2,-39.0,-44.0,-49.0,-47.0
2026-05-14T15:54:16.287834,1,2,-39.0,-44.0,-49.0,-47.0
2026-05-14T15:54:17.316047,1,2,-39.0,-44.0,-49.0,-47.0
2026-05-14T15:54:18.491848,1,2,-39.0,-44.0,-49.0,-47.0
2026-05-14T15:54:19.305272,1,2,-39.0,-44.0,-47.0,-47.0
2026-05-14T15:54:20.330976,1,2,-39.0,-44.0,-47.0,-47.0
2026-05-14T15:54:21.285620,1,2,-39.0,-44.0,-47.0,-47.0
2026-05-14T15:54:22.287036,1,2,-39.0,-44.0,-47.0,-47.0
2026-05-14T15:54:23.329271,1,2,-39.0,-44.0,-47.0,-47.0
2026-05-14T15:54:24.328813,1,2,-40.0,-47.0,-48.0,-47.0
2026-05-14T15:54:25.313150,1,2,-40.0,-47.0,-48.0,-47.0
2026-05-14T15:54:26.348399,1,2,-40.0,-47.0,-48.0,-47.0
2026-05-14T15:54:27.322542,1,2,-40.0,-47.0,-48.0,-47.0
2026-05-14T15:54:28.356567,1,2,-40.0,-47.0,-48.0,-47.0
2026-05-14T15:54:29.438385,1,2,-39.0,-43.0,-48.0,-48.0
2026-05-14T15:54:30.302796,1,2,-39.0,-43.0,-48.0,-48.0
2026-05-14T15:54:31.483418,1,2,-39.0,-43.0,-48.0,-48.0
2026-05-14T15:54:32.348839,1,2,-39.0,-43.0,-48.0,-48.0
2026-05-14T15:54:33.334869,1,2,-39.0,-43.0,-48.0,-48.0
2026-05-14T15:54:34.289866,1,2,-38.0,-44.0,-48.0,-47.0
2026-05-14T15:54:35.608223,1,2,-38.0,-44.0,-48.0,-47.0
2026-05-14T15:54:37.477274,1,2,-38.0,-44.0,-48.0,-47.0
2026-05-14T15:54:37.488740,1,2,-38.0,-44.0,-48.0,-47.0
2026-05-14T15:54:38.327499,1,2,-38.0,-44.0,-48.0,-47.0
2026-05-14T15:54:39.361016,1,2,-39.0,-44.0,-48.0,-48.0
2026-05-14T15:54:40.460369,1,2,-39.0,-44.0,-48.0,-48.0
2026-05-14T15:54:41.571787,1,2,-39.0,-44.0,-48.0,-48.0
2026-05-14T15:54:42.419774,1,2,-39.0,-44.0,-48.0,-48.0
2026-05-14T15:54:43.379838,1,2,-39.0,-44.0,-48.0,-48.0
2026-05-14T15:54:44.330993,1,2,-39.0,-47.0,-49.0,-47.0
2026-05-14T15:54:45.372527,1,2,-39.0,-47.0,-49.0,-47.0
2026-05-14T15:54:46.517558,1,2,-39.0,-47.0,-49.0,-47.0
2026-05-14T15:54:47.654926,1,2,-39.0,-47.0,-49.0,-47.0
2026-05-14T15:54:48.461433,1,2,-39.0,-47.0,-49.0,-47.0
2026-05-14T15:54:49.366473,1,2,-39.0,-47.0,-49.0,-46.0
2026-05-14T15:54:50.591199,1,2,-39.0,-47.0,-49.0,-46.0
2026-05-14T15:54:51.855118,1,2,-39.0,-47.0,-49.0,-46.0
2026-05-14T15:54:52.647774,1,2,-39.0,-47.0,-49.0,-46.0
2026-05-14T15:54:53.593233,1,2,-39.0,-47.0,-49.0,-46.0
2026-05-14T15:54:54.418931,1,2,-39.0,-45.0,-48.0,-48.0
2026-05-14T15:54:55.575716,1,2,-39.0,-45.0,-48.0,-48.0
2026-05-14T15:54:56.302944,1,2,-39.0,-45.0,-48.0,-48.0
2026-05-14T15:54:57.293500,1,2,-39.0,-45.0,-48.0,-48.0
2026-05-14T15:54:58.290985,1,2,-39.0,-45.0,-48.0,-48.0
2026-05-14T15:54:59.323838,1,2,-39.0,-43.0,-49.0,-48.0
2026-05-14T15:55:00.291406,1,2,-39.0,-43.0,-49.0,-48.0
2026-05-14T15:55:01.285100,1,2,-39.0,-43.0,-49.0,-48.0
2026-05-14T15:55:02.281810,1,2,-39.0,-43.0,-49.0,-48.0
2026-05-14T15:55:03.288877,1,2,-39.0,-43.0,-49.0,-48.0
2026-05-14T15:55:04.280437,1,2,-38.0,-44.0,-48.0,-49.0
2026-05-14T15:55:05.287094,1,2,-38.0,-44.0,-48.0,-49.0
2026-05-14T15:55:06.310124,1,2,-38.0,-44.0,-48.0,-49.0
2026-05-14T15:55:07.382860,1,2,-38.0,-44.0,-48.0,-49.0
2026-05-14T15:55:08.354752,1,2,-38.0,-44.0,-48.0,-49.0
2026-05-14T15:55:09.379512,1,2,-38.0,-87.0,-47.0,-46.0
2026-05-14T15:55:10.280389,1,2,-38.0,-87.0,-47.0,-46.0
2026-05-14T15:55:11.288994,1,2,-38.0,-87.0,-47.0,-46.0
2026-05-14T15:55:12.318089,1,2,-38.0,-87.0,-47.0,-46.0
2026-05-14T15:55:13.280533,1,2,-38.0,-87.0,-47.0,-46.0
2026-05-14T15:55:14.399820,1,2,-38.0,-44.0,-48.0,-51.0
2026-05-14T15:55:15.423135,1,2,-38.0,-44.0,-48.0,-51.0
2026-05-14T15:55:16.354384,1,2,-38.0,-44.0,-48.0,-51.0
2026-05-14T15:55:25.198440,1,2,-40.0,-43.0,-50.0,-47.0
2026-05-14T15:55:26.356339,1,2,-40.0,-43.0,-50.0,-47.0
2026-05-14T15:55:27.298830,1,2,-40.0,-43.0,-50.0,-47.0
2026-05-14T15:55:28.219712,1,2,-40.0,-43.0,-50.0,-47.0
2026-05-14T15:55:29.252147,1,2,-42.0,-47.0,-45.0,-46.0
2026-05-14T15:55:30.199912,1,2,-42.0,-47.0,-45.0,-46.0
2026-05-14T15:55:31.202310,1,2,-42.0,-47.0,-45.0,-46.0
2026-05-14T15:55:32.253046,1,2,-42.0,-47.0,-45.0,-46.0
2026-05-14T15:55:33.199938,1,2,-42.0,-47.0,-45.0,-46.0
2026-05-14T15:55:34.216954,1,2,-40.0,-45.0,-46.0,-46.0
2026-05-14T15:55:35.199685,1,2,-40.0,-45.0,-46.0,-46.0
2026-05-14T15:55:36.199175,1,2,-40.0,-45.0,-46.0,-46.0
2026-05-14T15:55:37.199973,1,2,-40.0,-45.0,-46.0,-46.0
2026-05-14T15:55:38.201144,1,2,-40.0,-45.0,-46.0,-46.0
2026-05-14T15:55:39.223901,1,2,-42.0,-47.0,-47.0,-94.0
2026-05-14T15:55:40.193629,1,2,-42.0,-47.0,-47.0,-94.0
2026-05-14T15:55:41.238197,1,2,-42.0,-47.0,-47.0,-94.0
2026-05-14T15:55:42.194304,1,2,-42.0,-47.0,-47.0,-94.0
2026-05-14T15:55:43.199599,1,2,-42.0,-47.0,-47.0,-94.0
2026-05-14T15:55:44.197956,1,2,-40.0,-46.0,-46.0,-46.0
2026-05-14T15:55:45.292470,1,2,-40.0,-46.0,-46.0,-46.0
2026-05-14T15:55:46.239058,1,2,-40.0,-46.0,-46.0,-46.0
2026-05-14T15:55:47.197778,1,2,-40.0,-46.0,-46.0,-46.0
2026-05-14T15:55:48.227761,1,2,-40.0,-46.0,-46.0,-46.0
2026-05-14T15:55:49.193821,1,2,-41.0,-44.0,-49.0,-45.0
2026-05-14T15:55:50.215953,1,2,-41.0,-44.0,-49.0,-45.0
2026-05-14T15:55:51.211998,1,2,-41.0,-44.0,-49.0,-45.0
2026-05-14T15:55:52.392376,1,2,-41.0,-44.0,-49.0,-45.0
2026-05-14T15:55:53.476889,1,2,-41.0,-44.0,-49.0,-45.0
2026-05-14T15:55:54.235385,1,2,-44.0,-44.0,-47.0,-45.0
2026-05-14T15:55:55.528752,1,2,-44.0,-44.0,-47.0,-45.0
2026-05-14T15:55:56.246087,1,2,-44.0,-44.0,-47.0,-45.0
2026-05-14T15:55:57.228026,1,2,-44.0,-44.0,-47.0,-45.0
2026-05-14T15:55:58.219937,1,2,-44.0,-44.0,-47.0,-45.0
2026-05-14T15:55:59.251135,1,2,-44.0,-44.0,-46.0,-45.0
2026-05-14T15:56:00.206539,1,2,-44.0,-44.0,-46.0,-45.0
2026-05-14T15:56:01.209401,1,2,-44.0,-44.0,-46.0,-45.0
2026-05-14T15:56:02.323789,1,2,-44.0,-44.0,-46.0,-45.0
2026-05-14T15:56:03.236207,1,2,-44.0,-44.0,-46.0,-45.0
2026-05-14T15:56:04.247099,1,2,-42.0,-44.0,-46.0,-45.0
2026-05-14T15:56:05.300092,1,2,-42.0,-44.0,-46.0,-45.0
2026-05-14T15:56:06.198402,1,2,-42.0,-44.0,-46.0,-45.0
2026-05-14T15:56:07.215619,1,2,-42.0,-44.0,-46.0,-45.0
2026-05-14T15:56:08.361058,1,2,-42.0,-44.0,-46.0,-45.0
2026-05-14T15:56:09.403934,1,2,-42.0,-45.0,-47.0,-46.0
2026-05-14T15:56:10.193603,1,2,-42.0,-45.0,-47.0,-46.0
2026-05-14T15:56:11.199083,1,2,-42.0,-45.0,-47.0,-46.0
2026-05-14T15:56:12.235490,1,2,-42.0,-45.0,-47.0,-46.0
2026-05-14T15:56:13.196473,1,2,-42.0,-45.0,-47.0,-46.0
2026-05-14T15:56:14.307168,1,2,-44.0,-45.0,-47.0,-48.0
2026-05-14T15:56:15.326942,1,2,-44.0,-45.0,-47.0,-48.0
2026-05-14T15:56:16.239455,1,2,-44.0,-45.0,-47.0,-48.0
2026-05-14T15:56:17.194818,1,2,-44.0,-45.0,-47.0,-48.0
2026-05-14T15:56:18.199759,1,2,-44.0,-45.0,-47.0,-48.0
2026-05-14T15:56:19.197769,1,2,-41.0,-43.0,-50.0,-46.0
2026-05-14T15:56:20.197258,1,2,-41.0,-43.0,-50.0,-46.0
2026-05-14T15:56:21.243363,1,2,-41.0,-43.0,-50.0,-46.0
2026-05-14T15:56:22.238452,1,2,-41.0,-43.0,-50.0,-46.0
2026-05-14T15:56:23.221826,1,2,-41.0,-43.0,-50.0,-46.0
2026-05-14T15:56:24.225101,1,2,-44.0,-43.0,-48.0,-46.0
2026-05-14T15:56:25.238037,1,2,-44.0,-43.0,-48.0,-46.0
2026-05-14T15:56:26.196318,1,2,-44.0,-43.0,-48.0,-46.0
2026-05-14T15:56:27.245031,1,2,-44.0,-43.0,-48.0,-46.0
2026-05-14T15:56:28.194471,1,2,-44.0,-43.0,-48.0,-46.0
2026-05-14T15:56:29.210988,1,2,-42.0,-43.0,-50.0,-47.0
2026-05-14T15:56:30.192461,1,2,-42.0,-43.0,-50.0,-47.0
2026-05-14T15:56:31.194248,1,2,-42.0,-43.0,-50.0,-47.0
2026-05-14T15:56:32.626433,1,2,-42.0,-43.0,-50.0,-47.0
2026-05-14T15:56:33.209023,1,2,-42.0,-43.0,-50.0,-47.0
2026-05-14T15:56:34.230997,1,2,-43.0,-43.0,-47.0,-47.0
2026-05-14T15:56:35.194344,1,2,-43.0,-43.0,-47.0,-47.0
2026-05-14T15:56:36.192117,1,2,-43.0,-43.0,-47.0,-47.0
2026-05-14T15:56:37.232937,1,2,-43.0,-43.0,-47.0,-47.0
2026-05-14T15:56:38.192743,1,2,-43.0,-43.0,-47.0,-47.0
2026-05-14T15:56:39.211412,1,2,-43.0,-43.0,-47.0,-46.0
2026-05-14T15:56:40.198369,1,2,-43.0,-43.0,-47.0,-46.0
2026-05-14T15:56:41.221507,1,2,-43.0,-43.0,-47.0,-46.0
2026-05-14T15:56:42.225551,1,2,-43.0,-43.0,-47.0,-46.0
2026-05-14T15:56:43.224806,1,2,-43.0,-43.0,-47.0,-46.0
2026-05-14T15:56:44.226912,1,2,-40.0,-42.0,-47.0,-46.0
2026-05-14T15:56:45.195895,1,2,-40.0,-42.0,-47.0,-46.0
2026-05-14T15:56:46.253623,1,2,-40.0,-42.0,-47.0,-46.0
2026-05-14T15:56:47.202007,1,2,-40.0,-42.0,-47.0,-46.0
2026-05-14T15:56:48.215823,1,2,-40.0,-42.0,-47.0,-46.0
2026-05-14T15:56:49.238212,1,2,-39.0,-45.0,-50.0,-42.0
2026-05-14T15:56:50.248053,1,2,-39.0,-45.0,-50.0,-42.0
2026-05-14T15:56:51.247323,1,2,-39.0,-45.0,-50.0,-42.0
2026-05-14T15:56:52.578624,1,2,-39.0,-45.0,-50.0,-42.0
2026-05-14T15:56:53.199267,1,2,-39.0,-45.0,-50.0,-42.0
2026-05-14T15:56:54.191595,1,2,-40.0,-44.0,-49.0,-49.0
2026-05-14T15:56:55.192014,1,2,-40.0,-44.0,-49.0,-49.0
2026-05-14T15:56:56.319779,1,2,-40.0,-44.0,-49.0,-49.0
2026-05-14T15:56:57.313181,1,2,-40.0,-44.0,-49.0,-49.0
2026-05-14T15:56:58.199928,1,2,-40.0,-44.0,-49.0,-49.0
2026-05-14T15:56:59.238220,1,2,-44.0,-44.0,-50.0,-44.0
2026-05-14T15:57:00.233513,1,2,-44.0,-44.0,-50.0,-44.0
2026-05-14T15:57:01.226550,1,2,-44.0,-44.0,-50.0,-44.0
2026-05-14T15:57:02.313235,1,2,-44.0,-44.0,-50.0,-44.0
2026-05-14T15:57:03.234837,1,2,-44.0,-44.0,-50.0,-44.0
2026-05-14T15:57:04.194638,1,2,-39.0,-46.0,-48.0,-44.0
2026-05-14T15:57:05.196883,1,2,-39.0,-46.0,-48.0,-44.0
2026-05-14T15:57:06.354393,1,2,-39.0,-46.0,-48.0,-44.0
2026-05-14T15:57:07.343646,1,2,-39.0,-46.0,-48.0,-44.0
2026-05-14T15:57:08.196411,1,2,-39.0,-46.0,-48.0,-44.0
2026-05-14T15:57:09.209878,1,2,-41.0,-47.0,-50.0,-52.0
2026-05-14T15:57:10.314009,1,2,-41.0,-47.0,-50.0,-52.0
2026-05-14T15:57:11.421711,1,2,-41.0,-47.0,-50.0,-52.0
2026-05-14T15:57:12.240455,1,2,-41.0,-47.0,-50.0,-52.0
2026-05-14T15:57:13.193059,1,2,-41.0,-47.0,-50.0,-52.0
2026-05-14T15:57:14.228687,1,2,-42.0,-45.0,-52.0,-49.0
2026-05-14T15:57:15.193682,1,2,-42.0,-45.0,-52.0,-49.0
2026-05-14T15:57:16.234205,1,2,-42.0,-45.0,-52.0,-49.0
2026-05-14T15:57:17.195912,1,2,-42.0,-45.0,-52.0,-49.0
2026-05-14T15:57:18.231934,1,2,-42.0,-45.0,-52.0,-49.0
2026-05-14T15:57:19.198472,1,2,-50.0,-45.0,-48.0,-46.0
2026-05-14T15:57:20.349208,1,2,-50.0,-45.0,-48.0,-46.0
2026-05-14T15:57:21.247020,1,2,-50.0,-45.0,-48.0,-46.0
2026-05-14T15:57:22.630216,1,2,-50.0,-45.0,-48.0,-46.0
2026-05-14T15:57:23.219134,1,2,-50.0,-45.0,-48.0,-46.0
2026-05-14T15:57:24.192328,1,2,-40.0,-44.0,-49.0,-43.0
2026-05-14T15:57:31.579011,0,1,-40.0,-44.0,-48.0,-50.0
2026-05-14T15:57:32.529223,0,1,-40.0,-44.0,-48.0,-50.0
2026-05-14T15:57:33.659981,0,1,-40.0,-44.0,-48.0,-50.0
2026-05-14T15:57:34.697830,0,1,-39.0,-48.0,-51.0,-43.0
2026-05-14T15:57:35.529257,0,1,-39.0,-48.0,-51.0,-43.0
2026-05-14T15:57:36.533773,0,1,-39.0,-48.0,-51.0,-43.0
2026-05-14T15:57:37.531910,0,1,-39.0,-48.0,-51.0,-43.0
2026-05-14T15:57:38.529775,0,1,-39.0,-48.0,-51.0,-43.0
2026-05-14T15:57:39.527766,0,1,-34.0,-39.0,-45.0,-44.0
2026-05-14T15:57:40.655278,0,1,-34.0,-39.0,-45.0,-44.0
2026-05-14T15:57:41.548237,0,1,-34.0,-39.0,-45.0,-44.0
2026-05-14T15:57:42.528110,0,1,-34.0,-39.0,-45.0,-44.0
2026-05-14T15:57:43.545529,0,1,-34.0,-39.0,-45.0,-44.0
2026-05-14T15:57:44.547085,0,1,-37.0,-44.0,-48.0,-46.0
2026-05-14T15:57:45.527352,0,1,-37.0,-44.0,-48.0,-46.0
2026-05-14T15:57:46.589403,0,1,-37.0,-44.0,-48.0,-46.0
2026-05-14T15:57:47.588676,0,1,-37.0,-44.0,-48.0,-46.0
2026-05-14T15:57:48.539503,0,1,-37.0,-44.0,-48.0,-46.0
2026-05-14T15:57:49.642644,0,1,-36.0,-51.0,-52.0,-49.0
2026-05-14T15:57:50.623109,0,1,-36.0,-51.0,-52.0,-49.0
2026-05-14T15:57:51.591704,0,1,-36.0,-51.0,-52.0,-49.0
2026-05-14T15:57:52.765132,0,1,-36.0,-51.0,-52.0,-49.0
2026-05-14T15:57:53.553912,0,1,-36.0,-51.0,-52.0,-49.0
2026-05-14T15:57:54.583226,0,1,-36.0,-48.0,-46.0,-44.0
2026-05-14T15:57:55.564940,0,1,-36.0,-48.0,-46.0,-44.0
2026-05-14T15:57:56.712359,0,1,-36.0,-48.0,-46.0,-44.0
2026-05-14T15:57:57.628564,0,1,-36.0,-48.0,-46.0,-44.0
2026-05-14T15:57:58.617761,0,1,-36.0,-48.0,-46.0,-44.0
2026-05-14T15:57:59.546053,0,1,-34.0,-46.0,-51.0,-45.0
2026-05-14T15:58:00.528346,0,1,-34.0,-46.0,-51.0,-45.0
2026-05-14T15:58:01.584272,0,1,-34.0,-46.0,-51.0,-45.0
2026-05-14T15:58:02.737479,0,1,-34.0,-46.0,-51.0,-45.0
2026-05-14T15:58:03.528674,0,1,-34.0,-46.0,-51.0,-45.0
2026-05-14T15:58:04.530359,0,1,-34.0,-44.0,-61.0,-41.0
2026-05-14T15:58:05.710835,0,1,-34.0,-44.0,-61.0,-41.0
2026-05-14T15:58:06.667109,0,1,-34.0,-44.0,-61.0,-41.0
2026-05-14T15:58:07.591568,0,1,-34.0,-44.0,-61.0,-41.0
2026-05-14T15:58:08.612207,0,1,-34.0,-44.0,-61.0,-41.0
2026-05-14T15:58:09.528660,0,1,-36.0,-41.0,-47.0,-42.0
2026-05-14T15:58:10.533687,0,1,-36.0,-41.0,-47.0,-42.0
2026-05-14T15:58:11.684127,0,1,-36.0,-41.0,-47.0,-42.0
2026-05-14T15:58:12.701645,0,1,-36.0,-41.0,-47.0,-42.0
2026-05-14T15:58:13.531218,0,1,-36.0,-41.0,-47.0,-42.0
2026-05-14T15:58:14.571975,0,1,-43.0,-44.0,-44.0,-49.0
2026-05-14T15:58:15.550002,0,1,-43.0,-44.0,-44.0,-49.0
2026-05-14T15:58:16.567907,0,1,-43.0,-44.0,-44.0,-49.0
2026-05-14T15:58:17.977112,0,1,-43.0,-44.0,-44.0,-49.0
2026-05-14T15:58:18.527177,0,1,-43.0,-44.0,-44.0,-49.0
2026-05-14T15:58:19.552514,0,1,-41.0,-48.0,-42.0,-47.0
2026-05-14T15:58:20.558329,0,1,-41.0,-48.0,-42.0,-47.0
2026-05-14T15:58:21.608641,0,1,-41.0,-48.0,-42.0,-47.0
2026-05-14T15:58:22.527848,0,1,-41.0,-48.0,-42.0,-47.0
2026-05-14T15:58:23.553352,0,1,-41.0,-48.0,-42.0,-47.0
2026-05-14T15:58:24.529854,0,1,-34.0,-51.0,-38.0,-45.0
2026-05-14T15:58:25.543957,0,1,-34.0,-51.0,-38.0,-45.0
2026-05-14T15:58:26.552803,0,1,-34.0,-51.0,-38.0,-45.0
2026-05-14T15:58:27.602506,0,1,-34.0,-51.0,-38.0,-45.0
2026-05-14T15:58:28.547353,0,1,-34.0,-51.0,-38.0,-45.0
2026-05-14T15:58:29.546585,0,1,-38.0,-46.0,-35.0,-38.0
2026-05-14T15:58:30.544152,0,1,-38.0,-46.0,-35.0,-38.0
2026-05-14T15:58:31.527110,0,1,-38.0,-46.0,-35.0,-38.0
2026-05-14T15:58:32.540945,0,1,-38.0,-46.0,-35.0,-38.0
2026-05-14T15:58:33.667122,0,1,-38.0,-46.0,-35.0,-38.0
2026-05-14T15:58:34.692612,0,1,-41.0,-44.0,-36.0,-43.0
2026-05-14T15:58:35.577906,0,1,-41.0,-44.0,-36.0,-43.0
2026-05-14T15:58:36.526835,0,1,-41.0,-44.0,-36.0,-43.0
2026-05-14T15:58:37.565171,0,1,-41.0,-44.0,-36.0,-43.0
2026-05-14T15:58:38.528699,0,1,-41.0,-44.0,-36.0,-43.0
2026-05-14T15:58:39.625737,0,1,-32.0,-47.0,-40.0,-37.0
2026-05-14T15:58:40.588619,0,1,-32.0,-47.0,-40.0,-37.0
2026-05-14T15:58:41.552461,0,1,-32.0,-47.0,-40.0,-37.0
2026-05-14T15:58:42.527591,0,1,-32.0,-47.0,-40.0,-37.0
2026-05-14T15:58:43.702103,0,1,-32.0,-47.0,-40.0,-37.0
2026-05-14T15:58:44.607565,0,1,-32.0,-45.0,-39.0,-39.0
2026-05-14T15:58:45.566120,0,1,-32.0,-45.0,-39.0,-39.0
2026-05-14T15:58:46.530642,0,1,-32.0,-45.0,-39.0,-39.0
2026-05-14T15:58:47.595619,0,1,-32.0,-45.0,-39.0,-39.0
2026-05-14T15:58:48.531049,0,1,-32.0,-45.0,-39.0,-39.0
2026-05-14T15:58:49.609785,0,1,-37.0,-47.0,-35.0,-44.0
2026-05-14T15:58:50.541088,0,1,-37.0,-47.0,-35.0,-44.0
2026-05-14T15:58:51.606684,0,1,-37.0,-47.0,-35.0,-44.0
2026-05-14T15:58:52.608147,0,1,-37.0,-47.0,-35.0,-44.0
2026-05-14T15:58:53.576171,0,1,-37.0,-47.0,-35.0,-44.0
2026-05-14T15:58:54.545082,0,1,-30.0,-53.0,-43.0,-39.0
2026-05-14T15:58:55.530240,0,1,-30.0,-53.0,-43.0,-39.0
2026-05-14T15:58:56.542822,0,1,-30.0,-53.0,-43.0,-39.0
2026-05-14T15:58:57.913181,0,1,-30.0,-53.0,-43.0,-39.0
2026-05-14T15:58:58.579213,0,1,-30.0,-53.0,-43.0,-39.0
2026-05-14T15:58:59.529144,0,1,-26.0,-48.0,-41.0,-54.0
2026-05-14T15:59:00.535114,0,1,-26.0,-48.0,-41.0,-54.0
2026-05-14T15:59:01.565876,0,1,-26.0,-48.0,-41.0,-54.0
2026-05-14T15:59:02.526930,0,1,-26.0,-48.0,-41.0,-54.0
2026-05-14T15:59:03.530096,0,1,-26.0,-48.0,-41.0,-54.0
2026-05-14T15:59:04.532830,0,1,-21.0,-46.0,-58.0,-51.0
2026-05-14T15:59:05.538191,0,1,-21.0,-46.0,-58.0,-51.0
2026-05-14T15:59:06.543586,0,1,-21.0,-46.0,-58.0,-51.0
2026-05-14T15:59:07.529579,0,1,-21.0,-46.0,-58.0,-51.0
2026-05-14T15:59:08.531666,0,1,-21.0,-46.0,-58.0,-51.0
2026-05-14T15:59:09.533401,0,1,-22.0,-46.0,-43.0,-47.0
2026-05-14T15:59:10.555618,0,1,-22.0,-46.0,-43.0,-47.0
2026-05-14T15:59:11.531732,0,1,-22.0,-46.0,-43.0,-47.0
2026-05-14T15:59:12.714906,0,1,-22.0,-46.0,-43.0,-47.0
2026-05-14T15:59:13.547666,0,1,-22.0,-46.0,-43.0,-47.0
2026-05-14T15:59:14.527315,0,1,-36.0,-43.0,-40.0,-47.0
2026-05-14T15:59:15.526786,0,1,-36.0,-43.0,-40.0,-47.0
2026-05-14T15:59:16.526422,0,1,-36.0,-43.0,-40.0,-47.0
2026-05-14T15:59:17.732083,0,1,-36.0,-43.0,-40.0,-47.0
2026-05-14T15:59:18.626624,0,1,-36.0,-43.0,-40.0,-47.0
2026-05-14T15:59:19.593418,0,1,-27.0,-41.0,-47.0,-46.0
2026-05-14T15:59:20.539263,0,1,-27.0,-41.0,-47.0,-46.0
2026-05-14T15:59:21.691600,0,1,-27.0,-41.0,-47.0,-46.0
2026-05-14T15:59:22.543525,0,1,-27.0,-41.0,-47.0,-46.0
2026-05-14T15:59:23.527329,0,1,-27.0,-41.0,-47.0,-46.0
2026-05-14T15:59:24.528215,0,1,-31.0,-47.0,-45.0,-44.0
2026-05-14T15:59:25.688372,0,1,-31.0,-47.0,-45.0,-44.0
2026-05-14T15:59:26.543061,0,1,-31.0,-47.0,-45.0,-44.0
2026-05-14T15:59:27.565417,0,1,-31.0,-47.0,-45.0,-44.0
2026-05-14T15:59:28.572734,0,1,-31.0,-47.0,-45.0,-44.0
2026-05-14T15:59:29.572350,0,1,-26.0,-50.0,-45.0,-45.0
2026-05-14T15:59:30.528956,0,1,-26.0,-50.0,-45.0,-45.0
2026-05-14T15:59:40.410436,2,1,-42.0,-49.0,-56.0,-95.0
2026-05-14T15:59:41.439492,2,1,-42.0,-49.0,-56.0,-95.0
2026-05-14T15:59:42.706265,2,1,-42.0,-49.0,-56.0,-95.0
2026-05-14T15:59:43.335146,2,1,-42.0,-49.0,-56.0,-95.0
2026-05-14T15:59:44.369044,2,1,-51.0,-42.0,-45.0,-47.0
2026-05-14T15:59:45.336046,2,1,-51.0,-42.0,-45.0,-47.0
2026-05-14T15:59:46.551267,2,1,-51.0,-42.0,-45.0,-47.0
2026-05-14T15:59:47.434480,2,1,-51.0,-42.0,-45.0,-47.0
2026-05-14T15:59:48.339106,2,1,-51.0,-42.0,-45.0,-47.0
2026-05-14T15:59:49.362620,2,1,-39.0,-40.0,-47.0,-43.0
2026-05-14T15:59:50.384324,2,1,-39.0,-40.0,-47.0,-43.0
2026-05-14T15:59:51.354575,2,1,-39.0,-40.0,-47.0,-43.0
2026-05-14T15:59:53.356356,2,1,-39.0,-40.0,-47.0,-43.0
2026-05-14T15:59:53.362668,2,1,-39.0,-40.0,-47.0,-43.0
2026-05-14T15:59:54.351345,2,1,-34.0,-42.0,-47.0,-43.0
2026-05-14T15:59:55.390314,2,1,-34.0,-42.0,-47.0,-43.0
2026-05-14T15:59:56.815659,2,1,-34.0,-42.0,-47.0,-43.0
2026-05-14T15:59:57.362371,2,1,-34.0,-42.0,-47.0,-43.0
2026-05-14T15:59:59.639522,2,1,-34.0,-42.0,-47.0,-43.0
2026-05-14T15:59:59.643596,2,1,-37.0,-38.0,-45.0,-47.0
2026-05-14T16:00:00.521551,2,1,-37.0,-38.0,-45.0,-47.0
2026-05-14T16:00:01.383239,2,1,-37.0,-38.0,-45.0,-47.0
2026-05-14T16:00:02.379891,2,1,-37.0,-38.0,-45.0,-47.0
2026-05-14T16:00:03.357398,2,1,-37.0,-38.0,-45.0,-47.0
2026-05-14T16:00:04.368938,2,1,-29.0,-40.0,-44.0,-43.0
2026-05-14T16:00:05.367822,2,1,-29.0,-40.0,-44.0,-43.0
2026-05-14T16:00:06.839262,2,1,-29.0,-40.0,-44.0,-43.0
2026-05-14T16:00:07.929218,2,1,-29.0,-40.0,-44.0,-43.0
2026-05-14T16:00:08.376790,2,1,-29.0,-40.0,-44.0,-43.0
2026-05-14T16:00:09.410561,2,1,-34.0,-43.0,-48.0,-42.0
2026-05-14T16:00:10.499366,2,1,-34.0,-43.0,-48.0,-42.0
2026-05-14T16:00:11.482437,2,1,-34.0,-43.0,-48.0,-42.0
2026-05-14T16:00:12.483202,2,1,-34.0,-43.0,-48.0,-42.0
2026-05-14T16:00:13.472006,2,1,-34.0,-43.0,-48.0,-42.0
2026-05-14T16:00:14.454266,2,1,-32.0,-42.0,-47.0,-94.0
2026-05-14T16:00:15.418376,2,1,-32.0,-42.0,-47.0,-94.0
2026-05-14T16:00:16.475344,2,1,-32.0,-42.0,-47.0,-94.0
2026-05-14T16:00:17.430888,2,1,-32.0,-42.0,-47.0,-94.0
2026-05-14T16:00:18.338870,2,1,-32.0,-42.0,-47.0,-94.0
2026-05-14T16:00:19.340091,2,1,-42.0,-42.0,-46.0,-39.0
2026-05-14T16:00:20.338043,2,1,-42.0,-42.0,-46.0,-39.0
2026-05-14T16:00:21.369793,2,1,-42.0,-42.0,-46.0,-39.0
2026-05-14T16:00:22.355787,2,1,-42.0,-42.0,-46.0,-39.0
2026-05-14T16:00:23.390941,2,1,-42.0,-42.0,-46.0,-39.0
2026-05-14T16:00:24.363340,2,1,-31.0,-42.0,-46.0,-45.0
2026-05-14T16:00:25.334769,2,1,-31.0,-42.0,-46.0,-45.0
2026-05-14T16:00:26.417474,2,1,-31.0,-42.0,-46.0,-45.0
2026-05-14T16:00:27.377360,2,1,-31.0,-42.0,-46.0,-45.0
2026-05-14T16:00:28.337133,2,1,-31.0,-42.0,-46.0,-45.0
2026-05-14T16:00:29.339046,2,1,-31.0,-42.0,-47.0,-48.0
2026-05-14T16:00:30.507403,2,1,-31.0,-42.0,-47.0,-48.0
2026-05-14T16:00:31.380333,2,1,-31.0,-42.0,-47.0,-48.0
2026-05-14T16:00:32.348641,2,1,-31.0,-42.0,-47.0,-48.0
2026-05-14T16:00:33.471052,2,1,-31.0,-42.0,-47.0,-48.0
2026-05-14T16:00:34.340702,2,1,-27.0,-43.0,-45.0,-42.0
2026-05-14T16:00:35.377586,2,1,-27.0,-43.0,-45.0,-42.0
2026-05-14T16:00:36.389191,2,1,-27.0,-43.0,-45.0,-42.0
2026-05-14T16:00:37.446131,2,1,-27.0,-43.0,-45.0,-42.0
2026-05-14T16:00:38.489385,2,1,-27.0,-43.0,-45.0,-42.0
2026-05-14T16:00:39.406264,2,1,-29.0,-42.0,-48.0,-39.0
2026-05-14T16:00:40.334626,2,1,-29.0,-42.0,-48.0,-39.0
2026-05-14T16:00:41.365674,2,1,-29.0,-42.0,-48.0,-39.0
2026-05-14T16:00:42.351982,2,1,-29.0,-42.0,-48.0,-39.0
2026-05-14T16:00:43.333841,2,1,-29.0,-42.0,-48.0,-39.0
2026-05-14T16:00:44.431778,2,1,-33.0,-42.0,-50.0,-52.0
2026-05-14T16:00:45.421498,2,1,-33.0,-42.0,-50.0,-52.0
2026-05-14T16:00:46.558044,2,1,-33.0,-42.0,-50.0,-52.0
2026-05-14T16:00:47.433215,2,1,-33.0,-42.0,-50.0,-52.0
2026-05-14T16:00:48.333896,2,1,-33.0,-42.0,-50.0,-52.0
2026-05-14T16:00:49.345266,2,1,-39.0,-43.0,-43.0,-50.0
2026-05-14T16:00:50.357438,2,1,-39.0,-43.0,-43.0,-50.0
2026-05-14T16:00:51.392282,2,1,-39.0,-43.0,-43.0,-50.0
2026-05-14T16:00:52.416642,2,1,-39.0,-43.0,-43.0,-50.0
2026-05-14T16:00:53.375669,2,1,-39.0,-43.0,-43.0,-50.0
2026-05-14T16:00:54.384341,2,1,-36.0,-48.0,-46.0,-40.0
2026-05-14T16:00:55.387689,2,1,-36.0,-48.0,-46.0,-40.0
2026-05-14T16:00:56.569399,2,1,-36.0,-48.0,-46.0,-40.0
2026-05-14T16:00:57.336266,2,1,-36.0,-48.0,-46.0,-40.0
2026-05-14T16:00:58.341205,2,1,-36.0,-48.0,-46.0,-40.0
2026-05-14T16:00:59.336936,2,1,-42.0,-43.0,-45.0,-41.0
2026-05-14T16:01:00.334584,2,1,-42.0,-43.0,-45.0,-41.0
2026-05-14T16:01:01.366510,2,1,-42.0,-43.0,-45.0,-41.0
2026-05-14T16:01:02.682350,2,1,-42.0,-43.0,-45.0,-41.0
2026-05-14T16:01:03.434762,2,1,-42.0,-43.0,-45.0,-41.0
2026-05-14T16:01:04.363231,2,1,-45.0,-40.0,-50.0,-51.0
2026-05-14T16:01:05.349520,2,1,-45.0,-40.0,-50.0,-51.0
2026-05-14T16:01:06.455996,2,1,-45.0,-40.0,-50.0,-51.0
2026-05-14T16:01:07.399756,2,1,-45.0,-40.0,-50.0,-51.0
2026-05-14T16:01:08.346140,2,1,-45.0,-40.0,-50.0,-51.0
2026-05-14T16:01:09.375905,2,1,-38.0,-43.0,-48.0,-40.0
2026-05-14T16:01:10.467679,2,1,-38.0,-43.0,-48.0,-40.0
2026-05-14T16:01:11.427135,2,1,-38.0,-43.0,-48.0,-40.0
2026-05-14T16:01:12.422823,2,1,-38.0,-43.0,-48.0,-40.0
2026-05-14T16:01:13.412073,2,1,-38.0,-43.0,-48.0,-40.0
2026-05-14T16:01:14.361957,2,1,-44.0,-44.0,-45.0,-39.0
2026-05-14T16:01:15.336862,2,1,-44.0,-44.0,-45.0,-39.0
2026-05-14T16:01:16.606760,2,1,-44.0,-44.0,-45.0,-39.0
2026-05-14T16:01:17.434459,2,1,-44.0,-44.0,-45.0,-39.0
2026-05-14T16:01:18.336971,2,1,-44.0,-44.0,-45.0,-39.0
2026-05-14T16:01:19.348017,2,1,-44.0,-45.0,-42.0,-45.0
2026-05-14T16:01:20.367079,2,1,-44.0,-45.0,-42.0,-45.0
2026-05-14T16:01:21.386181,2,1,-44.0,-45.0,-42.0,-45.0
2026-05-14T16:01:22.369923,2,1,-44.0,-45.0,-42.0,-45.0
2026-05-14T16:01:23.341167,2,1,-44.0,-45.0,-42.0,-45.0
2026-05-14T16:01:24.333407,2,1,-36.0,-47.0,-47.0,-39.0
2026-05-14T16:01:25.340608,2,1,-36.0,-47.0,-47.0,-39.0
2026-05-14T16:01:26.591962,2,1,-36.0,-47.0,-47.0,-39.0
2026-05-14T16:01:27.351585,2,1,-36.0,-47.0,-47.0,-39.0
2026-05-14T16:01:28.337904,2,1,-36.0,-47.0,-47.0,-39.0
2026-05-14T16:01:29.366928,2,1,-40.0,-50.0,-50.0,-47.0
2026-05-14T16:01:30.340028,2,1,-40.0,-50.0,-50.0,-47.0
2026-05-14T16:01:31.395160,2,1,-40.0,-50.0,-50.0,-47.0
2026-05-14T16:01:32.536179,2,1,-40.0,-50.0,-50.0,-47.0
2026-05-14T16:01:33.336393,2,1,-40.0,-50.0,-50.0,-47.0
2026-05-14T16:01:34.504625,2,1,-33.0,-42.0,-49.0,-45.0
2026-05-14T16:01:35.375175,2,1,-33.0,-42.0,-49.0,-45.0
2026-05-14T16:01:36.390257,2,1,-33.0,-42.0,-49.0,-45.0
2026-05-14T16:01:37.367208,2,1,-33.0,-42.0,-49.0,-45.0
2026-05-14T16:01:38.334707,2,1,-33.0,-42.0,-49.0,-45.0
2026-05-14T16:01:39.453028,2,1,-35.0,-36.0,-51.0,-45.0
2026-05-14T16:01:41.409518,2,1,-35.0,-36.0,-51.0,-45.0
2026-05-14T16:01:42.365465,2,1,-35.0,-36.0,-51.0,-45.0
2026-05-14T16:01:43.372772,2,1,-35.0,-36.0,-51.0,-45.0
2026-05-14T16:01:44.384148,2,1,-39.0,-44.0,-54.0,-39.0
2026-05-14T16:01:45.365334,2,1,-39.0,-44.0,-54.0,-39.0
2026-05-14T16:01:46.370628,2,1,-39.0,-44.0,-54.0,-39.0
2026-05-14T16:01:47.414513,2,1,-39.0,-44.0,-54.0,-39.0
2026-05-14T16:01:48.428192,2,1,-39.0,-44.0,-54.0,-39.0
2026-05-14T16:01:49.422587,2,1,-39.0,-37.0,-51.0,-42.0
2026-05-14T16:01:50.458352,2,1,-39.0,-37.0,-51.0,-42.0
2026-05-14T16:01:51.423957,2,1,-39.0,-37.0,-51.0,-42.0
2026-05-14T16:01:52.399918,2,1,-39.0,-37.0,-51.0,-42.0
2026-05-14T16:01:53.375164,2,1,-39.0,-37.0,-51.0,-42.0
2026-05-14T16:01:54.366511,2,1,-40.0,-39.0,-51.0,-43.0
2026-05-14T16:01:55.368546,2,1,-40.0,-39.0,-51.0,-43.0
2026-05-14T16:01:56.375186,2,1,-40.0,-39.0,-51.0,-43.0
2026-05-14T16:01:57.519042,2,1,-40.0,-39.0,-51.0,-43.0
2026-05-14T16:01:58.377688,2,1,-40.0,-39.0,-51.0,-43.0
2026-05-14T16:01:59.396116,2,1,-42.0,-37.0,-53.0,-47.0
2026-05-14T16:02:00.411124,2,1,-42.0,-37.0,-53.0,-47.0
2026-05-14T16:02:01.425922,2,1,-42.0,-37.0,-53.0,-47.0
2026-05-14T16:02:02.432810,2,1,-42.0,-37.0,-53.0,-47.0
2026-05-14T16:02:03.371598,2,1,-42.0,-37.0,-53.0,-47.0
2026-05-14T16:02:04.366361,2,1,-42.0,-38.0,-55.0,-45.0
2026-05-14T16:02:05.372196,2,1,-42.0,-38.0,-55.0,-45.0
2026-05-14T16:02:06.414175,2,1,-42.0,-38.0,-55.0,-45.0
2026-05-14T16:02:07.379057,2,1,-42.0,-38.0,-55.0,-45.0
2026-05-14T16:02:08.383568,2,1,-42.0,-38.0,-55.0,-45.0
2026-05-14T16:02:09.376774,2,1,-38.0,-89.0,-52.0,-37.0
2026-05-14T16:02:10.416978,2,1,-38.0,-89.0,-52.0,-37.0
2026-05-14T16:02:11.470726,2,1,-38.0,-89.0,-52.0,-37.0
2026-05-14T16:02:12.370657,2,1,-38.0,-89.0,-52.0,-37.0
2026-05-14T16:02:13.369651,2,1,-38.0,-89.0,-52.0,-37.0
2026-05-14T16:02:14.414518,2,1,-36.0,-43.0,-50.0,-33.0
2026-05-14T16:02:15.365213,2,1,-36.0,-43.0,-50.0,-33.0
2026-05-14T16:02:16.626692,2,1,-36.0,-43.0,-50.0,-33.0
2026-05-14T16:02:17.441182,2,1,-36.0,-43.0,-50.0,-33.0
2026-05-14T16:02:18.365926,2,1,-36.0,-43.0,-50.0,-33.0
2026-05-14T16:02:19.371264,2,1,-51.0,-45.0,-46.0,-39.0
2026-05-14T16:02:20.372589,2,1,-51.0,-45.0,-46.0,-39.0
2026-05-14T16:02:21.371615,2,1,-51.0,-45.0,-46.0,-39.0
2026-05-14T16:02:22.636540,2,1,-51.0,-45.0,-46.0,-39.0
2026-05-14T16:02:23.422242,2,1,-51.0,-45.0,-46.0,-39.0
2026-05-14T16:02:24.370641,2,1,-48.0,-41.0,-48.0,-43.0
2026-05-14T16:02:25.371811,2,1,-48.0,-41.0,-48.0,-43.0
2026-05-14T16:02:26.367038,2,1,-48.0,-41.0,-48.0,-43.0
2026-05-14T16:02:27.420921,2,1,-48.0,-41.0,-48.0,-43.0
2026-05-14T16:02:28.369114,2,1,-48.0,-41.0,-48.0,-43.0
2026-05-14T16:02:29.421017,2,1,-42.0,-39.0,-48.0,-45.0
2026-05-14T16:02:30.370136,2,1,-42.0,-39.0,-48.0,-45.0
2026-05-14T16:02:31.389051,2,1,-42.0,-39.0,-48.0,-45.0
2026-05-14T16:02:32.378748,2,1,-42.0,-39.0,-48.0,-45.0
2026-05-14T16:02:33.366269,2,1,-42.0,-39.0,-48.0,-45.0
2026-05-14T16:02:34.426678,2,1,-48.0,-36.0,-48.0,-36.0
2026-05-14T16:02:35.429002,2,1,-48.0,-36.0,-48.0,-36.0
2026-05-14T16:02:36.617936,2,1,-48.0,-36.0,-48.0,-36.0
2026-05-14T16:02:37.394898,2,1,-48.0,-36.0,-48.0,-36.0
2026-05-14T16:02:38.367472,2,1,-48.0,-36.0,-48.0,-36.0
2026-05-14T16:02:39.370764,2,1,-44.0,-35.0,-53.0,-36.0
2026-05-14T16:02:40.428326,2,1,-44.0,-35.0,-53.0,-36.0
2026-05-14T16:02:41.404962,2,1,-44.0,-35.0,-53.0,-36.0
2026-05-14T16:02:42.369892,2,1,-44.0,-35.0,-53.0,-36.0
2026-05-14T16:02:43.394546,2,1,-44.0,-35.0,-53.0,-36.0
2026-05-14T16:02:44.623271,2,1,-52.0,-33.0,-50.0,-40.0
2026-05-14T16:02:45.447358,2,1,-52.0,-33.0,-50.0,-40.0
2026-05-14T16:02:46.568927,2,1,-52.0,-33.0,-50.0,-40.0
2026-05-14T16:02:47.445361,2,1,-52.0,-33.0,-50.0,-40.0
2026-05-14T16:02:48.370321,2,1,-52.0,-33.0,-50.0,-40.0
2026-05-14T16:02:49.438527,2,1,-38.0,-40.0,-58.0,-38.0
2026-05-14T16:02:50.517943,2,1,-38.0,-40.0,-58.0,-38.0
2026-05-14T16:02:51.436915,2,1,-38.0,-40.0,-58.0,-38.0
2026-05-14T16:02:52.582446,2,1,-38.0,-40.0,-58.0,-38.0
2026-05-14T16:02:53.512571,2,1,-38.0,-40.0,-58.0,-38.0
2026-05-14T16:02:54.610189,2,1,-41.0,-40.0,-48.0,-44.0
2026-05-14T16:02:55.437936,2,1,-41.0,-40.0,-48.0,-44.0
2026-05-14T16:02:56.431533,2,1,-41.0,-40.0,-48.0,-44.0
2026-05-14T16:02:57.470520,2,1,-41.0,-40.0,-48.0,-44.0
2026-05-14T16:02:58.412795,2,1,-41.0,-40.0,-48.0,-44.0
2026-05-14T16:02:59.374572,2,1,-40.0,-49.0,-51.0,-39.0
2026-05-14T16:03:00.465791,2,1,-40.0,-49.0,-51.0,-39.0
2026-05-14T16:03:01.406919,2,1,-40.0,-49.0,-51.0,-39.0
2026-05-14T16:03:02.665971,2,1,-40.0,-49.0,-51.0,-39.0
2026-05-14T16:03:03.405741,2,1,-40.0,-49.0,-51.0,-39.0
2026-05-14T16:03:04.364410,2,1,-41.0,-44.0,-45.0,-43.0
2026-05-14T16:03:05.369864,2,1,-41.0,-44.0,-45.0,-43.0
2026-05-14T16:03:06.456470,2,1,-41.0,-44.0,-45.0,-43.0
2026-05-14T16:03:07.440813,2,1,-41.0,-44.0,-45.0,-43.0
2026-05-14T16:03:08.503816,2,1,-41.0,-44.0,-45.0,-43.0
2026-05-14T16:03:09.423243,2,1,-41.0,-42.0,-47.0,-38.0
2026-05-14T16:03:10.686105,2,1,-41.0,-42.0,-47.0,-38.0
2026-05-14T16:03:11.413098,2,1,-41.0,-42.0,-47.0,-38.0
2026-05-14T16:03:12.657199,2,1,-41.0,-42.0,-47.0,-38.0
2026-05-14T16:03:13.429415,2,1,-41.0,-42.0,-47.0,-38.0
2026-05-14T16:03:14.370892,2,1,-41.0,-47.0,-47.0,-46.0
2026-05-14T16:03:15.365222,2,1,-41.0,-47.0,-47.0,-46.0
2026-05-14T16:03:16.369674,2,1,-41.0,-47.0,-47.0,-46.0
2026-05-14T16:03:17.392967,2,1,-41.0,-47.0,-47.0,-46.0
2026-05-14T16:03:18.436474,2,1,-41.0,-47.0,-47.0,-46.0
2026-05-14T16:03:19.424068,2,1,-40.0,-45.0,-53.0,-43.0
2026-05-14T16:03:20.483428,2,1,-40.0,-45.0,-53.0,-43.0
2026-05-14T16:03:21.406841,2,1,-40.0,-45.0,-53.0,-43.0
2026-05-14T16:03:22.511039,2,1,-40.0,-45.0,-53.0,-43.0
2026-05-14T16:03:23.578021,2,1,-40.0,-45.0,-53.0,-43.0
2026-05-14T16:03:24.422106,2,1,-39.0,-45.0,-50.0,-45.0
2026-05-14T16:03:25.405754,2,1,-39.0,-45.0,-50.0,-45.0
2026-05-14T16:03:26.632278,2,1,-39.0,-45.0,-50.0,-45.0
2026-05-14T16:03:27.365483,2,1,-39.0,-45.0,-50.0,-45.0
2026-05-14T16:03:28.604428,2,1,-39.0,-45.0,-50.0,-45.0
2026-05-14T16:03:29.413253,2,1,-42.0,-48.0,-50.0,-46.0
2026-05-14T16:03:30.520256,2,1,-42.0,-48.0,-50.0,-46.0
2026-05-14T16:03:31.405721,2,1,-42.0,-48.0,-50.0,-46.0
2026-05-14T16:03:32.369107,2,1,-42.0,-48.0,-50.0,-46.0
2026-05-14T16:03:33.371024,2,1,-42.0,-48.0,-50.0,-46.0
2026-05-14T16:03:34.431876,2,1,-40.0,-41.0,-45.0,-45.0
2026-05-14T16:03:35.429674,2,1,-40.0,-41.0,-45.0,-45.0
2026-05-14T16:03:36.364638,2,1,-40.0,-41.0,-45.0,-45.0
2026-05-14T16:03:37.383159,2,1,-40.0,-41.0,-45.0,-45.0
2026-05-14T16:03:38.366401,2,1,-40.0,-41.0,-45.0,-45.0
2026-05-14T16:03:39.368560,2,1,-40.0,-45.0,-45.0,-40.0
2026-05-14T16:03:40.567838,2,1,-40.0,-45.0,-45.0,-40.0
2026-05-14T16:04:34.216113,2,2,-41.0,-39.0,-53.0,-51.0
2026-05-14T16:04:35.176125,2,2,-41.0,-39.0,-53.0,-51.0
2026-05-14T16:04:36.175725,2,2,-41.0,-39.0,-53.0,-51.0
2026-05-14T16:04:37.225743,2,2,-41.0,-39.0,-53.0,-51.0
2026-05-14T16:04:38.285826,2,2,-41.0,-39.0,-53.0,-51.0
2026-05-14T16:04:39.171190,2,2,-52.0,-46.0,-46.0,-47.0
2026-05-14T16:04:40.359243,2,2,-52.0,-46.0,-46.0,-47.0
2026-05-14T16:04:41.357592,2,2,-52.0,-46.0,-46.0,-47.0
2026-05-14T16:04:42.256843,2,2,-52.0,-46.0,-46.0,-47.0
2026-05-14T16:04:43.214508,2,2,-52.0,-46.0,-46.0,-47.0
2026-05-14T16:04:44.230446,2,2,-43.0,-47.0,-47.0,-49.0
2026-05-14T16:04:45.279153,2,2,-43.0,-47.0,-47.0,-49.0
2026-05-14T16:04:46.173026,2,2,-43.0,-47.0,-47.0,-49.0
2026-05-14T16:04:47.177647,2,2,-43.0,-47.0,-47.0,-49.0
2026-05-14T16:04:48.341233,2,2,-43.0,-47.0,-47.0,-49.0
2026-05-14T16:04:49.368625,2,2,-48.0,-45.0,-45.0,-40.0
2026-05-14T16:04:50.621940,2,2,-48.0,-45.0,-45.0,-40.0
2026-05-14T16:04:51.190377,2,2,-48.0,-45.0,-45.0,-40.0
2026-05-14T16:04:52.200623,2,2,-48.0,-45.0,-45.0,-40.0
2026-05-14T16:04:53.176396,2,2,-48.0,-45.0,-45.0,-40.0
2026-05-14T16:04:54.286133,2,2,-33.0,-52.0,-50.0,-44.0
2026-05-14T16:04:55.333912,2,2,-33.0,-52.0,-50.0,-44.0
2026-05-14T16:04:56.330285,2,2,-33.0,-52.0,-50.0,-44.0
2026-05-14T16:04:57.352452,2,2,-33.0,-52.0,-50.0,-44.0
2026-05-14T16:04:58.175217,2,2,-33.0,-52.0,-50.0,-44.0
2026-05-14T16:04:59.484521,2,2,-49.0,-45.0,-50.0,-45.0
2026-05-14T16:05:00.172836,2,2,-49.0,-45.0,-50.0,-45.0
2026-05-14T16:05:01.224394,2,2,-49.0,-45.0,-50.0,-45.0
2026-05-14T16:05:02.175211,2,2,-49.0,-45.0,-50.0,-45.0
2026-05-14T16:05:03.205403,2,2,-49.0,-45.0,-50.0,-45.0
2026-05-14T16:05:04.337950,2,2,-49.0,-47.0,-52.0,-48.0
2026-05-14T16:05:05.336917,2,2,-49.0,-47.0,-52.0,-48.0
2026-05-14T16:05:06.593478,2,2,-49.0,-47.0,-52.0,-48.0
2026-05-14T16:05:07.170875,2,2,-49.0,-47.0,-52.0,-48.0
2026-05-14T16:05:08.171951,2,2,-49.0,-47.0,-52.0,-48.0
2026-05-14T16:05:09.187559,2,2,-45.0,-44.0,-51.0,-48.0
2026-05-14T16:05:10.174204,2,2,-45.0,-44.0,-51.0,-48.0
2026-05-14T16:05:11.281442,2,2,-45.0,-44.0,-51.0,-48.0
2026-05-14T16:05:12.171722,2,2,-45.0,-44.0,-51.0,-48.0
2026-05-14T16:05:13.176560,2,2,-45.0,-44.0,-51.0,-48.0
2026-05-14T16:05:14.351597,2,2,-37.0,-48.0,-47.0,-47.0
2026-05-14T16:05:15.367814,2,2,-37.0,-48.0,-47.0,-47.0
2026-05-14T16:05:16.215656,2,2,-37.0,-48.0,-47.0,-47.0
2026-05-14T16:05:17.352853,2,2,-37.0,-48.0,-47.0,-47.0
2026-05-14T16:05:18.176599,2,2,-37.0,-48.0,-47.0,-47.0
2026-05-14T16:05:19.188904,2,2,-44.0,-47.0,-44.0,-45.0
2026-05-14T16:05:20.194551,2,2,-44.0,-47.0,-44.0,-45.0
2026-05-14T16:05:21.530440,2,2,-44.0,-47.0,-44.0,-45.0
2026-05-14T16:05:22.182432,2,2,-44.0,-47.0,-44.0,-45.0
2026-05-14T16:05:23.193721,2,2,-44.0,-47.0,-44.0,-45.0
2026-05-14T16:05:24.411334,2,2,-34.0,-44.0,-50.0,-55.0
2026-05-14T16:05:25.220589,2,2,-34.0,-44.0,-50.0,-55.0
2026-05-14T16:05:26.358311,2,2,-34.0,-44.0,-50.0,-55.0
2026-05-14T16:05:27.604547,2,2,-34.0,-44.0,-50.0,-55.0
2026-05-14T16:05:28.379721,2,2,-34.0,-44.0,-50.0,-55.0
2026-05-14T16:05:29.403726,2,2,-41.0,-48.0,-49.0,-47.0
2026-05-14T16:05:30.347371,2,2,-41.0,-48.0,-49.0,-47.0
2026-05-14T16:05:31.385458,2,2,-41.0,-48.0,-49.0,-47.0
2026-05-14T16:05:32.273113,2,2,-41.0,-48.0,-49.0,-47.0
2026-05-14T16:05:33.301972,2,2,-41.0,-48.0,-49.0,-47.0
2026-05-14T16:05:34.551671,2,2,-38.0,-47.0,-51.0,-45.0
2026-05-14T16:05:35.173420,2,2,-38.0,-47.0,-51.0,-45.0
2026-05-14T16:05:36.217568,2,2,-38.0,-47.0,-51.0,-45.0
2026-05-14T16:05:37.170807,2,2,-38.0,-47.0,-51.0,-45.0
2026-05-14T16:05:38.312933,2,2,-38.0,-47.0,-51.0,-45.0
2026-05-14T16:05:39.339010,2,2,-39.0,-47.0,-48.0,-46.0
2026-05-14T16:05:40.174621,2,2,-39.0,-47.0,-48.0,-46.0
2026-05-14T16:05:41.174820,2,2,-39.0,-47.0,-48.0,-46.0
2026-05-14T16:05:42.216055,2,2,-39.0,-47.0,-48.0,-46.0
2026-05-14T16:05:43.175846,2,2,-39.0,-47.0,-48.0,-46.0
2026-05-14T16:05:44.169653,2,2,-40.0,-47.0,-46.0,-46.0
2026-05-14T16:05:45.379848,2,2,-40.0,-47.0,-46.0,-46.0
2026-05-14T16:05:46.181895,2,2,-40.0,-47.0,-46.0,-46.0
2026-05-14T16:05:47.223377,2,2,-40.0,-47.0,-46.0,-46.0
2026-05-14T16:05:48.206221,2,2,-40.0,-47.0,-46.0,-46.0
2026-05-14T16:05:49.193006,2,2,-42.0,-45.0,-57.0,-47.0
2026-05-14T16:05:50.397818,2,2,-42.0,-45.0,-57.0,-47.0
2026-05-14T16:05:51.353701,2,2,-42.0,-45.0,-57.0,-47.0
2026-05-14T16:05:52.627860,2,2,-42.0,-45.0,-57.0,-47.0
2026-05-14T16:05:53.171766,2,2,-42.0,-45.0,-57.0,-47.0
2026-05-14T16:05:54.209370,2,2,-43.0,-47.0,-50.0,-40.0
2026-05-14T16:05:55.175416,2,2,-43.0,-47.0,-50.0,-40.0
2026-05-14T16:05:56.188143,2,2,-43.0,-47.0,-50.0,-40.0
2026-05-14T16:05:57.175792,2,2,-43.0,-47.0,-50.0,-40.0
2026-05-14T16:05:58.171338,2,2,-43.0,-47.0,-50.0,-40.0
2026-05-14T16:05:59.174583,2,2,-42.0,-47.0,-52.0,-39.0
2026-05-14T16:06:00.207472,2,2,-42.0,-47.0,-52.0,-39.0
2026-05-14T16:06:01.298137,2,2,-42.0,-47.0,-52.0,-39.0
2026-05-14T16:06:02.337100,2,2,-42.0,-47.0,-52.0,-39.0
2026-05-14T16:06:03.179007,2,2,-42.0,-47.0,-52.0,-39.0
2026-05-14T16:06:04.194417,2,2,-50.0,-43.0,-55.0,-39.0
2026-05-14T16:06:05.175057,2,2,-50.0,-43.0,-55.0,-39.0
2026-05-14T16:06:06.336510,2,2,-50.0,-43.0,-55.0,-39.0
2026-05-14T16:06:07.347321,2,2,-50.0,-43.0,-55.0,-39.0
2026-05-14T16:06:08.196083,2,2,-50.0,-43.0,-55.0,-39.0
2026-05-14T16:06:09.197319,2,2,-44.0,-41.0,-54.0,-39.0
2026-05-14T16:06:10.170672,2,2,-44.0,-41.0,-54.0,-39.0
2026-05-14T16:06:11.227616,2,2,-44.0,-41.0,-54.0,-39.0
2026-05-14T16:06:12.414621,2,2,-44.0,-41.0,-54.0,-39.0
2026-05-14T16:06:13.335632,2,2,-44.0,-41.0,-54.0,-39.0
2026-05-14T16:06:14.171244,2,2,-50.0,-41.0,-62.0,-43.0
2026-05-14T16:06:15.380675,2,2,-50.0,-41.0,-62.0,-43.0
2026-05-14T16:06:16.590721,2,2,-50.0,-41.0,-62.0,-43.0
2026-05-14T16:06:17.177219,2,2,-50.0,-41.0,-62.0,-43.0
2026-05-14T16:06:18.210742,2,2,-50.0,-41.0,-62.0,-43.0
2026-05-14T16:06:19.213941,2,2,-46.0,-44.0,-50.0,-41.0
2026-05-14T16:06:20.486759,2,2,-46.0,-44.0,-50.0,-41.0
2026-05-14T16:06:21.354382,2,2,-46.0,-44.0,-50.0,-41.0
2026-05-14T16:06:22.323882,2,2,-46.0,-44.0,-50.0,-41.0
2026-05-14T16:06:23.279811,2,2,-46.0,-44.0,-50.0,-41.0
2026-05-14T16:06:24.290532,2,2,-42.0,-39.0,-52.0,-38.0
2026-05-14T16:06:25.326558,2,2,-42.0,-39.0,-52.0,-38.0
2026-05-14T16:06:26.374049,2,2,-42.0,-39.0,-52.0,-38.0
2026-05-14T16:06:27.241889,2,2,-42.0,-39.0,-52.0,-38.0
2026-05-14T16:06:28.281629,2,2,-42.0,-39.0,-52.0,-38.0
2026-05-14T16:06:29.319371,2,2,-44.0,-47.0,-61.0,-42.0
2026-05-14T16:06:30.332932,2,2,-44.0,-47.0,-61.0,-42.0
2026-05-14T16:06:31.422992,2,2,-44.0,-47.0,-61.0,-42.0
2026-05-14T16:06:32.173886,2,2,-44.0,-47.0,-61.0,-42.0
2026-05-14T16:06:33.180833,2,2,-44.0,-47.0,-61.0,-42.0
2026-05-14T16:07:42.663683,2,2,-37.0,-45.0,-42.0,-46.0
2026-05-14T16:07:43.640398,2,2,-37.0,-45.0,-42.0,-46.0
2026-05-14T16:07:44.639903,2,2,-37.0,-44.0,-46.0,-40.0
2026-05-14T16:07:45.639368,2,2,-37.0,-44.0,-46.0,-40.0
2026-05-14T16:07:46.689517,2,2,-37.0,-44.0,-46.0,-40.0
2026-05-14T16:07:47.644279,2,2,-37.0,-44.0,-46.0,-40.0
2026-05-14T16:07:48.646006,2,2,-37.0,-44.0,-46.0,-40.0
2026-05-14T16:07:49.690949,2,2,-33.0,-42.0,-50.0,-54.0
2026-05-14T16:07:50.873110,2,2,-33.0,-42.0,-50.0,-54.0
2026-05-14T16:07:51.927475,2,2,-33.0,-42.0,-50.0,-54.0
2026-05-14T16:07:52.750620,2,2,-33.0,-42.0,-50.0,-54.0
2026-05-14T16:07:53.643852,2,2,-33.0,-42.0,-50.0,-54.0
2026-05-14T16:07:54.662140,2,2,-42.0,-39.0,-44.0,-42.0
2026-05-14T16:07:55.638619,2,2,-42.0,-39.0,-44.0,-42.0
2026-05-14T16:07:56.727728,2,2,-42.0,-39.0,-44.0,-42.0
2026-05-14T16:07:57.661732,2,2,-42.0,-39.0,-44.0,-42.0
2026-05-14T16:07:58.700863,2,2,-42.0,-39.0,-44.0,-42.0
2026-05-14T16:07:59.688928,2,2,-37.0,-44.0,-51.0,-41.0
2026-05-14T16:08:00.643915,2,2,-37.0,-44.0,-51.0,-41.0
2026-05-14T16:08:01.638272,2,2,-37.0,-44.0,-51.0,-41.0
2026-05-14T16:08:02.656243,2,2,-37.0,-44.0,-51.0,-41.0
2026-05-14T16:08:03.639742,2,2,-37.0,-44.0,-51.0,-41.0
2026-05-14T16:08:04.638453,2,2,-41.0,-42.0,-45.0,-43.0
2026-05-14T16:08:05.645977,2,2,-41.0,-42.0,-45.0,-43.0
2026-05-14T16:08:06.639640,2,2,-41.0,-42.0,-45.0,-43.0
2026-05-14T16:08:07.896799,2,2,-41.0,-42.0,-45.0,-43.0
2026-05-14T16:08:08.646250,2,2,-41.0,-42.0,-45.0,-43.0
2026-05-14T16:08:09.643848,2,2,-41.0,-45.0,-46.0,-48.0
2026-05-14T16:08:10.637848,2,2,-41.0,-45.0,-46.0,-48.0
2026-05-14T16:08:11.689395,2,2,-41.0,-45.0,-46.0,-48.0
2026-05-14T16:08:12.765536,2,2,-41.0,-45.0,-46.0,-48.0
2026-05-14T16:08:13.681206,2,2,-41.0,-45.0,-46.0,-48.0
2026-05-14T16:08:14.644885,2,2,-45.0,-45.0,-42.0,-45.0
2026-05-14T16:08:15.639309,2,2,-45.0,-45.0,-42.0,-45.0
2026-05-14T16:08:16.658711,2,2,-45.0,-45.0,-42.0,-45.0
2026-05-14T16:08:17.637754,2,2,-45.0,-45.0,-42.0,-45.0
2026-05-14T16:08:18.639918,2,2,-45.0,-45.0,-42.0,-45.0
2026-05-14T16:08:19.717975,2,2,-45.0,-42.0,-46.0,-48.0
2026-05-14T16:08:20.716547,2,2,-45.0,-42.0,-46.0,-48.0
2026-05-14T16:08:22.486999,2,2,-45.0,-42.0,-46.0,-48.0
2026-05-14T16:08:22.661800,2,2,-45.0,-42.0,-46.0,-48.0
2026-05-14T16:08:23.774551,2,2,-45.0,-42.0,-46.0,-48.0
2026-05-14T16:08:24.805756,2,2,-46.0,-46.0,-43.0,-46.0
2026-05-14T16:08:25.842081,2,2,-46.0,-46.0,-43.0,-46.0
2026-05-14T16:08:27.067868,2,2,-46.0,-46.0,-43.0,-46.0
2026-05-14T16:08:27.643154,2,2,-46.0,-46.0,-43.0,-46.0
2026-05-14T16:08:28.647732,2,2,-46.0,-46.0,-43.0,-46.0
2026-05-14T16:08:29.668061,2,2,-33.0,-35.0,-53.0,-41.0
2026-05-14T16:08:30.643434,2,2,-33.0,-35.0,-53.0,-41.0
2026-05-14T16:08:31.681264,2,2,-33.0,-35.0,-53.0,-41.0
2026-05-14T16:08:32.816900,2,2,-33.0,-35.0,-53.0,-41.0
2026-05-14T16:08:33.682376,2,2,-33.0,-35.0,-53.0,-41.0
2026-05-14T16:08:34.673372,2,2,-37.0,-42.0,-46.0,-46.0
2026-05-14T16:08:35.641801,2,2,-37.0,-42.0,-46.0,-46.0
2026-05-14T16:08:36.691662,2,2,-37.0,-42.0,-46.0,-46.0
2026-05-14T16:08:37.637933,2,2,-37.0,-42.0,-46.0,-46.0
2026-05-14T16:08:38.644475,2,2,-37.0,-42.0,-46.0,-46.0
2026-05-14T16:08:39.682951,2,2,-35.0,-39.0,-48.0,-45.0
2026-05-14T16:08:40.679831,2,2,-35.0,-39.0,-48.0,-45.0
2026-05-14T16:08:41.697914,2,2,-35.0,-39.0,-48.0,-45.0
2026-05-14T16:08:42.643226,2,2,-35.0,-39.0,-48.0,-45.0
2026-05-14T16:08:43.942308,2,2,-35.0,-39.0,-48.0,-45.0
2026-05-14T16:08:44.965242,2,2,-35.0,-40.0,-45.0,-42.0
2026-05-14T16:08:45.642714,2,2,-35.0,-40.0,-45.0,-42.0
2026-05-14T16:08:46.695478,2,2,-35.0,-40.0,-45.0,-42.0
2026-05-14T16:08:47.645842,2,2,-35.0,-40.0,-45.0,-42.0
2026-05-14T16:08:48.712238,2,2,-35.0,-40.0,-45.0,-42.0
2026-05-14T16:08:49.681491,2,2,-36.0,-40.0,-45.0,-42.0
2026-05-14T16:08:50.665033,2,2,-36.0,-40.0,-45.0,-42.0
2026-05-14T16:08:51.864731,2,2,-36.0,-40.0,-45.0,-42.0
2026-05-14T16:08:52.651042,2,2,-36.0,-40.0,-45.0,-42.0
2026-05-14T16:08:53.639763,2,2,-36.0,-40.0,-45.0,-42.0
2026-05-14T16:08:54.657229,2,2,-45.0,-42.0,-58.0,-49.0
2026-05-14T16:08:55.647959,2,2,-45.0,-42.0,-58.0,-49.0
2026-05-14T16:08:56.651193,2,2,-45.0,-42.0,-58.0,-49.0
2026-05-14T16:08:57.642689,2,2,-45.0,-42.0,-58.0,-49.0
2026-05-14T16:08:58.645710,2,2,-45.0,-42.0,-58.0,-49.0
2026-05-14T16:08:59.648987,2,2,-42.0,-42.0,-58.0,-51.0
2026-05-14T16:09:00.653114,2,2,-42.0,-42.0,-58.0,-51.0
2026-05-14T16:09:01.689023,2,2,-42.0,-42.0,-58.0,-51.0
2026-05-14T16:09:02.643517,2,2,-42.0,-42.0,-58.0,-51.0
2026-05-14T16:09:03.709568,2,2,-42.0,-42.0,-58.0,-51.0
2026-05-14T16:09:04.772922,2,2,-47.0,-39.0,-50.0,-40.0
2026-05-14T16:09:05.724461,2,2,-47.0,-39.0,-50.0,-40.0
2026-05-14T16:09:06.697322,2,2,-47.0,-39.0,-50.0,-40.0
2026-05-14T16:09:07.643874,2,2,-47.0,-39.0,-50.0,-40.0
2026-05-14T16:09:08.645752,2,2,-47.0,-39.0,-50.0,-40.0
2026-05-14T16:09:09.639220,2,2,-44.0,-43.0,-54.0,-40.0
2026-05-14T16:09:10.682686,2,2,-44.0,-43.0,-54.0,-40.0
2026-05-14T16:09:11.655002,2,2,-44.0,-43.0,-54.0,-40.0
2026-05-14T16:09:12.638141,2,2,-44.0,-43.0,-54.0,-40.0
2026-05-14T16:09:13.643761,2,2,-44.0,-43.0,-54.0,-40.0
2026-05-14T16:09:14.638488,2,2,-45.0,-41.0,-52.0,-44.0
2026-05-14T16:09:15.655132,2,2,-45.0,-41.0,-52.0,-44.0
2026-05-14T16:09:16.736403,2,2,-45.0,-41.0,-52.0,-44.0
2026-05-14T16:09:17.638370,2,2,-45.0,-41.0,-52.0,-44.0
2026-05-14T16:09:18.637573,2,2,-45.0,-41.0,-52.0,-44.0
2026-05-14T16:09:19.689382,2,2,-43.0,-40.0,-64.0,-41.0
2026-05-14T16:09:20.807440,2,2,-43.0,-40.0,-64.0,-41.0
2026-05-14T16:09:21.886409,2,2,-43.0,-40.0,-64.0,-41.0
2026-05-14T16:09:22.678171,2,2,-43.0,-40.0,-64.0,-41.0
2026-05-14T16:09:23.639318,2,2,-43.0,-40.0,-64.0,-41.0
2026-05-14T16:09:24.642789,2,2,-43.0,-43.0,-55.0,-48.0
2026-05-14T16:09:25.650771,2,2,-43.0,-43.0,-55.0,-48.0
2026-05-14T16:09:26.647579,2,2,-43.0,-43.0,-55.0,-48.0
2026-05-14T16:09:27.681036,2,2,-43.0,-43.0,-55.0,-48.0
2026-05-14T16:09:28.642851,2,2,-43.0,-43.0,-55.0,-48.0
2026-05-14T16:09:29.642761,2,2,-43.0,-43.0,-62.0,-47.0
2026-05-14T16:09:30.678781,2,2,-43.0,-43.0,-62.0,-47.0
2026-05-14T16:09:31.665622,2,2,-43.0,-43.0,-62.0,-47.0
2026-05-14T16:09:32.642981,2,2,-43.0,-43.0,-62.0,-47.0
2026-05-14T16:09:33.714543,2,2,-43.0,-43.0,-62.0,-47.0
2026-05-14T16:09:34.741497,2,2,-42.0,-43.0,-54.0,-45.0
2026-05-14T16:09:35.675778,2,2,-42.0,-43.0,-54.0,-45.0
2026-05-14T16:09:36.679931,2,2,-42.0,-43.0,-54.0,-45.0
2026-05-14T16:09:37.644088,2,2,-42.0,-43.0,-54.0,-45.0
2026-05-14T16:09:38.637760,2,2,-42.0,-43.0,-54.0,-45.0
2026-05-14T16:09:39.688745,2,2,-38.0,-41.0,-59.0,-38.0
2026-05-14T16:09:40.700021,2,2,-38.0,-41.0,-59.0,-38.0
2026-05-14T16:09:41.757329,2,2,-38.0,-41.0,-59.0,-38.0
2026-05-14T16:09:49.358671,2,0,-46.0,-41.0,-50.0,-40.0
2026-05-14T16:09:50.423606,2,0,-46.0,-41.0,-50.0,-40.0
2026-05-14T16:09:51.424047,2,0,-46.0,-41.0,-50.0,-40.0
2026-05-14T16:09:52.343100,2,0,-46.0,-41.0,-50.0,-40.0
2026-05-14T16:09:53.346707,2,0,-46.0,-41.0,-50.0,-40.0
2026-05-14T16:09:54.384852,2,0,-44.0,-43.0,-44.0,-51.0
2026-05-14T16:09:55.368537,2,0,-44.0,-43.0,-44.0,-51.0
2026-05-14T16:09:56.397765,2,0,-44.0,-43.0,-44.0,-51.0
2026-05-14T16:09:57.340124,2,0,-44.0,-43.0,-44.0,-51.0
2026-05-14T16:09:58.370237,2,0,-44.0,-43.0,-44.0,-51.0
2026-05-14T16:09:59.425425,2,0,-40.0,-42.0,-47.0,-40.0
2026-05-14T16:10:00.376395,2,0,-40.0,-42.0,-47.0,-40.0
2026-05-14T16:10:01.340625,2,0,-40.0,-42.0,-47.0,-40.0
2026-05-14T16:10:02.479489,2,0,-40.0,-42.0,-47.0,-40.0
2026-05-14T16:10:03.347650,2,0,-40.0,-42.0,-47.0,-40.0
2026-05-14T16:10:04.471705,2,0,-40.0,-42.0,-45.0,-42.0
2026-05-14T16:10:05.441079,2,0,-40.0,-42.0,-45.0,-42.0
2026-05-14T16:10:06.498163,2,0,-40.0,-42.0,-45.0,-42.0
2026-05-14T16:10:07.345803,2,0,-40.0,-42.0,-45.0,-42.0
2026-05-14T16:10:08.341183,2,0,-40.0,-42.0,-45.0,-42.0
2026-05-14T16:10:09.344387,2,0,-42.0,-44.0,-50.0,-41.0
2026-05-14T16:10:10.345211,2,0,-42.0,-44.0,-50.0,-41.0
2026-05-14T16:10:11.392171,2,0,-42.0,-44.0,-50.0,-41.0
2026-05-14T16:10:12.651854,2,0,-42.0,-44.0,-50.0,-41.0
2026-05-14T16:10:13.421433,2,0,-42.0,-44.0,-50.0,-41.0
2026-05-14T16:10:14.344501,2,0,-50.0,-44.0,-46.0,-42.0
2026-05-14T16:10:15.343629,2,0,-50.0,-44.0,-46.0,-42.0
2026-05-14T16:10:16.364749,2,0,-50.0,-44.0,-46.0,-42.0
2026-05-14T16:10:17.345740,2,0,-50.0,-44.0,-46.0,-42.0
2026-05-14T16:10:18.375400,2,0,-50.0,-44.0,-46.0,-42.0
2026-05-14T16:10:19.401268,2,0,-40.0,-46.0,-47.0,-44.0
2026-05-14T16:10:20.350737,2,0,-40.0,-46.0,-47.0,-44.0
2026-05-14T16:10:21.381007,2,0,-40.0,-46.0,-47.0,-44.0
2026-05-14T16:10:22.341839,2,0,-40.0,-46.0,-47.0,-44.0
2026-05-14T16:10:23.345726,2,0,-40.0,-46.0,-47.0,-44.0
2026-05-14T16:10:24.599646,2,0,-41.0,-44.0,-46.0,-49.0
2026-05-14T16:10:25.392440,2,0,-41.0,-44.0,-46.0,-49.0
2026-05-14T16:10:26.342037,2,0,-41.0,-44.0,-46.0,-49.0
2026-05-14T16:10:27.341171,2,0,-41.0,-44.0,-46.0,-49.0
2026-05-14T16:10:28.340772,2,0,-41.0,-44.0,-46.0,-49.0
2026-05-14T16:10:29.340883,2,0,-38.0,-42.0,-47.0,-45.0
2026-05-14T16:10:30.353409,2,0,-38.0,-42.0,-47.0,-45.0
2026-05-14T16:10:31.437692,2,0,-38.0,-42.0,-47.0,-45.0
2026-05-14T16:10:32.344311,2,0,-38.0,-42.0,-47.0,-45.0
2026-05-14T16:10:33.341767,2,0,-38.0,-42.0,-47.0,-45.0
2026-05-14T16:10:34.340436,2,0,-48.0,-44.0,-46.0,-45.0
2026-05-14T16:10:35.371466,2,0,-48.0,-44.0,-46.0,-45.0
2026-05-14T16:10:36.631128,2,0,-48.0,-44.0,-46.0,-45.0
2026-05-14T16:10:37.456684,2,0,-48.0,-44.0,-46.0,-45.0
2026-05-14T16:10:38.340273,2,0,-48.0,-44.0,-46.0,-45.0
2026-05-14T16:10:39.346260,2,0,-45.0,-45.0,-44.0,-38.0
2026-05-14T16:10:40.471050,2,0,-45.0,-45.0,-44.0,-38.0
2026-05-14T16:10:41.414614,2,0,-45.0,-45.0,-44.0,-38.0
2026-05-14T16:10:42.374691,2,0,-45.0,-45.0,-44.0,-38.0
2026-05-14T16:10:43.343229,2,0,-45.0,-45.0,-44.0,-38.0
2026-05-14T16:10:44.357831,2,0,-36.0,-42.0,-45.0,-47.0
2026-05-14T16:10:45.342416,2,0,-36.0,-42.0,-45.0,-47.0
2026-05-14T16:10:46.746751,2,0,-36.0,-42.0,-45.0,-47.0
2026-05-14T16:10:47.345791,2,0,-36.0,-42.0,-45.0,-47.0
2026-05-14T16:10:48.341828,2,0,-36.0,-42.0,-45.0,-47.0
2026-05-14T16:10:49.344929,2,0,-48.0,-46.0,-45.0,-42.0
2026-05-14T16:10:50.446047,2,0,-48.0,-46.0,-45.0,-42.0
2026-05-14T16:10:51.432881,2,0,-48.0,-46.0,-45.0,-42.0
2026-05-14T16:10:52.408340,2,0,-48.0,-46.0,-45.0,-42.0
2026-05-14T16:10:53.420802,2,0,-48.0,-46.0,-45.0,-42.0
2026-05-14T16:10:54.358061,2,0,-45.0,-46.0,-45.0,-41.0
2026-05-14T16:10:55.409541,2,0,-45.0,-46.0,-45.0,-41.0
2026-05-14T16:10:56.347501,2,0,-45.0,-46.0,-45.0,-41.0
2026-05-14T16:10:57.382208,2,0,-45.0,-46.0,-45.0,-41.0
2026-05-14T16:10:58.346533,2,0,-45.0,-46.0,-45.0,-41.0
2026-05-14T16:10:59.386319,2,0,-46.0,-51.0,-49.0,-50.0
2026-05-14T16:11:00.620397,2,0,-46.0,-51.0,-49.0,-50.0
2026-05-14T16:11:01.381770,2,0,-46.0,-51.0,-49.0,-50.0
2026-05-14T16:11:02.407897,2,0,-46.0,-51.0,-49.0,-50.0
2026-05-14T16:11:03.339215,2,0,-46.0,-51.0,-49.0,-50.0
2026-05-14T16:11:04.344411,2,0,-37.0,-40.0,-44.0,-46.0
2026-05-14T16:11:05.389078,2,0,-37.0,-40.0,-44.0,-46.0
2026-05-14T16:11:06.592059,2,0,-37.0,-40.0,-44.0,-46.0
2026-05-14T16:11:07.470790,2,0,-37.0,-40.0,-44.0,-46.0
2026-05-14T16:11:08.344469,2,0,-37.0,-40.0,-44.0,-46.0
2026-05-14T16:11:09.344022,2,0,-49.0,-40.0,-53.0,-41.0
2026-05-14T16:11:10.576459,2,0,-49.0,-40.0,-53.0,-41.0
2026-05-14T16:11:11.417776,2,0,-49.0,-40.0,-53.0,-41.0
2026-05-14T16:11:12.391814,2,0,-49.0,-40.0,-53.0,-41.0
2026-05-14T16:11:13.406917,2,0,-49.0,-40.0,-53.0,-41.0
2026-05-14T16:11:14.381177,2,0,-49.0,-43.0,-48.0,-40.0
2026-05-14T16:11:15.342838,2,0,-49.0,-43.0,-48.0,-40.0
2026-05-14T16:11:16.386871,2,0,-49.0,-43.0,-48.0,-40.0
2026-05-14T16:11:17.347733,2,0,-49.0,-43.0,-48.0,-40.0
2026-05-14T16:11:18.348964,2,0,-49.0,-43.0,-48.0,-40.0
2026-05-14T16:11:19.344137,2,0,-60.0,-43.0,-55.0,-44.0
2026-05-14T16:11:20.339309,2,0,-60.0,-43.0,-55.0,-44.0
2026-05-14T16:11:21.340256,2,0,-60.0,-43.0,-55.0,-44.0
2026-05-14T16:11:22.345737,2,0,-60.0,-43.0,-55.0,-44.0
2026-05-14T16:11:23.342516,2,0,-60.0,-43.0,-55.0,-44.0
2026-05-14T16:11:24.344416,2,0,-54.0,-42.0,-52.0,-45.0
2026-05-14T16:11:25.395312,2,0,-54.0,-42.0,-52.0,-45.0
2026-05-14T16:11:26.339680,2,0,-54.0,-42.0,-52.0,-45.0
2026-05-14T16:11:27.374930,2,0,-54.0,-42.0,-52.0,-45.0
2026-05-14T16:11:28.352438,2,0,-54.0,-42.0,-52.0,-45.0
2026-05-14T16:11:29.392811,2,0,-45.0,-38.0,-53.0,-43.0
2026-05-14T16:11:30.368585,2,0,-45.0,-38.0,-53.0,-43.0
2026-05-14T16:11:31.382152,2,0,-45.0,-38.0,-53.0,-43.0
2026-05-14T16:11:32.389523,2,0,-45.0,-38.0,-53.0,-43.0
2026-05-14T16:11:33.340179,2,0,-45.0,-38.0,-53.0,-43.0
2026-05-14T16:11:34.359871,2,0,-44.0,-41.0,-47.0,-40.0
2026-05-14T16:11:35.379458,2,0,-44.0,-41.0,-47.0,-40.0
2026-05-14T16:11:36.615248,2,0,-44.0,-41.0,-47.0,-40.0
2026-05-14T16:11:37.463517,2,0,-44.0,-41.0,-47.0,-40.0
2026-05-14T16:11:38.342063,2,0,-44.0,-41.0,-47.0,-40.0
2026-05-14T16:11:39.341499,2,0,-43.0,-46.0,-47.0,-38.0
2026-05-14T16:11:40.526982,2,0,-43.0,-46.0,-47.0,-38.0
2026-05-14T16:11:41.402535,2,0,-43.0,-46.0,-47.0,-38.0
2026-05-14T16:11:42.340975,2,0,-43.0,-46.0,-47.0,-38.0
2026-05-14T16:11:43.343557,2,0,-43.0,-46.0,-47.0,-38.0
2026-05-14T16:11:44.363776,2,0,-46.0,-45.0,-49.0,-38.0
2026-05-14T16:11:45.344400,2,0,-46.0,-45.0,-49.0,-38.0
2026-05-14T16:11:46.339270,2,0,-46.0,-45.0,-49.0,-38.0
2026-05-14T16:11:47.439606,2,0,-46.0,-45.0,-49.0,-38.0
2026-05-14T16:11:48.391326,2,0,-46.0,-45.0,-49.0,-38.0
2026-05-14T16:11:56.139775,2,0,-46.0,-44.0,-47.0,-44.0
2026-05-14T16:11:57.142585,2,0,-46.0,-44.0,-47.0,-44.0
2026-05-14T16:11:58.143005,2,0,-46.0,-44.0,-47.0,-44.0
2026-05-14T16:11:59.137668,2,0,-34.0,-43.0,-53.0,-47.0
2026-05-14T16:12:00.158478,2,0,-34.0,-43.0,-53.0,-47.0
2026-05-14T16:12:01.292628,2,0,-34.0,-43.0,-53.0,-47.0
2026-05-14T16:12:02.145904,2,0,-34.0,-43.0,-53.0,-47.0
2026-05-14T16:12:03.138283,2,0,-34.0,-43.0,-53.0,-47.0
2026-05-14T16:12:04.143113,2,0,-42.0,-43.0,-53.0,-41.0
2026-05-14T16:12:05.393268,2,0,-42.0,-43.0,-53.0,-41.0
2026-05-14T16:12:06.246829,2,0,-42.0,-43.0,-53.0,-41.0
2026-05-14T16:12:07.423789,2,0,-42.0,-43.0,-53.0,-41.0
2026-05-14T16:12:08.142082,2,0,-42.0,-43.0,-53.0,-41.0
2026-05-14T16:12:10.148045,2,0,-34.0,-43.0,-46.0,-55.0
2026-05-14T16:12:10.187450,2,0,-34.0,-43.0,-46.0,-55.0
2026-05-14T16:12:11.141597,2,0,-34.0,-43.0,-46.0,-55.0
2026-05-14T16:12:12.140091,2,0,-34.0,-43.0,-46.0,-55.0
2026-05-14T16:12:13.143587,2,0,-34.0,-43.0,-46.0,-55.0
2026-05-14T16:12:14.142337,2,0,-37.0,-45.0,-47.0,-42.0
2026-05-14T16:12:15.147074,2,0,-37.0,-45.0,-47.0,-42.0
2026-05-14T16:12:16.336505,2,0,-37.0,-45.0,-47.0,-42.0
2026-05-14T16:12:17.343358,2,0,-37.0,-45.0,-47.0,-42.0
2026-05-14T16:12:18.143559,2,0,-37.0,-45.0,-47.0,-42.0
2026-05-14T16:12:19.183268,2,0,-39.0,-42.0,-47.0,-43.0
2026-05-14T16:12:20.143023,2,0,-39.0,-42.0,-47.0,-43.0
2026-05-14T16:12:21.142616,2,0,-39.0,-42.0,-47.0,-43.0
2026-05-14T16:12:22.173177,2,0,-39.0,-42.0,-47.0,-43.0
2026-05-14T16:12:23.182401,2,0,-39.0,-42.0,-47.0,-43.0
2026-05-14T16:12:24.372796,2,0,-41.0,-43.0,-48.0,-46.0
2026-05-14T16:12:25.352791,2,0,-41.0,-43.0,-48.0,-46.0
2026-05-14T16:12:26.137098,2,0,-41.0,-43.0,-48.0,-46.0
2026-05-14T16:12:27.177530,2,0,-41.0,-43.0,-48.0,-46.0
2026-05-14T16:12:28.202333,2,0,-41.0,-43.0,-48.0,-46.0
2026-05-14T16:12:29.137511,2,0,-40.0,-43.0,-46.0,-46.0
2026-05-14T16:12:30.161832,2,0,-40.0,-43.0,-46.0,-46.0
2026-05-14T16:12:31.334920,2,0,-40.0,-43.0,-46.0,-46.0
2026-05-14T16:12:32.144833,2,0,-40.0,-43.0,-46.0,-46.0
2026-05-14T16:12:33.172394,2,0,-40.0,-43.0,-46.0,-46.0
2026-05-14T16:12:34.240194,2,0,-38.0,-42.0,-52.0,-44.0
2026-05-14T16:12:35.304362,2,0,-38.0,-42.0,-52.0,-44.0
2026-05-14T16:12:36.307177,2,0,-38.0,-42.0,-52.0,-44.0
2026-05-14T16:12:37.315340,2,0,-38.0,-42.0,-52.0,-44.0
2026-05-14T16:12:38.142961,2,0,-38.0,-42.0,-52.0,-44.0
2026-05-14T16:12:39.143075,2,0,-47.0,-46.0,-56.0,-40.0
2026-05-14T16:12:40.186103,2,0,-47.0,-46.0,-56.0,-40.0
2026-05-14T16:12:41.247649,2,0,-47.0,-46.0,-56.0,-40.0
2026-05-14T16:12:42.142879,2,0,-47.0,-46.0,-56.0,-40.0
2026-05-14T16:12:43.154572,2,0,-47.0,-46.0,-56.0,-40.0
2026-05-14T16:12:44.145107,2,0,-40.0,-46.0,-48.0,-48.0
2026-05-14T16:12:45.168244,2,0,-40.0,-46.0,-48.0,-48.0
2026-05-14T16:12:46.156331,2,0,-40.0,-46.0,-48.0,-48.0
2026-05-14T16:12:47.143328,2,0,-40.0,-46.0,-48.0,-48.0
2026-05-14T16:12:48.269245,2,0,-40.0,-46.0,-48.0,-48.0
2026-05-14T16:12:49.258179,2,0,-47.0,-49.0,-62.0,-46.0
2026-05-14T16:12:50.141541,2,0,-47.0,-49.0,-62.0,-46.0
2026-05-14T16:12:51.139415,2,0,-47.0,-49.0,-62.0,-46.0
2026-05-14T16:12:52.182167,2,0,-47.0,-49.0,-62.0,-46.0
2026-05-14T16:12:53.188094,2,0,-47.0,-49.0,-62.0,-46.0
2026-05-14T16:12:54.210154,2,0,-42.0,-44.0,-57.0,-37.0
2026-05-14T16:12:55.231651,2,0,-42.0,-44.0,-57.0,-37.0
2026-05-14T16:12:56.163528,2,0,-42.0,-44.0,-57.0,-37.0
2026-05-14T16:12:57.228714,2,0,-42.0,-44.0,-57.0,-37.0
2026-05-14T16:12:58.137851,2,0,-42.0,-44.0,-57.0,-37.0
2026-05-14T16:12:59.141563,2,0,-40.0,-46.0,-49.0,-42.0
2026-05-14T16:13:00.141338,2,0,-40.0,-46.0,-49.0,-42.0
2026-05-14T16:13:01.144085,2,0,-40.0,-46.0,-49.0,-42.0
2026-05-14T16:13:02.213443,2,0,-40.0,-46.0,-49.0,-42.0
2026-05-14T16:13:03.342659,2,0,-40.0,-46.0,-49.0,-42.0
2026-05-14T16:13:04.159285,2,0,-34.0,-49.0,-61.0,-45.0
2026-05-14T16:13:05.165937,2,0,-34.0,-49.0,-61.0,-45.0
2026-05-14T16:13:06.142061,2,0,-34.0,-49.0,-61.0,-45.0
2026-05-14T16:13:07.360082,2,0,-34.0,-49.0,-61.0,-45.0
2026-05-14T16:13:08.144138,2,0,-34.0,-49.0,-61.0,-45.0
2026-05-14T16:13:09.140741,2,0,-39.0,-40.0,-48.0,-40.0
2026-05-14T16:13:10.187585,2,0,-39.0,-40.0,-48.0,-40.0
2026-05-14T16:13:11.330106,2,0,-39.0,-40.0,-48.0,-40.0
2026-05-14T16:13:12.161277,2,0,-39.0,-40.0,-48.0,-40.0
2026-05-14T16:13:13.446684,2,0,-39.0,-40.0,-48.0,-40.0
2026-05-14T16:13:14.144357,2,0,-44.0,-45.0,-62.0,-40.0
2026-05-14T16:13:15.143160,2,0,-44.0,-45.0,-62.0,-40.0
2026-05-14T16:13:16.141165,2,0,-44.0,-45.0,-62.0,-40.0
2026-05-14T16:13:17.145052,2,0,-44.0,-45.0,-62.0,-40.0
2026-05-14T16:13:18.187305,2,0,-44.0,-45.0,-62.0,-40.0
2026-05-14T16:13:19.136549,2,0,-39.0,-45.0,-45.0,-43.0
2026-05-14T16:13:20.142100,2,0,-39.0,-45.0,-45.0,-43.0
2026-05-14T16:13:21.141992,2,0,-39.0,-45.0,-45.0,-43.0
2026-05-14T16:13:22.182886,2,0,-39.0,-45.0,-45.0,-43.0
2026-05-14T16:13:23.146637,2,0,-39.0,-45.0,-45.0,-43.0
2026-05-14T16:13:24.137644,2,0,-51.0,-45.0,-49.0,-48.0
2026-05-14T16:13:25.138601,2,0,-51.0,-45.0,-49.0,-48.0
2026-05-14T16:13:26.211706,2,0,-51.0,-45.0,-49.0,-48.0
2026-05-14T16:13:27.136518,2,0,-51.0,-45.0,-49.0,-48.0
2026-05-14T16:13:28.141096,2,0,-51.0,-45.0,-49.0,-48.0
2026-05-14T16:13:29.142682,2,0,-45.0,-51.0,-49.0,-46.0
2026-05-14T16:13:30.145921,2,0,-45.0,-51.0,-49.0,-46.0
2026-05-14T16:13:31.184175,2,0,-45.0,-51.0,-49.0,-46.0
2026-05-14T16:13:32.142648,2,0,-45.0,-51.0,-49.0,-46.0
2026-05-14T16:13:33.148930,2,0,-45.0,-51.0,-49.0,-46.0
2026-05-14T16:13:34.362722,2,0,-46.0,-51.0,-51.0,-47.0
2026-05-14T16:13:35.166812,2,0,-46.0,-51.0,-51.0,-47.0
2026-05-14T16:13:36.294003,2,0,-46.0,-51.0,-51.0,-47.0
2026-05-14T16:13:37.172792,2,0,-46.0,-51.0,-51.0,-47.0
2026-05-14T16:13:38.142480,2,0,-46.0,-51.0,-51.0,-47.0
2026-05-14T16:13:39.144710,2,0,-50.0,-44.0,-49.0,-43.0
2026-05-14T16:13:40.142947,2,0,-50.0,-44.0,-49.0,-43.0
2026-05-14T16:13:41.141581,2,0,-50.0,-44.0,-49.0,-43.0
2026-05-14T16:13:42.144606,2,0,-50.0,-44.0,-49.0,-43.0
2026-05-14T16:13:43.138117,2,0,-50.0,-44.0,-49.0,-43.0
2026-05-14T16:13:44.180540,2,0,-46.0,-45.0,-51.0,-42.0
2026-05-14T16:13:45.192759,2,0,-46.0,-45.0,-51.0,-42.0
2026-05-14T16:13:46.223929,2,0,-46.0,-45.0,-51.0,-42.0
2026-05-14T16:13:47.184882,2,0,-46.0,-45.0,-51.0,-42.0
2026-05-14T16:13:48.149367,2,0,-46.0,-45.0,-51.0,-42.0
2026-05-14T16:13:49.142016,2,0,-39.0,-41.0,-48.0,-44.0
2026-05-14T16:13:50.175913,2,0,-39.0,-41.0,-48.0,-44.0
2026-05-14T16:13:51.136816,2,0,-39.0,-41.0,-48.0,-44.0
2026-05-14T16:13:52.142585,2,0,-39.0,-41.0,-48.0,-44.0
2026-05-14T16:13:53.144449,2,0,-39.0,-41.0,-48.0,-44.0
2026-05-14T16:13:54.341786,2,0,-41.0,-44.0,-51.0,-43.0
2026-05-14T16:13:55.249450,2,0,-41.0,-44.0,-51.0,-43.0
2026-05-14T16:16:13.353552,3,2,-38.0,-43.0,-50.0,-47.0
2026-05-14T16:16:14.393533,3,2,-41.0,-43.0,-58.0,-31.0
2026-05-14T16:16:15.350856,3,2,-41.0,-43.0,-58.0,-31.0
2026-05-14T16:16:16.407034,3,2,-41.0,-43.0,-58.0,-31.0
2026-05-14T16:16:17.353596,3,2,-41.0,-43.0,-58.0,-31.0
2026-05-14T16:16:18.359218,3,2,-41.0,-43.0,-58.0,-31.0
2026-05-14T16:16:19.351506,3,2,-50.0,-41.0,-49.0,-32.0
2026-05-14T16:16:20.360476,3,2,-50.0,-41.0,-49.0,-32.0
2026-05-14T16:16:21.540164,3,2,-50.0,-41.0,-49.0,-32.0
2026-05-14T16:16:22.356509,3,2,-50.0,-41.0,-49.0,-32.0
2026-05-14T16:16:23.357708,3,2,-50.0,-41.0,-49.0,-32.0
2026-05-14T16:16:24.355348,3,2,-43.0,-52.0,-55.0,-31.0
2026-05-14T16:16:25.355426,3,2,-43.0,-52.0,-55.0,-31.0
2026-05-14T16:16:26.385278,3,2,-43.0,-52.0,-55.0,-31.0
2026-05-14T16:16:27.350718,3,2,-43.0,-52.0,-55.0,-31.0
2026-05-14T16:16:28.438997,3,2,-43.0,-52.0,-55.0,-31.0
2026-05-14T16:16:30.364598,3,2,-46.0,-44.0,-50.0,-25.0
2026-05-14T16:16:30.442266,3,2,-46.0,-44.0,-50.0,-25.0
2026-05-14T16:16:31.351768,3,2,-46.0,-44.0,-50.0,-25.0
2026-05-14T16:16:32.351661,3,2,-46.0,-44.0,-50.0,-25.0
2026-05-14T16:16:33.404056,3,2,-46.0,-44.0,-50.0,-25.0
2026-05-14T16:16:34.351393,3,2,-46.0,-42.0,-51.0,-21.0
2026-05-14T16:16:35.349153,3,2,-46.0,-42.0,-51.0,-21.0
2026-05-14T16:16:36.349846,3,2,-46.0,-42.0,-51.0,-21.0
2026-05-14T16:16:37.356066,3,2,-46.0,-42.0,-51.0,-21.0
2026-05-14T16:16:38.463137,3,2,-46.0,-42.0,-51.0,-21.0
2026-05-14T16:16:39.406197,3,2,-40.0,-46.0,-51.0,-38.0
2026-05-14T16:16:40.353954,3,2,-40.0,-46.0,-51.0,-38.0
2026-05-14T16:16:41.362589,3,2,-40.0,-46.0,-51.0,-38.0
2026-05-14T16:16:42.349646,3,2,-40.0,-46.0,-51.0,-38.0
2026-05-14T16:16:43.356001,3,2,-40.0,-46.0,-51.0,-38.0
2026-05-14T16:16:44.406697,3,2,-41.0,-44.0,-50.0,-42.0
2026-05-14T16:16:45.419612,3,2,-41.0,-44.0,-50.0,-42.0
2026-05-14T16:16:46.356140,3,2,-41.0,-44.0,-50.0,-42.0
2026-05-14T16:16:47.388518,3,2,-41.0,-44.0,-50.0,-42.0
2026-05-14T16:16:48.357713,3,2,-41.0,-44.0,-50.0,-42.0
2026-05-14T16:16:49.456095,3,2,-46.0,-44.0,-46.0,-25.0
2026-05-14T16:16:50.360331,3,2,-46.0,-44.0,-46.0,-25.0
2026-05-14T16:16:51.439590,3,2,-46.0,-44.0,-46.0,-25.0
2026-05-14T16:16:52.358316,3,2,-46.0,-44.0,-46.0,-25.0
2026-05-14T16:16:53.354814,3,2,-46.0,-44.0,-46.0,-25.0
2026-05-14T16:16:54.636821,3,2,-36.0,-43.0,-50.0,-38.0
2026-05-14T16:16:55.429668,3,2,-36.0,-43.0,-50.0,-38.0
2026-05-14T16:16:56.376815,3,2,-36.0,-43.0,-50.0,-38.0
2026-05-14T16:16:57.409500,3,2,-36.0,-43.0,-50.0,-38.0
2026-05-14T16:16:58.571536,3,2,-36.0,-43.0,-50.0,-38.0
2026-05-14T16:16:59.376818,3,2,-44.0,-46.0,-59.0,-33.0
2026-05-14T16:17:00.400190,3,2,-44.0,-46.0,-59.0,-33.0
2026-05-14T16:17:01.360980,3,2,-44.0,-46.0,-59.0,-33.0
2026-05-14T16:17:02.643333,3,2,-44.0,-46.0,-59.0,-33.0
2026-05-14T16:17:03.380992,3,2,-44.0,-46.0,-59.0,-33.0
2026-05-14T16:17:04.362851,3,2,-44.0,-47.0,-51.0,-32.0
2026-05-14T16:17:05.353528,3,2,-44.0,-47.0,-51.0,-32.0
2026-05-14T16:17:06.378646,3,2,-44.0,-47.0,-51.0,-32.0
2026-05-14T16:17:07.369595,3,2,-44.0,-47.0,-51.0,-32.0
2026-05-14T16:17:08.357530,3,2,-44.0,-47.0,-51.0,-32.0
2026-05-14T16:17:09.399013,3,2,-38.0,-45.0,-47.0,-33.0
2026-05-14T16:17:10.359564,3,2,-38.0,-45.0,-47.0,-33.0
2026-05-14T16:17:11.386764,3,2,-38.0,-45.0,-47.0,-33.0
2026-05-14T16:17:12.377979,3,2,-38.0,-45.0,-47.0,-33.0
2026-05-14T16:17:13.477980,3,2,-38.0,-45.0,-47.0,-33.0
2026-05-14T16:17:14.523979,3,2,-44.0,-45.0,-51.0,-27.0
2026-05-14T16:17:15.426964,3,2,-44.0,-45.0,-51.0,-27.0
2026-05-14T16:17:16.352646,3,2,-44.0,-45.0,-51.0,-27.0
2026-05-14T16:17:17.395091,3,2,-44.0,-45.0,-51.0,-27.0
2026-05-14T16:17:18.355584,3,2,-44.0,-45.0,-51.0,-27.0
2026-05-14T16:17:19.361601,3,2,-50.0,-42.0,-52.0,-30.0
2026-05-14T16:17:20.460672,3,2,-50.0,-42.0,-52.0,-30.0
2026-05-14T16:17:21.368777,3,2,-50.0,-42.0,-52.0,-30.0
2026-05-14T16:17:22.421676,3,2,-50.0,-42.0,-52.0,-30.0
2026-05-14T16:17:23.436576,3,2,-50.0,-42.0,-52.0,-30.0
2026-05-14T16:17:24.350277,3,2,-46.0,-40.0,-49.0,-28.0
2026-05-14T16:17:25.373115,3,2,-46.0,-40.0,-49.0,-28.0
2026-05-14T16:17:26.356235,3,2,-46.0,-40.0,-49.0,-28.0
2026-05-14T16:17:27.374248,3,2,-46.0,-40.0,-49.0,-28.0
2026-05-14T16:17:28.354898,3,2,-46.0,-40.0,-49.0,-28.0
2026-05-14T16:17:29.355685,3,2,-42.0,-46.0,-52.0,-31.0
2026-05-14T16:17:30.396590,3,2,-42.0,-46.0,-52.0,-31.0
2026-05-14T16:17:31.402948,3,2,-42.0,-46.0,-52.0,-31.0
2026-05-14T16:17:32.355900,3,2,-42.0,-46.0,-52.0,-31.0
2026-05-14T16:17:33.355369,3,2,-42.0,-46.0,-52.0,-31.0
2026-05-14T16:17:34.354756,3,2,-50.0,-41.0,-53.0,-29.0
2026-05-14T16:17:35.352949,3,2,-50.0,-41.0,-53.0,-29.0
2026-05-14T16:17:36.350701,3,2,-50.0,-41.0,-53.0,-29.0
2026-05-14T16:17:37.435971,3,2,-50.0,-41.0,-53.0,-29.0
2026-05-14T16:17:38.383581,3,2,-50.0,-41.0,-53.0,-29.0
2026-05-14T16:17:39.414263,3,2,-51.0,-41.0,-55.0,-30.0
2026-05-14T16:17:40.361011,3,2,-51.0,-41.0,-55.0,-30.0
2026-05-14T16:17:41.400698,3,2,-51.0,-41.0,-55.0,-30.0
2026-05-14T16:17:42.353793,3,2,-51.0,-41.0,-55.0,-30.0
2026-05-14T16:17:43.357457,3,2,-51.0,-41.0,-55.0,-30.0
2026-05-14T16:17:44.539806,3,2,-42.0,-40.0,-49.0,-29.0
2026-05-14T16:17:45.351384,3,2,-42.0,-40.0,-49.0,-29.0
2026-05-14T16:17:46.707452,3,2,-42.0,-40.0,-49.0,-29.0
2026-05-14T16:17:47.390956,3,2,-42.0,-40.0,-49.0,-29.0
2026-05-14T16:17:48.350890,3,2,-42.0,-40.0,-49.0,-29.0
2026-05-14T16:17:49.357952,3,2,-44.0,-39.0,-50.0,-32.0
2026-05-14T16:17:50.353965,3,2,-44.0,-39.0,-50.0,-32.0
2026-05-14T16:17:51.353979,3,2,-44.0,-39.0,-50.0,-32.0
2026-05-14T16:17:52.391757,3,2,-44.0,-39.0,-50.0,-32.0
2026-05-14T16:17:53.352257,3,2,-44.0,-39.0,-50.0,-32.0
2026-05-14T16:17:54.373641,3,2,-45.0,-46.0,-54.0,-26.0
2026-05-14T16:17:55.355052,3,2,-45.0,-46.0,-54.0,-26.0
2026-05-14T16:17:56.369984,3,2,-45.0,-46.0,-54.0,-26.0
2026-05-14T16:17:57.349798,3,2,-45.0,-46.0,-54.0,-26.0
2026-05-14T16:17:58.349265,3,2,-45.0,-46.0,-54.0,-26.0
2026-05-14T16:17:59.354637,3,2,-45.0,-46.0,-53.0,-29.0
2026-05-14T16:18:00.509188,3,2,-45.0,-46.0,-53.0,-29.0
2026-05-14T16:18:01.394410,3,2,-45.0,-46.0,-53.0,-29.0
2026-05-14T16:18:02.353889,3,2,-45.0,-46.0,-53.0,-29.0
2026-05-14T16:18:03.349136,3,2,-45.0,-46.0,-53.0,-29.0
2026-05-14T16:18:04.356931,3,2,-50.0,-42.0,-58.0,-34.0
2026-05-14T16:18:05.355776,3,2,-50.0,-42.0,-58.0,-34.0
2026-05-14T16:18:06.379093,3,2,-50.0,-42.0,-58.0,-34.0
2026-05-14T16:18:07.372042,3,2,-50.0,-42.0,-58.0,-34.0
2026-05-14T16:18:08.391458,3,2,-50.0,-42.0,-58.0,-34.0
2026-05-14T16:18:09.420488,3,2,-48.0,-45.0,-51.0,-28.0
2026-05-14T16:18:10.355691,3,2,-48.0,-45.0,-51.0,-28.0
2026-05-14T16:18:11.401107,3,2,-48.0,-45.0,-51.0,-28.0
2026-05-14T16:18:12.359476,3,2,-48.0,-45.0,-51.0,-28.0
2026-05-14T16:18:20.474515,3,2,-45.0,-38.0,-60.0,-38.0
2026-05-14T16:18:21.379524,3,2,-45.0,-38.0,-60.0,-38.0
2026-05-14T16:18:22.278770,3,2,-45.0,-38.0,-60.0,-38.0
2026-05-14T16:18:23.267983,3,2,-45.0,-38.0,-60.0,-38.0
2026-05-14T16:18:24.267919,3,2,-42.0,-45.0,-59.0,-38.0
2026-05-14T16:18:25.305804,3,2,-42.0,-45.0,-59.0,-38.0
2026-05-14T16:18:26.339825,3,2,-42.0,-45.0,-59.0,-38.0
2026-05-14T16:18:27.338860,3,2,-42.0,-45.0,-59.0,-38.0
2026-05-14T16:18:28.354765,3,2,-42.0,-45.0,-59.0,-38.0
2026-05-14T16:18:29.276407,3,2,-38.0,-42.0,-61.0,-42.0
2026-05-14T16:18:30.268766,3,2,-38.0,-42.0,-61.0,-42.0
2026-05-14T16:18:31.288482,3,2,-38.0,-42.0,-61.0,-42.0
2026-05-14T16:18:32.309871,3,2,-38.0,-42.0,-61.0,-42.0
2026-05-14T16:18:33.280869,3,2,-38.0,-42.0,-61.0,-42.0
2026-05-14T16:18:34.272643,3,2,-45.0,-43.0,-63.0,-34.0
2026-05-14T16:18:35.316119,3,2,-45.0,-43.0,-63.0,-34.0
2026-05-14T16:18:36.568698,3,2,-45.0,-43.0,-63.0,-34.0
2026-05-14T16:18:37.363594,3,2,-45.0,-43.0,-63.0,-34.0
2026-05-14T16:18:38.270479,3,2,-45.0,-43.0,-63.0,-34.0
2026-05-14T16:18:39.268747,3,2,-45.0,-40.0,-50.0,-38.0
2026-05-14T16:18:40.269627,3,2,-45.0,-40.0,-50.0,-38.0
2026-05-14T16:18:41.319441,3,2,-45.0,-40.0,-50.0,-38.0
2026-05-14T16:18:42.309440,3,2,-45.0,-40.0,-50.0,-38.0
2026-05-14T16:18:43.269029,3,2,-45.0,-40.0,-50.0,-38.0
2026-05-14T16:18:44.262075,3,2,-47.0,-44.0,-50.0,-37.0
2026-05-14T16:18:45.309716,3,2,-47.0,-44.0,-50.0,-37.0
2026-05-14T16:18:46.327611,3,2,-47.0,-44.0,-50.0,-37.0
2026-05-14T16:18:47.407354,3,2,-47.0,-44.0,-50.0,-37.0
2026-05-14T16:18:48.409358,3,2,-47.0,-44.0,-50.0,-37.0
2026-05-14T16:18:49.370222,3,2,-40.0,-45.0,-51.0,-34.0
2026-05-14T16:18:50.286470,3,2,-40.0,-45.0,-51.0,-34.0
2026-05-14T16:18:51.300847,3,2,-40.0,-45.0,-51.0,-34.0
2026-05-14T16:18:52.683559,3,2,-40.0,-45.0,-51.0,-34.0
2026-05-14T16:18:53.393735,3,2,-40.0,-45.0,-51.0,-34.0
2026-05-14T16:18:54.329193,3,2,-38.0,-48.0,-45.0,-24.0
2026-05-14T16:18:55.271936,3,2,-38.0,-48.0,-45.0,-24.0
2026-05-14T16:18:56.486996,3,2,-38.0,-48.0,-45.0,-24.0
2026-05-14T16:18:57.457292,3,2,-38.0,-48.0,-45.0,-24.0
2026-05-14T16:18:58.317805,3,2,-38.0,-48.0,-45.0,-24.0
2026-05-14T16:18:59.322473,3,2,-43.0,-46.0,-46.0,-26.0
2026-05-14T16:19:00.407373,3,2,-43.0,-46.0,-46.0,-26.0
2026-05-14T16:19:01.460632,3,2,-43.0,-46.0,-46.0,-26.0
2026-05-14T16:19:02.461089,3,2,-43.0,-46.0,-46.0,-26.0
2026-05-14T16:19:03.675326,3,2,-43.0,-46.0,-46.0,-26.0
2026-05-14T16:19:04.524701,3,2,-51.0,-50.0,-51.0,-28.0
2026-05-14T16:19:05.328534,3,2,-51.0,-50.0,-51.0,-28.0
2026-05-14T16:19:06.361369,3,2,-51.0,-50.0,-51.0,-28.0
2026-05-14T16:19:07.351216,3,2,-51.0,-50.0,-51.0,-28.0
2026-05-14T16:19:08.321735,3,2,-51.0,-50.0,-51.0,-28.0
2026-05-14T16:19:09.524004,3,2,-40.0,-47.0,-46.0,-29.0
2026-05-14T16:19:10.586296,3,2,-40.0,-47.0,-46.0,-29.0
2026-05-14T16:19:11.449388,3,2,-40.0,-47.0,-46.0,-29.0
2026-05-14T16:19:12.337220,3,2,-40.0,-47.0,-46.0,-29.0
2026-05-14T16:19:13.381795,3,2,-40.0,-47.0,-46.0,-29.0
2026-05-14T16:19:14.423047,3,2,-39.0,-47.0,-66.0,-33.0
2026-05-14T16:19:15.321434,3,2,-39.0,-47.0,-66.0,-33.0
2026-05-14T16:19:16.576881,3,2,-39.0,-47.0,-66.0,-33.0
2026-05-14T16:19:17.410338,3,2,-39.0,-47.0,-66.0,-33.0
2026-05-14T16:19:18.648721,3,2,-39.0,-47.0,-66.0,-33.0
2026-05-14T16:19:19.647321,3,2,-43.0,-42.0,-51.0,-34.0
2026-05-14T16:19:20.508301,3,2,-43.0,-42.0,-51.0,-34.0
2026-05-14T16:19:21.292856,3,2,-43.0,-42.0,-51.0,-34.0
2026-05-14T16:19:22.406332,3,2,-43.0,-42.0,-51.0,-34.0
2026-05-14T16:19:23.295559,3,2,-43.0,-42.0,-51.0,-34.0
2026-05-14T16:19:24.416590,3,2,-46.0,-46.0,-57.0,-30.0
2026-05-14T16:19:25.294750,3,2,-46.0,-46.0,-57.0,-30.0
2026-05-14T16:19:26.494063,3,2,-46.0,-46.0,-57.0,-30.0
2026-05-14T16:19:27.411090,3,2,-46.0,-46.0,-57.0,-30.0
2026-05-14T16:19:28.707309,3,2,-46.0,-46.0,-57.0,-30.0
2026-05-14T16:19:29.739201,3,2,-43.0,-44.0,-50.0,-32.0
2026-05-14T16:19:30.534319,3,2,-43.0,-44.0,-50.0,-32.0
2026-05-14T16:19:31.573953,3,2,-43.0,-44.0,-50.0,-32.0
2026-05-14T16:19:32.747798,3,2,-43.0,-44.0,-50.0,-32.0
2026-05-14T16:19:33.535861,3,2,-43.0,-44.0,-50.0,-32.0
2026-05-14T16:19:34.595015,3,2,-41.0,-44.0,-55.0,-34.0
2026-05-14T16:19:35.912114,3,2,-41.0,-44.0,-55.0,-34.0
2026-05-14T16:19:36.700673,3,2,-41.0,-44.0,-55.0,-34.0
2026-05-14T16:19:37.665797,3,2,-41.0,-44.0,-55.0,-34.0
2026-05-14T16:19:39.224434,3,2,-41.0,-44.0,-55.0,-34.0
2026-05-14T16:19:45.716278,3,2,-58.0,-43.0,-45.0,-41.0
2026-05-14T16:19:46.209359,3,2,-58.0,-43.0,-45.0,-41.0
2026-05-14T16:19:52.497126,3,2,-58.0,-43.0,-45.0,-41.0
2026-05-14T16:19:52.940393,3,2,-58.0,-43.0,-45.0,-41.0
2026-05-14T16:19:59.677016,3,2,-58.0,-43.0,-45.0,-41.0
2026-05-14T16:19:59.783819,3,2,-42.0,-50.0,-48.0,-39.0
2026-05-14T16:20:00.950110,3,2,-42.0,-50.0,-48.0,-39.0
2026-05-14T16:20:00.972019,3,2,-42.0,-50.0,-48.0,-39.0
2026-05-14T16:20:00.974576,3,2,-42.0,-50.0,-48.0,-39.0
2026-05-14T16:20:01.151277,3,2,-42.0,-50.0,-48.0,-39.0
2026-05-14T16:20:01.177621,3,2,-56.0,-47.0,-51.0,-31.0
2026-05-14T16:20:01.179697,3,2,-56.0,-47.0,-51.0,-31.0
2026-05-14T16:20:01.181629,3,2,-56.0,-47.0,-51.0,-31.0
2026-05-14T16:20:01.183997,3,2,-56.0,-47.0,-51.0,-31.0
2026-05-14T16:20:01.186353,3,2,-56.0,-47.0,-51.0,-31.0
2026-05-14T16:20:01.188447,3,2,-44.0,-45.0,-51.0,-38.0
2026-05-14T16:20:01.190474,3,2,-44.0,-45.0,-51.0,-38.0
2026-05-14T16:20:01.193685,3,2,-44.0,-45.0,-51.0,-38.0
2026-05-14T16:20:01.198365,3,2,-44.0,-45.0,-51.0,-38.0
2026-05-14T16:20:01.204340,3,2,-44.0,-45.0,-51.0,-38.0
2026-05-14T16:20:01.207468,3,2,-46.0,-39.0,-51.0,-34.0
2026-05-14T16:20:01.210326,3,2,-46.0,-39.0,-51.0,-34.0
2026-05-14T16:20:01.273353,3,2,-46.0,-39.0,-51.0,-34.0
2026-05-14T16:20:02.331207,3,2,-46.0,-39.0,-51.0,-34.0
2026-05-14T16:20:03.268895,3,2,-46.0,-39.0,-51.0,-34.0
2026-05-14T16:20:04.283306,3,2,-44.0,-38.0,-61.0,-22.0
2026-05-14T16:20:05.279579,3,2,-44.0,-38.0,-61.0,-22.0
2026-05-14T16:20:06.280749,3,2,-44.0,-38.0,-61.0,-22.0
2026-05-14T16:20:07.275527,3,2,-44.0,-38.0,-61.0,-22.0
2026-05-14T16:20:08.309103,3,2,-44.0,-38.0,-61.0,-22.0
2026-05-14T16:20:09.277992,3,2,-45.0,-37.0,-59.0,-21.0
2026-05-14T16:20:10.365249,3,2,-45.0,-37.0,-59.0,-21.0
2026-05-14T16:20:11.284372,3,2,-45.0,-37.0,-59.0,-21.0
2026-05-14T16:20:12.268452,3,2,-45.0,-37.0,-59.0,-21.0
2026-05-14T16:20:13.261474,3,2,-45.0,-37.0,-59.0,-21.0
2026-05-14T16:20:14.275492,3,2,-44.0,-37.0,-57.0,-21.0
2026-05-14T16:20:15.264621,3,2,-44.0,-37.0,-57.0,-21.0
2026-05-14T16:20:16.325099,3,2,-44.0,-37.0,-57.0,-21.0
2026-05-14T16:20:17.306816,3,2,-44.0,-37.0,-57.0,-21.0
2026-05-14T16:20:18.286748,3,2,-44.0,-37.0,-57.0,-21.0
2026-05-14T16:20:19.566087,3,2,-44.0,-36.0,-62.0,-23.0
2026-05-14T16:20:26.116651,3,1,-41.0,-36.0,-61.0,-23.0
2026-05-14T16:20:27.158881,3,1,-41.0,-36.0,-61.0,-23.0
2026-05-14T16:20:28.158216,3,1,-41.0,-36.0,-61.0,-23.0
2026-05-14T16:20:29.287433,3,1,-46.0,-36.0,-51.0,-59.0
2026-05-14T16:20:30.132800,3,1,-46.0,-36.0,-51.0,-59.0
2026-05-14T16:20:31.334109,3,1,-46.0,-36.0,-51.0,-59.0
2026-05-14T16:20:32.135436,3,1,-46.0,-36.0,-51.0,-59.0
2026-05-14T16:20:33.119234,3,1,-46.0,-36.0,-51.0,-59.0
2026-05-14T16:20:34.125843,3,1,-46.0,-36.0,-50.0,-45.0
2026-05-14T16:20:35.330519,3,1,-46.0,-36.0,-50.0,-45.0
2026-05-14T16:20:36.117749,3,1,-46.0,-36.0,-50.0,-45.0
2026-05-14T16:20:37.118593,3,1,-46.0,-36.0,-50.0,-45.0
2026-05-14T16:20:38.181581,3,1,-46.0,-36.0,-50.0,-45.0
2026-05-14T16:20:39.200828,3,1,-46.0,-37.0,-50.0,-37.0
2026-05-14T16:20:40.258429,3,1,-46.0,-37.0,-50.0,-37.0
2026-05-14T16:20:41.245683,3,1,-46.0,-37.0,-50.0,-37.0
2026-05-14T16:20:42.158264,3,1,-46.0,-37.0,-50.0,-37.0
2026-05-14T16:20:43.119225,3,1,-46.0,-37.0,-50.0,-37.0
2026-05-14T16:20:44.118058,3,1,-41.0,-32.0,-63.0,-46.0
2026-05-14T16:20:45.119697,3,1,-41.0,-32.0,-63.0,-46.0
2026-05-14T16:20:46.117188,3,1,-41.0,-32.0,-63.0,-46.0
2026-05-14T16:20:47.117080,3,1,-41.0,-32.0,-63.0,-46.0
2026-05-14T16:20:48.124912,3,1,-41.0,-32.0,-63.0,-46.0
2026-05-14T16:20:49.236183,3,1,-47.0,-33.0,-51.0,-44.0
2026-05-14T16:20:50.258179,3,1,-47.0,-33.0,-51.0,-44.0
2026-05-14T16:20:51.112448,3,1,-47.0,-33.0,-51.0,-44.0
2026-05-14T16:20:52.127856,3,1,-47.0,-33.0,-51.0,-44.0
2026-05-14T16:20:53.113631,3,1,-47.0,-33.0,-51.0,-44.0
2026-05-14T16:20:54.113023,3,1,-42.0,-32.0,-50.0,-44.0
2026-05-14T16:20:55.154329,3,1,-42.0,-32.0,-50.0,-44.0
2026-05-14T16:20:56.118663,3,1,-42.0,-32.0,-50.0,-44.0
2026-05-14T16:20:57.129354,3,1,-42.0,-32.0,-50.0,-44.0
2026-05-14T16:20:58.143913,3,1,-42.0,-32.0,-50.0,-44.0
2026-05-14T16:20:59.167466,3,1,-35.0,-35.0,-47.0,-42.0
2026-05-14T16:21:00.117489,3,1,-35.0,-35.0,-47.0,-42.0
2026-05-14T16:21:01.120698,3,1,-35.0,-35.0,-47.0,-42.0
2026-05-14T16:21:02.199607,3,1,-35.0,-35.0,-47.0,-42.0
2026-05-14T16:21:03.160604,3,1,-35.0,-35.0,-47.0,-42.0
2026-05-14T16:21:04.113520,3,1,-40.0,-35.0,-50.0,-39.0
2026-05-14T16:21:05.162500,3,1,-40.0,-35.0,-50.0,-39.0
2026-05-14T16:21:06.131577,3,1,-40.0,-35.0,-50.0,-39.0
2026-05-14T16:21:07.321767,3,1,-40.0,-35.0,-50.0,-39.0
2026-05-14T16:21:08.133212,3,1,-40.0,-35.0,-50.0,-39.0
2026-05-14T16:21:09.112743,3,1,-36.0,-35.0,-60.0,-43.0
2026-05-14T16:21:10.116807,3,1,-36.0,-35.0,-60.0,-43.0
2026-05-14T16:21:11.155760,3,1,-36.0,-35.0,-60.0,-43.0
2026-05-14T16:21:12.117381,3,1,-36.0,-35.0,-60.0,-43.0
2026-05-14T16:21:13.119285,3,1,-36.0,-35.0,-60.0,-43.0
2026-05-14T16:21:14.152170,3,1,-40.0,-34.0,-61.0,-37.0
2026-05-14T16:21:15.157384,3,1,-40.0,-34.0,-61.0,-37.0
2026-05-14T16:21:16.117201,3,1,-40.0,-34.0,-61.0,-37.0
2026-05-14T16:21:17.175093,3,1,-40.0,-34.0,-61.0,-37.0
2026-05-14T16:21:18.335088,3,1,-40.0,-34.0,-61.0,-37.0
2026-05-14T16:21:19.338237,3,1,-40.0,-37.0,-48.0,-46.0
2026-05-14T16:21:20.160725,3,1,-40.0,-37.0,-48.0,-46.0
2026-05-14T16:21:21.220972,3,1,-40.0,-37.0,-48.0,-46.0
2026-05-14T16:21:22.154563,3,1,-40.0,-37.0,-48.0,-46.0
2026-05-14T16:21:23.112944,3,1,-40.0,-37.0,-48.0,-46.0
2026-05-14T16:21:24.113994,3,1,-35.0,-35.0,-46.0,-41.0
2026-05-14T16:21:25.118068,3,1,-35.0,-35.0,-46.0,-41.0
2026-05-14T16:21:26.117633,3,1,-35.0,-35.0,-46.0,-41.0
2026-05-14T16:21:27.325836,3,1,-35.0,-35.0,-46.0,-41.0
2026-05-14T16:21:28.114066,3,1,-35.0,-35.0,-46.0,-41.0
2026-05-14T16:21:29.113619,3,1,-34.0,-41.0,-48.0,-40.0
2026-05-14T16:21:30.123344,3,1,-34.0,-41.0,-48.0,-40.0
2026-05-14T16:21:31.143633,3,1,-34.0,-41.0,-48.0,-40.0
2026-05-14T16:21:32.160861,3,1,-34.0,-41.0,-48.0,-40.0
2026-05-14T16:21:33.111799,3,1,-34.0,-41.0,-48.0,-40.0
2026-05-14T16:21:34.144185,3,1,-37.0,-32.0,-52.0,-46.0
2026-05-14T16:21:35.112099,3,1,-37.0,-32.0,-52.0,-46.0
2026-05-14T16:21:36.177674,3,1,-37.0,-32.0,-52.0,-46.0
2026-05-14T16:21:37.382376,3,1,-37.0,-32.0,-52.0,-46.0
2026-05-14T16:21:38.111803,3,1,-37.0,-32.0,-52.0,-46.0
2026-05-14T16:21:39.118215,3,1,-47.0,-31.0,-49.0,-47.0
2026-05-14T16:21:40.230530,3,1,-47.0,-31.0,-49.0,-47.0
2026-05-14T16:21:41.308252,3,1,-47.0,-31.0,-49.0,-47.0
2026-05-14T16:21:42.112000,3,1,-47.0,-31.0,-49.0,-47.0
2026-05-14T16:21:43.118592,3,1,-47.0,-31.0,-49.0,-47.0
2026-05-14T16:21:44.225248,3,1,-41.0,-42.0,-47.0,-41.0
2026-05-14T16:21:45.244558,3,1,-41.0,-42.0,-47.0,-41.0
2026-05-14T16:21:46.112513,3,1,-41.0,-42.0,-47.0,-41.0
2026-05-14T16:21:47.117037,3,1,-41.0,-42.0,-47.0,-41.0
2026-05-14T16:21:48.138530,3,1,-41.0,-42.0,-47.0,-41.0
2026-05-14T16:21:49.114154,3,1,-45.0,-42.0,-48.0,-39.0
2026-05-14T16:21:50.118466,3,1,-45.0,-42.0,-48.0,-39.0
2026-05-14T16:21:51.308242,3,1,-45.0,-42.0,-48.0,-39.0
2026-05-14T16:21:52.119191,3,1,-45.0,-42.0,-48.0,-39.0
2026-05-14T16:21:53.118627,3,1,-45.0,-42.0,-48.0,-39.0
2026-05-14T16:21:54.367760,3,1,-38.0,-42.0,-49.0,-39.0
2026-05-14T16:21:55.228284,3,1,-38.0,-42.0,-49.0,-39.0
2026-05-14T16:21:56.157768,3,1,-38.0,-42.0,-49.0,-39.0
2026-05-14T16:21:57.155732,3,1,-38.0,-42.0,-49.0,-39.0
2026-05-14T16:21:58.201806,3,1,-38.0,-42.0,-49.0,-39.0
2026-05-14T16:21:59.199861,3,1,-42.0,-55.0,-56.0,-42.0
2026-05-14T16:22:00.124239,3,1,-42.0,-55.0,-56.0,-42.0
2026-05-14T16:22:01.117402,3,1,-42.0,-55.0,-56.0,-42.0
2026-05-14T16:22:02.262992,3,1,-42.0,-55.0,-56.0,-42.0
2026-05-14T16:22:03.291138,3,1,-42.0,-55.0,-56.0,-42.0
2026-05-14T16:22:04.152566,3,1,-42.0,-47.0,-60.0,-42.0
2026-05-14T16:22:05.118360,3,1,-42.0,-47.0,-60.0,-42.0
2026-05-14T16:22:06.241779,3,1,-42.0,-47.0,-60.0,-42.0
2026-05-14T16:22:07.207551,3,1,-42.0,-47.0,-60.0,-42.0
2026-05-14T16:22:08.116263,3,1,-42.0,-47.0,-60.0,-42.0
2026-05-14T16:22:09.116642,3,1,-46.0,-41.0,-53.0,-39.0
2026-05-14T16:22:10.176059,3,1,-46.0,-41.0,-53.0,-39.0
2026-05-14T16:22:11.265090,3,1,-46.0,-41.0,-53.0,-39.0
2026-05-14T16:22:12.117041,3,1,-46.0,-41.0,-53.0,-39.0
2026-05-14T16:22:13.118376,3,1,-46.0,-41.0,-53.0,-39.0
2026-05-14T16:22:14.152908,3,1,-44.0,-42.0,-58.0,-42.0
2026-05-14T16:22:15.158010,3,1,-44.0,-42.0,-58.0,-42.0
2026-05-14T16:22:16.117855,3,1,-44.0,-42.0,-58.0,-42.0
2026-05-14T16:22:17.161196,3,1,-44.0,-42.0,-58.0,-42.0
2026-05-14T16:22:18.116864,3,1,-44.0,-42.0,-58.0,-42.0
2026-05-14T16:22:19.125834,3,1,-40.0,-46.0,-53.0,-38.0
2026-05-14T16:22:20.116613,3,1,-40.0,-46.0,-53.0,-38.0
2026-05-14T16:22:21.116612,3,1,-40.0,-46.0,-53.0,-38.0
2026-05-14T16:22:22.159335,3,1,-40.0,-46.0,-53.0,-38.0
2026-05-14T16:22:23.162460,3,1,-40.0,-46.0,-53.0,-38.0
2026-05-14T16:22:24.126156,3,1,-40.0,-49.0,-57.0,-37.0
2026-05-14T16:22:25.112179,3,1,-40.0,-49.0,-57.0,-37.0
2026-05-14T16:22:29.894019,3,1,-38.0,-45.0,-51.0,-52.0
2026-05-14T16:22:30.918118,3,1,-38.0,-45.0,-51.0,-52.0
2026-05-14T16:22:32.097992,3,1,-38.0,-45.0,-51.0,-52.0
2026-05-14T16:22:33.065822,3,1,-38.0,-45.0,-51.0,-52.0
2026-05-14T16:22:33.862960,3,1,-41.0,-33.0,-63.0,-48.0
2026-05-14T16:22:34.865883,3,1,-41.0,-33.0,-63.0,-48.0
2026-05-14T16:22:35.956668,3,1,-41.0,-33.0,-63.0,-48.0
2026-05-14T16:22:37.116617,3,1,-41.0,-33.0,-63.0,-48.0
2026-05-14T16:22:38.107315,3,1,-41.0,-33.0,-63.0,-48.0
2026-05-14T16:22:39.209605,3,1,-40.0,-31.0,-61.0,-55.0
2026-05-14T16:22:39.960969,3,1,-40.0,-31.0,-61.0,-55.0
2026-05-14T16:22:41.013881,3,1,-40.0,-31.0,-61.0,-55.0
2026-05-14T16:22:41.859940,3,1,-40.0,-31.0,-61.0,-55.0
2026-05-14T16:22:42.902978,3,1,-40.0,-31.0,-61.0,-55.0
2026-05-14T16:22:44.065272,3,1,-47.0,-33.0,-54.0,-43.0
2026-05-14T16:22:44.875633,3,1,-47.0,-33.0,-54.0,-43.0
2026-05-14T16:22:45.863571,3,1,-47.0,-33.0,-54.0,-43.0
2026-05-14T16:22:46.857982,3,1,-47.0,-33.0,-54.0,-43.0
2026-05-14T16:22:47.917153,3,1,-47.0,-33.0,-54.0,-43.0
2026-05-14T16:22:48.861281,3,1,-43.0,-30.0,-65.0,-42.0
2026-05-14T16:22:50.026981,3,1,-43.0,-30.0,-65.0,-42.0
2026-05-14T16:22:50.919360,3,1,-43.0,-30.0,-65.0,-42.0
2026-05-14T16:22:51.862971,3,1,-43.0,-30.0,-65.0,-42.0
2026-05-14T16:22:52.912830,3,1,-43.0,-30.0,-65.0,-42.0
2026-05-14T16:22:54.052328,3,1,-45.0,-31.0,-54.0,-45.0
2026-05-14T16:22:55.095676,3,1,-45.0,-31.0,-54.0,-45.0
2026-05-14T16:22:55.930243,3,1,-45.0,-31.0,-54.0,-45.0
2026-05-14T16:22:56.873632,3,1,-45.0,-31.0,-54.0,-45.0
2026-05-14T16:22:57.978154,3,1,-45.0,-31.0,-54.0,-45.0
2026-05-14T16:22:59.084386,3,1,-39.0,-31.0,-49.0,-55.0
2026-05-14T16:22:59.864379,3,1,-39.0,-31.0,-49.0,-55.0
2026-05-14T16:23:00.865121,3,1,-39.0,-31.0,-49.0,-55.0
2026-05-14T16:23:01.864233,3,1,-39.0,-31.0,-49.0,-55.0
2026-05-14T16:23:02.919162,3,1,-39.0,-31.0,-49.0,-55.0
2026-05-14T16:23:03.870763,3,1,-46.0,-33.0,-56.0,-51.0
2026-05-14T16:23:04.891160,3,1,-46.0,-33.0,-56.0,-51.0
2026-05-14T16:23:06.059212,3,1,-46.0,-33.0,-56.0,-51.0
2026-05-14T16:23:07.321035,3,1,-46.0,-33.0,-56.0,-51.0
2026-05-14T16:23:07.861618,3,1,-46.0,-33.0,-56.0,-51.0
2026-05-14T16:23:08.892539,3,1,-46.0,-32.0,-61.0,-49.0
2026-05-14T16:23:09.902534,3,1,-46.0,-32.0,-61.0,-49.0
2026-05-14T16:23:10.925113,3,1,-46.0,-32.0,-61.0,-49.0
2026-05-14T16:23:11.920020,3,1,-46.0,-32.0,-61.0,-49.0
2026-05-14T16:23:12.913498,3,1,-46.0,-32.0,-61.0,-49.0
2026-05-14T16:23:13.859208,3,1,-46.0,-31.0,-53.0,-47.0
2026-05-14T16:23:14.863874,3,1,-46.0,-31.0,-53.0,-47.0
2026-05-14T16:23:15.859035,3,1,-46.0,-31.0,-53.0,-47.0
2026-05-14T16:23:16.946699,3,1,-46.0,-31.0,-53.0,-47.0
2026-05-14T16:23:17.971010,3,1,-46.0,-31.0,-53.0,-47.0
2026-05-14T16:23:18.963605,3,1,-49.0,-39.0,-54.0,-43.0
2026-05-14T16:23:19.889414,3,1,-49.0,-39.0,-54.0,-43.0
2026-05-14T16:23:20.887980,3,1,-49.0,-39.0,-54.0,-43.0
2026-05-14T16:23:22.048966,3,1,-49.0,-39.0,-54.0,-43.0
2026-05-14T16:23:22.967817,3,1,-49.0,-39.0,-54.0,-43.0
2026-05-14T16:23:23.865532,3,1,-41.0,-44.0,-54.0,-47.0
2026-05-14T16:23:25.085020,3,1,-41.0,-44.0,-54.0,-47.0
2026-05-14T16:23:25.867642,3,1,-41.0,-44.0,-54.0,-47.0
2026-05-14T16:23:26.858583,3,1,-41.0,-44.0,-54.0,-47.0
2026-05-14T16:23:27.982254,3,1,-41.0,-44.0,-54.0,-47.0
2026-05-14T16:23:28.953858,3,1,-46.0,-35.0,-56.0,-47.0
2026-05-14T16:23:29.861203,3,1,-46.0,-35.0,-56.0,-47.0
2026-05-14T16:23:30.899547,3,1,-46.0,-35.0,-56.0,-47.0
2026-05-14T16:23:32.172026,3,1,-46.0,-35.0,-56.0,-47.0
2026-05-14T16:23:33.026508,3,1,-46.0,-35.0,-56.0,-47.0
2026-05-14T16:23:33.859344,3,1,-48.0,-32.0,-51.0,-46.0
2026-05-14T16:23:34.890511,3,1,-48.0,-32.0,-51.0,-46.0
2026-05-14T16:23:35.914334,3,1,-48.0,-32.0,-51.0,-46.0
2026-05-14T16:23:36.862266,3,1,-48.0,-32.0,-51.0,-46.0
2026-05-14T16:23:38.110120,3,1,-48.0,-32.0,-51.0,-46.0
2026-05-14T16:23:39.028629,3,1,-44.0,-38.0,-65.0,-37.0
2026-05-14T16:23:39.904823,3,1,-44.0,-38.0,-65.0,-37.0
2026-05-14T16:23:40.924759,3,1,-44.0,-38.0,-65.0,-37.0
2026-05-14T16:23:41.857925,3,1,-44.0,-38.0,-65.0,-37.0
2026-05-14T16:23:42.903974,3,1,-44.0,-38.0,-65.0,-37.0
2026-05-14T16:23:44.059218,3,1,-48.0,-43.0,-55.0,-35.0
2026-05-14T16:23:45.083385,3,1,-48.0,-43.0,-55.0,-35.0
2026-05-14T16:23:46.005727,3,1,-48.0,-43.0,-55.0,-35.0
2026-05-14T16:23:46.907714,3,1,-48.0,-43.0,-55.0,-35.0
2026-05-14T16:23:47.917436,3,1,-48.0,-43.0,-55.0,-35.0
2026-05-14T16:23:48.876620,3,1,-38.0,-44.0,-53.0,-38.0
2026-05-14T16:23:49.902992,3,1,-38.0,-44.0,-53.0,-38.0
2026-05-14T16:23:50.908269,3,1,-38.0,-44.0,-53.0,-38.0
2026-05-14T16:23:51.874099,3,1,-38.0,-44.0,-53.0,-38.0
2026-05-14T16:23:52.912692,3,1,-38.0,-44.0,-53.0,-38.0
2026-05-14T16:23:54.027968,3,1,-43.0,-48.0,-59.0,-36.0
2026-05-14T16:23:55.064637,3,1,-43.0,-48.0,-59.0,-36.0
2026-05-14T16:23:56.200978,3,1,-43.0,-48.0,-59.0,-36.0
2026-05-14T16:23:57.118322,3,1,-43.0,-48.0,-59.0,-36.0
2026-05-14T16:23:57.858179,3,1,-43.0,-48.0,-59.0,-36.0
2026-05-14T16:23:58.858990,3,1,-41.0,-38.0,-52.0,-41.0
2026-05-14T16:24:00.044306,3,1,-41.0,-38.0,-52.0,-41.0
2026-05-14T16:24:00.948973,3,1,-41.0,-38.0,-52.0,-41.0
2026-05-14T16:24:02.152760,3,1,-41.0,-38.0,-52.0,-41.0
2026-05-14T16:24:03.030043,3,1,-41.0,-38.0,-52.0,-41.0
2026-05-14T16:24:03.863914,3,1,-43.0,-42.0,-54.0,-40.0
2026-05-14T16:24:04.858598,3,1,-43.0,-42.0,-54.0,-40.0
2026-05-14T16:24:05.884483,3,1,-43.0,-42.0,-54.0,-40.0
2026-05-14T16:24:07.021111,3,1,-43.0,-42.0,-54.0,-40.0
2026-05-14T16:24:07.869657,3,1,-43.0,-42.0,-54.0,-40.0
2026-05-14T16:24:08.977518,3,1,-45.0,-39.0,-51.0,-35.0
2026-05-14T16:24:09.878598,3,1,-45.0,-39.0,-51.0,-35.0
2026-05-14T16:24:10.863601,3,1,-45.0,-39.0,-51.0,-35.0
2026-05-14T16:24:11.858158,3,1,-45.0,-39.0,-51.0,-35.0
2026-05-14T16:24:12.906177,3,1,-45.0,-39.0,-51.0,-35.0
2026-05-14T16:24:13.866875,3,1,-43.0,-40.0,-54.0,-41.0
2026-05-14T16:24:14.863373,3,1,-43.0,-40.0,-54.0,-41.0
2026-05-14T16:24:15.911001,3,1,-43.0,-40.0,-54.0,-41.0
2026-05-14T16:24:16.893194,3,1,-43.0,-40.0,-54.0,-41.0
2026-05-14T16:24:17.902907,3,1,-43.0,-40.0,-54.0,-41.0
2026-05-14T16:24:18.859971,3,1,-45.0,-44.0,-55.0,-35.0
2026-05-14T16:24:20.071998,3,1,-45.0,-44.0,-55.0,-35.0
2026-05-14T16:24:21.019440,3,1,-45.0,-44.0,-55.0,-35.0
2026-05-14T16:24:21.914695,3,1,-45.0,-44.0,-55.0,-35.0
2026-05-14T16:24:22.857572,3,1,-45.0,-44.0,-55.0,-35.0
2026-05-14T16:24:23.903009,3,1,-42.0,-45.0,-51.0,-43.0
2026-05-14T16:24:24.865535,3,1,-42.0,-45.0,-51.0,-43.0
2026-05-14T16:24:25.911828,3,1,-42.0,-45.0,-51.0,-43.0
2026-05-14T16:24:26.932116,3,1,-42.0,-45.0,-51.0,-43.0
2026-05-14T16:24:27.857885,3,1,-42.0,-45.0,-51.0,-43.0
2026-05-14T16:24:28.858706,3,1,-43.0,-40.0,-51.0,-35.0
2026-05-14T16:24:33.900071,3,0,-38.0,-40.0,-50.0,-39.0
2026-05-14T16:24:34.903429,3,0,-38.0,-40.0,-50.0,-39.0
2026-05-14T16:24:35.965702,3,0,-38.0,-40.0,-50.0,-39.0
2026-05-14T16:24:36.990360,3,0,-38.0,-40.0,-50.0,-39.0
2026-05-14T16:24:38.222037,3,0,-38.0,-40.0,-50.0,-39.0
2026-05-14T16:24:38.920718,3,0,-46.0,-13.0,-55.0,-50.0
2026-05-14T16:24:40.014735,3,0,-46.0,-13.0,-55.0,-50.0
2026-05-14T16:24:40.901115,3,0,-46.0,-13.0,-55.0,-50.0
2026-05-14T16:24:41.962178,3,0,-46.0,-13.0,-55.0,-50.0
2026-05-14T16:24:42.902595,3,0,-46.0,-13.0,-55.0,-50.0
2026-05-14T16:24:44.136790,3,0,-40.0,-19.0,-51.0,-41.0
2026-05-14T16:24:44.981580,3,0,-40.0,-19.0,-51.0,-41.0
2026-05-14T16:24:45.945714,3,0,-40.0,-19.0,-51.0,-41.0
2026-05-14T16:24:46.955772,3,0,-40.0,-19.0,-51.0,-41.0
2026-05-14T16:24:47.953971,3,0,-40.0,-19.0,-51.0,-41.0
2026-05-14T16:24:48.963507,3,0,-40.0,-15.0,-56.0,-47.0
2026-05-14T16:24:49.901302,3,0,-40.0,-15.0,-56.0,-47.0
2026-05-14T16:24:50.921876,3,0,-40.0,-15.0,-56.0,-47.0
2026-05-14T16:24:52.054644,3,0,-40.0,-15.0,-56.0,-47.0
2026-05-14T16:24:53.260034,3,0,-40.0,-15.0,-56.0,-47.0
2026-05-14T16:24:53.939139,3,0,-57.0,-30.0,-52.0,-45.0
2026-05-14T16:24:54.902532,3,0,-57.0,-30.0,-52.0,-45.0
2026-05-14T16:24:55.922681,3,0,-57.0,-30.0,-52.0,-45.0
2026-05-14T16:24:57.162714,3,0,-57.0,-30.0,-52.0,-45.0
2026-05-14T16:24:57.901677,3,0,-57.0,-30.0,-52.0,-45.0
2026-05-14T16:24:58.898696,3,0,-57.0,-27.0,-50.0,-47.0
2026-05-14T16:25:00.110957,3,0,-57.0,-27.0,-50.0,-47.0
2026-05-14T16:25:01.977158,3,0,-57.0,-27.0,-50.0,-47.0
2026-05-14T16:25:01.981894,3,0,-57.0,-27.0,-50.0,-47.0
2026-05-14T16:25:03.000068,3,0,-57.0,-27.0,-50.0,-47.0
2026-05-14T16:25:03.902372,3,0,-59.0,-28.0,-51.0,-44.0
2026-05-14T16:25:04.902802,3,0,-59.0,-28.0,-51.0,-44.0
2026-05-14T16:25:05.903462,3,0,-59.0,-28.0,-51.0,-44.0
2026-05-14T16:25:06.954659,3,0,-59.0,-28.0,-51.0,-44.0
2026-05-14T16:25:08.118706,3,0,-59.0,-28.0,-51.0,-44.0
2026-05-14T16:25:09.061733,3,0,-59.0,-23.0,-53.0,-44.0
2026-05-14T16:25:10.089545,3,0,-59.0,-23.0,-53.0,-44.0
2026-05-14T16:25:10.989394,3,0,-59.0,-23.0,-53.0,-44.0
2026-05-14T16:25:11.901712,3,0,-59.0,-23.0,-53.0,-44.0
2026-05-14T16:25:12.898687,3,0,-59.0,-23.0,-53.0,-44.0
2026-05-14T16:25:13.900846,3,0,-46.0,-24.0,-56.0,-43.0
2026-05-14T16:25:14.972649,3,0,-46.0,-24.0,-56.0,-43.0
2026-05-14T16:25:16.106763,3,0,-46.0,-24.0,-56.0,-43.0
2026-05-14T16:25:17.367895,3,0,-46.0,-24.0,-56.0,-43.0
2026-05-14T16:25:17.896029,3,0,-46.0,-24.0,-56.0,-43.0
2026-05-14T16:25:18.950408,3,0,-33.0,-18.0,-46.0,-43.0
2026-05-14T16:25:19.917852,3,0,-33.0,-18.0,-46.0,-43.0
2026-05-14T16:25:20.914719,3,0,-33.0,-18.0,-46.0,-43.0
2026-05-14T16:25:21.900757,3,0,-33.0,-18.0,-46.0,-43.0
2026-05-14T16:25:22.970004,3,0,-33.0,-18.0,-46.0,-43.0
2026-05-14T16:25:23.911184,3,0,-47.0,-15.0,-46.0,-44.0
2026-05-14T16:25:24.912105,3,0,-47.0,-15.0,-46.0,-44.0
2026-05-14T16:25:25.916460,3,0,-47.0,-15.0,-46.0,-44.0
2026-05-14T16:25:27.097622,3,0,-47.0,-15.0,-46.0,-44.0
2026-05-14T16:25:28.090116,3,0,-47.0,-15.0,-46.0,-44.0
2026-05-14T16:25:29.008378,3,0,-27.0,-14.0,-45.0,-47.0
2026-05-14T16:25:30.057940,3,0,-27.0,-14.0,-45.0,-47.0
2026-05-14T16:25:31.057174,3,0,-27.0,-14.0,-45.0,-47.0
2026-05-14T16:25:31.901619,3,0,-27.0,-14.0,-45.0,-47.0
2026-05-14T16:25:32.961658,3,0,-27.0,-14.0,-45.0,-47.0
2026-05-14T16:25:34.076842,3,0,-43.0,-14.0,-45.0,-48.0
2026-05-14T16:25:35.049831,3,0,-43.0,-14.0,-45.0,-48.0
2026-05-14T16:25:35.977073,3,0,-43.0,-14.0,-45.0,-48.0
2026-05-14T16:25:37.214894,3,0,-43.0,-14.0,-45.0,-48.0
2026-05-14T16:25:37.917970,3,0,-43.0,-14.0,-45.0,-48.0
2026-05-14T16:25:38.949455,3,0,-43.0,-21.0,-64.0,-44.0
2026-05-14T16:25:39.922496,3,0,-43.0,-21.0,-64.0,-44.0
2026-05-14T16:25:40.913808,3,0,-43.0,-21.0,-64.0,-44.0
2026-05-14T16:25:42.026960,3,0,-43.0,-21.0,-64.0,-44.0
2026-05-14T16:25:42.953133,3,0,-43.0,-21.0,-64.0,-44.0
2026-05-14T16:25:44.084586,3,0,-42.0,-35.0,-48.0,-51.0
2026-05-14T16:25:44.951247,3,0,-42.0,-35.0,-48.0,-51.0
2026-05-14T16:25:45.969730,3,0,-42.0,-35.0,-48.0,-51.0
2026-05-14T16:25:46.912857,3,0,-42.0,-35.0,-48.0,-51.0
2026-05-14T16:25:48.158998,3,0,-42.0,-35.0,-48.0,-51.0
2026-05-14T16:25:48.994807,3,0,-47.0,-32.0,-49.0,-52.0
2026-05-14T16:25:50.103264,3,0,-47.0,-32.0,-49.0,-52.0
2026-05-14T16:25:51.025356,3,0,-47.0,-32.0,-49.0,-52.0
2026-05-14T16:25:51.901418,3,0,-47.0,-32.0,-49.0,-52.0
2026-05-14T16:25:52.932111,3,0,-47.0,-32.0,-49.0,-52.0
2026-05-14T16:25:53.939633,3,0,-39.0,-38.0,-46.0,-47.0
2026-05-14T16:25:54.900804,3,0,-39.0,-38.0,-46.0,-47.0
2026-05-14T16:25:56.122882,3,0,-39.0,-38.0,-46.0,-47.0
2026-05-14T16:25:57.102677,3,0,-39.0,-38.0,-46.0,-47.0
2026-05-14T16:25:57.901553,3,0,-39.0,-38.0,-46.0,-47.0
2026-05-14T16:25:58.964346,3,0,-45.0,-37.0,-52.0,-50.0
2026-05-14T16:26:00.041839,3,0,-45.0,-37.0,-52.0,-50.0
2026-05-14T16:26:00.947713,3,0,-45.0,-37.0,-52.0,-50.0
2026-05-14T16:26:02.118659,3,0,-45.0,-37.0,-52.0,-50.0
2026-05-14T16:26:03.106503,3,0,-45.0,-37.0,-52.0,-50.0
2026-05-14T16:26:04.087463,3,0,-41.0,-34.0,-50.0,-50.0
2026-05-14T16:26:05.074360,3,0,-41.0,-34.0,-50.0,-50.0
2026-05-14T16:26:05.993970,3,0,-41.0,-34.0,-50.0,-50.0
2026-05-14T16:26:07.318566,3,0,-41.0,-34.0,-50.0,-50.0
2026-05-14T16:26:07.984101,3,0,-41.0,-34.0,-50.0,-50.0
2026-05-14T16:26:08.899245,3,0,-37.0,-34.0,-49.0,-47.0
2026-05-14T16:26:10.078117,3,0,-37.0,-34.0,-49.0,-47.0
2026-05-14T16:26:11.648036,3,0,-37.0,-34.0,-49.0,-47.0
2026-05-14T16:26:11.899676,3,0,-37.0,-34.0,-49.0,-47.0
2026-05-14T16:26:12.897218,3,0,-37.0,-34.0,-49.0,-47.0
2026-05-14T16:26:13.933628,3,0,-37.0,-35.0,-47.0,-43.0
2026-05-14T16:26:14.901425,3,0,-37.0,-35.0,-47.0,-43.0
2026-05-14T16:26:16.114184,3,0,-37.0,-35.0,-47.0,-43.0
2026-05-14T16:26:17.320032,3,0,-37.0,-35.0,-47.0,-43.0
2026-05-14T16:26:17.901465,3,0,-37.0,-35.0,-47.0,-43.0
2026-05-14T16:26:18.972114,3,0,-42.0,-35.0,-50.0,-43.0
2026-05-14T16:26:19.963879,3,0,-42.0,-35.0,-50.0,-43.0
2026-05-14T16:26:20.970404,3,0,-42.0,-35.0,-50.0,-43.0
2026-05-14T16:26:21.987421,3,0,-42.0,-35.0,-50.0,-43.0
2026-05-14T16:26:22.973036,3,0,-42.0,-35.0,-50.0,-43.0
2026-05-14T16:26:24.108157,3,0,-45.0,-35.0,-56.0,-48.0
2026-05-14T16:26:25.129449,3,0,-45.0,-35.0,-56.0,-48.0
2026-05-14T16:26:25.943357,3,0,-45.0,-35.0,-56.0,-48.0
2026-05-14T16:26:27.032639,3,0,-45.0,-35.0,-56.0,-48.0
2026-05-14T16:26:27.901277,3,0,-45.0,-35.0,-56.0,-48.0
2026-05-14T16:26:28.944285,3,0,-45.0,-33.0,-50.0,-48.0
2026-05-14T16:26:29.952285,3,0,-45.0,-33.0,-50.0,-48.0
2026-05-14T16:26:30.971822,3,0,-45.0,-33.0,-50.0,-48.0
2026-05-14T16:26:31.988040,3,0,-45.0,-33.0,-50.0,-48.0
2026-05-14T16:26:32.917655,3,0,-45.0,-33.0,-50.0,-48.0
2026-05-14T16:26:34.867279,3,0,-43.0,-30.0,-49.0,-46.0
2026-05-14T16:26:35.861957,3,0,-43.0,-30.0,-49.0,-46.0
2026-05-14T16:26:36.887516,3,0,-43.0,-30.0,-49.0,-46.0
2026-05-14T16:26:38.134668,3,0,-43.0,-30.0,-49.0,-46.0
2026-05-14T16:26:38.908103,3,0,-47.0,-33.0,-49.0,-40.0
2026-05-14T16:26:39.887849,3,0,-47.0,-33.0,-49.0,-40.0
2026-05-14T16:26:40.882960,3,0,-47.0,-33.0,-49.0,-40.0
2026-05-14T16:26:41.849298,3,0,-47.0,-33.0,-49.0,-40.0
2026-05-14T16:26:42.873967,3,0,-47.0,-33.0,-49.0,-40.0
2026-05-14T16:26:43.964548,3,0,-45.0,-29.0,-58.0,-46.0
2026-05-14T16:26:44.969109,3,0,-45.0,-29.0,-58.0,-46.0
2026-05-14T16:26:46.121948,3,0,-45.0,-29.0,-58.0,-46.0
2026-05-14T16:26:47.014469,3,0,-45.0,-29.0,-58.0,-46.0
2026-05-14T16:26:47.971811,3,0,-45.0,-29.0,-58.0,-46.0
2026-05-14T16:26:48.862402,3,0,-43.0,-39.0,-56.0,-44.0
2026-05-14T16:26:49.895201,3,0,-43.0,-39.0,-56.0,-44.0
2026-05-14T16:26:50.909283,3,0,-43.0,-39.0,-56.0,-44.0
2026-05-14T16:26:51.843867,3,0,-43.0,-39.0,-56.0,-44.0
2026-05-14T16:26:52.856627,3,0,-43.0,-39.0,-56.0,-44.0
2026-05-14T16:26:53.844551,3,0,-43.0,-41.0,-54.0,-38.0
2026-05-14T16:26:54.848422,3,0,-43.0,-41.0,-54.0,-38.0
2026-05-14T16:26:55.923950,3,0,-43.0,-41.0,-54.0,-38.0
2026-05-14T16:26:57.105835,3,0,-43.0,-41.0,-54.0,-38.0
2026-05-14T16:26:58.097253,3,0,-43.0,-41.0,-54.0,-38.0
2026-05-14T16:26:59.017880,3,0,-44.0,-37.0,-48.0,-43.0
2026-05-14T16:27:00.046370,3,0,-44.0,-37.0,-48.0,-43.0
2026-05-14T16:27:00.861263,3,0,-44.0,-37.0,-48.0,-43.0
2026-05-14T16:27:01.893451,3,0,-44.0,-37.0,-48.0,-43.0
2026-05-14T16:27:02.849864,3,0,-44.0,-37.0,-48.0,-43.0
2026-05-14T16:27:03.847766,3,0,-42.0,-40.0,-48.0,-38.0
2026-05-14T16:27:04.843938,3,0,-42.0,-40.0,-48.0,-38.0
2026-05-14T16:27:05.974533,3,0,-42.0,-40.0,-48.0,-38.0
2026-05-14T16:27:07.292639,3,0,-42.0,-40.0,-48.0,-38.0
2026-05-14T16:27:07.844471,3,0,-42.0,-40.0,-48.0,-38.0
2026-05-14T16:27:08.844177,3,0,-42.0,-34.0,-56.0,-36.0
2026-05-14T16:27:09.845647,3,0,-42.0,-34.0,-56.0,-36.0
2026-05-14T16:27:10.893867,3,0,-42.0,-34.0,-56.0,-36.0
2026-05-14T16:27:11.849121,3,0,-42.0,-34.0,-56.0,-36.0
2026-05-14T16:27:12.945070,3,0,-42.0,-34.0,-56.0,-36.0
2026-05-14T16:27:13.844130,3,0,-42.0,-37.0,-51.0,-37.0
2026-05-14T16:27:14.885125,3,0,-42.0,-37.0,-51.0,-37.0
2026-05-14T16:27:15.896526,3,0,-42.0,-37.0,-51.0,-37.0
2026-05-14T16:27:17.122170,3,0,-42.0,-37.0,-51.0,-37.0
2026-05-14T16:27:18.025756,3,0,-42.0,-37.0,-51.0,-37.0
2026-05-14T16:27:19.272532,3,0,-47.0,-35.0,-51.0,-34.0
2026-05-14T16:27:19.925906,3,0,-47.0,-35.0,-51.0,-34.0
2026-05-14T16:27:20.848251,3,0,-47.0,-35.0,-51.0,-34.0
2026-05-14T16:27:21.848541,3,0,-47.0,-35.0,-51.0,-34.0
2026-05-14T16:27:22.847722,3,0,-47.0,-35.0,-51.0,-34.0
2026-05-14T16:27:23.851415,3,0,-47.0,-32.0,-44.0,-39.0
2026-05-14T16:27:24.858750,3,0,-47.0,-32.0,-44.0,-39.0
2026-05-14T16:27:26.015106,3,0,-47.0,-32.0,-44.0,-39.0
2026-05-14T16:27:27.242124,3,0,-47.0,-32.0,-44.0,-39.0
2026-05-14T16:27:29.500510,3,0,-47.0,-32.0,-44.0,-39.0
2026-05-14T16:27:29.507949,3,0,-47.0,-34.0,-47.0,-42.0
2026-05-14T16:27:30.240027,3,0,-47.0,-34.0,-47.0,-42.0
2026-05-14T16:27:30.971516,3,0,-47.0,-34.0,-47.0,-42.0
2026-05-14T16:27:31.849778,3,0,-47.0,-34.0,-47.0,-42.0
2026-05-14T16:27:32.844889,3,0,-47.0,-34.0,-47.0,-42.0
2026-05-14T16:27:34.041767,3,0,-46.0,-38.0,-47.0,-38.0
2026-05-14T16:27:34.848924,3,0,-46.0,-38.0,-47.0,-38.0
2026-05-14T16:27:35.990258,3,0,-46.0,-38.0,-47.0,-38.0
2026-05-14T16:27:37.009254,3,0,-46.0,-38.0,-47.0,-38.0
2026-05-14T16:27:37.891632,3,0,-46.0,-38.0,-47.0,-38.0
2026-05-14T16:27:38.842871,3,0,-47.0,-39.0,-48.0,-35.0
2026-05-14T16:27:39.981493,3,0,-47.0,-39.0,-48.0,-35.0
2026-05-14T16:27:40.886435,3,0,-47.0,-39.0,-48.0,-35.0
2026-05-14T16:27:42.029800,3,0,-47.0,-39.0,-48.0,-35.0
2026-05-14T16:27:42.950183,3,0,-47.0,-39.0,-48.0,-35.0
2026-05-14T16:27:43.848467,3,0,-44.0,-31.0,-47.0,-41.0
2026-05-14T16:27:44.888777,3,0,-44.0,-31.0,-47.0,-41.0
2026-05-14T16:27:45.895174,3,0,-44.0,-31.0,-47.0,-41.0
2026-05-14T16:27:47.854939,3,0,-44.0,-31.0,-47.0,-41.0
2026-05-14T16:27:47.859030,3,0,-44.0,-31.0,-47.0,-41.0
2026-05-14T16:27:48.845752,3,0,-43.0,-29.0,-46.0,-38.0
2026-05-14T16:27:49.848468,3,0,-43.0,-29.0,-46.0,-38.0
2026-05-14T16:27:50.845230,3,0,-43.0,-29.0,-46.0,-38.0
2026-05-14T16:27:51.867850,3,0,-43.0,-29.0,-46.0,-38.0
2026-05-14T16:27:52.844459,3,0,-43.0,-29.0,-46.0,-38.0
2026-05-14T16:27:53.842705,3,0,-48.0,-39.0,-46.0,-37.0
2026-05-14T16:27:54.843260,3,0,-48.0,-39.0,-46.0,-37.0
2026-05-14T16:27:55.848309,3,0,-48.0,-39.0,-46.0,-37.0
2026-05-14T16:27:56.848777,3,0,-48.0,-39.0,-46.0,-37.0
2026-05-14T16:27:57.972190,3,0,-48.0,-39.0,-46.0,-37.0
2026-05-14T16:27:58.915090,3,0,-45.0,-27.0,-46.0,-38.0
2026-05-14T16:27:59.848927,3,0,-45.0,-27.0,-46.0,-38.0
2026-05-14T16:28:00.884933,3,0,-45.0,-27.0,-46.0,-38.0
2026-05-14T16:28:01.849457,3,0,-45.0,-27.0,-46.0,-38.0
2026-05-14T16:28:02.849629,3,0,-45.0,-27.0,-46.0,-38.0
2026-05-14T16:28:03.874767,3,0,-45.0,-34.0,-52.0,-34.0
2026-05-14T16:28:04.849285,3,0,-45.0,-34.0,-52.0,-34.0
2026-05-14T16:28:06.051573,3,0,-45.0,-34.0,-52.0,-34.0
2026-05-14T16:28:07.021621,3,0,-45.0,-34.0,-52.0,-34.0
2026-05-14T16:28:07.891422,3,0,-45.0,-34.0,-52.0,-34.0
2026-05-14T16:28:08.844405,3,0,-46.0,-33.0,-52.0,-37.0
2026-05-14T16:28:09.847432,3,0,-46.0,-33.0,-52.0,-37.0
2026-05-14T16:28:10.948682,3,0,-46.0,-33.0,-52.0,-37.0
2026-05-14T16:28:11.848647,3,0,-46.0,-33.0,-52.0,-37.0
2026-05-14T16:28:12.914730,3,0,-46.0,-33.0,-52.0,-37.0
2026-05-14T16:28:13.843471,3,0,-47.0,-34.0,-54.0,-35.0
2026-05-14T16:28:14.852126,3,0,-47.0,-34.0,-54.0,-35.0
2026-05-14T16:28:16.030864,3,0,-47.0,-34.0,-54.0,-35.0
2026-05-14T16:28:16.996810,3,0,-47.0,-34.0,-54.0,-35.0
2026-05-14T16:28:18.289629,3,0,-47.0,-34.0,-54.0,-35.0
2026-05-14T16:28:18.848560,3,0,-47.0,-31.0,-48.0,-36.0
2026-05-14T16:28:19.894415,3,0,-47.0,-31.0,-48.0,-36.0
2026-05-14T16:28:20.919597,3,0,-47.0,-31.0,-48.0,-36.0
2026-05-14T16:28:21.894425,3,0,-47.0,-31.0,-48.0,-36.0
2026-05-14T16:28:22.847163,3,0,-47.0,-31.0,-48.0,-36.0
2026-05-14T16:28:23.877378,3,0,-47.0,-33.0,-47.0,-38.0
2026-05-14T16:28:24.886479,3,0,-47.0,-33.0,-47.0,-38.0
2026-05-14T16:28:26.109842,3,0,-47.0,-33.0,-47.0,-38.0
2026-05-14T16:28:27.107974,3,0,-47.0,-33.0,-47.0,-38.0
2026-05-14T16:28:27.875863,3,0,-47.0,-33.0,-47.0,-38.0
2026-05-14T16:28:28.843706,3,0,-47.0,-32.0,-48.0,-38.0
2026-05-14T16:28:29.849608,3,0,-47.0,-32.0,-48.0,-38.0
2026-05-14T16:28:30.845470,3,0,-47.0,-32.0,-48.0,-38.0
2026-05-14T16:28:31.880004,3,0,-47.0,-32.0,-48.0,-38.0
2026-05-14T16:28:33.123733,3,0,-47.0,-32.0,-48.0,-38.0
2026-05-14T16:28:34.088435,3,0,-50.0,-32.0,-47.0,-41.0
2026-05-14T18:41:24.709014,3,1,-50.0,-42.0,-69.0,-38.0
2026-05-14T18:41:25.730739,3,1,-50.0,-42.0,-69.0,-38.0
2026-05-14T18:41:26.915996,3,1,-50.0,-42.0,-69.0,-38.0
2026-05-14T18:41:27.794049,3,1,-50.0,-42.0,-69.0,-38.0
2026-05-14T18:41:28.812278,3,1,-32.0,-42.0,-47.0,-41.0
2026-05-14T18:41:29.784329,3,1,-32.0,-42.0,-47.0,-41.0
2026-05-14T18:41:30.832513,3,1,-32.0,-42.0,-47.0,-41.0
2026-05-14T18:41:31.758025,3,1,-32.0,-42.0,-47.0,-41.0
2026-05-14T18:41:32.744551,3,1,-32.0,-42.0,-47.0,-41.0
2026-05-14T18:41:33.731074,3,1,-33.0,-41.0,-52.0,-40.0
2026-05-14T18:41:34.758385,3,1,-33.0,-41.0,-52.0,-40.0
2026-05-14T18:41:35.858952,3,1,-33.0,-41.0,-52.0,-40.0
2026-05-14T18:41:36.771967,3,1,-33.0,-41.0,-52.0,-40.0
2026-05-14T18:41:38.085181,3,1,-33.0,-41.0,-52.0,-40.0
2026-05-14T18:41:38.872443,3,1,-34.0,-46.0,-48.0,-47.0
2026-05-14T18:41:40.022102,3,1,-34.0,-46.0,-48.0,-47.0
2026-05-14T18:41:40.937978,3,1,-34.0,-46.0,-48.0,-47.0
2026-05-14T18:41:42.086201,3,1,-34.0,-46.0,-48.0,-47.0
2026-05-14T18:41:43.175329,3,1,-34.0,-46.0,-48.0,-47.0
2026-05-14T18:41:43.991270,3,1,-46.0,-44.0,-60.0,-36.0
2026-05-14T18:41:44.682416,3,1,-46.0,-44.0,-60.0,-36.0
2026-05-14T18:41:45.857688,3,1,-46.0,-44.0,-60.0,-36.0
2026-05-14T18:41:46.847340,3,1,-46.0,-44.0,-60.0,-36.0
2026-05-14T18:41:47.727339,3,1,-46.0,-44.0,-60.0,-36.0
2026-05-14T18:41:49.032230,3,1,-49.0,-53.0,-64.0,-30.0
2026-05-14T18:41:49.780015,3,1,-49.0,-53.0,-64.0,-30.0
2026-05-14T18:41:50.862267,3,1,-49.0,-53.0,-64.0,-30.0
2026-05-14T18:41:51.917778,3,1,-49.0,-53.0,-64.0,-30.0
2026-05-14T18:41:52.736430,3,1,-49.0,-53.0,-64.0,-30.0
2026-05-14T18:41:53.947836,3,1,-43.0,-45.0,-51.0,-37.0
2026-05-14T18:41:54.848511,3,1,-43.0,-45.0,-51.0,-37.0
2026-05-14T18:41:56.268776,3,1,-43.0,-45.0,-51.0,-37.0
2026-05-14T18:41:56.861690,3,1,-43.0,-45.0,-51.0,-37.0
2026-05-14T18:41:58.096376,3,1,-43.0,-45.0,-51.0,-37.0
2026-05-14T18:41:58.777565,3,1,-48.0,-43.0,-61.0,-33.0
2026-05-14T18:41:59.871637,3,1,-48.0,-43.0,-61.0,-33.0
2026-05-14T18:42:01.015074,3,1,-48.0,-43.0,-61.0,-33.0
2026-05-14T18:42:01.994785,3,1,-48.0,-43.0,-61.0,-33.0
2026-05-14T18:42:02.845000,3,1,-48.0,-43.0,-61.0,-33.0
2026-05-14T18:42:03.771681,3,1,-44.0,-41.0,-51.0,-31.0
2026-05-14T18:42:04.772136,3,1,-44.0,-41.0,-51.0,-31.0
2026-05-14T18:42:05.843004,3,1,-44.0,-41.0,-51.0,-31.0
2026-05-14T18:42:06.979679,3,1,-44.0,-41.0,-51.0,-31.0
2026-05-14T18:42:07.734335,3,1,-44.0,-41.0,-51.0,-31.0
2026-05-14T18:42:08.763918,3,1,-42.0,-44.0,-62.0,-36.0
2026-05-14T18:42:09.763057,3,1,-42.0,-44.0,-62.0,-36.0
2026-05-14T18:42:10.851923,3,1,-42.0,-44.0,-62.0,-36.0
2026-05-14T18:42:11.813062,3,1,-42.0,-44.0,-62.0,-36.0
2026-05-14T18:42:12.828716,3,1,-42.0,-44.0,-62.0,-36.0
2026-05-14T18:42:14.055645,3,1,-47.0,-45.0,-58.0,-43.0
2026-05-14T18:42:14.784245,3,1,-47.0,-45.0,-58.0,-43.0
2026-05-14T18:42:15.728749,3,1,-47.0,-45.0,-58.0,-43.0
2026-05-14T18:42:16.845239,3,1,-47.0,-45.0,-58.0,-43.0
2026-05-14T18:42:17.742883,3,1,-47.0,-45.0,-58.0,-43.0
2026-05-14T18:42:18.830329,3,1,-42.0,-45.0,-57.0,-38.0
2026-05-14T18:42:19.788490,3,1,-42.0,-45.0,-57.0,-38.0
2026-05-14T18:42:20.800744,3,1,-42.0,-45.0,-57.0,-38.0
2026-05-14T18:42:21.992108,3,1,-42.0,-45.0,-57.0,-38.0
2026-05-14T18:42:23.098533,3,1,-42.0,-45.0,-57.0,-38.0
2026-05-14T18:42:23.816267,3,1,-48.0,-44.0,-61.0,-24.0
