timestamp,cell_col,cell_row,rssi_0,rssi_1,rssi_2,rssi_3
2026-05-13T21:38:22.511428,0,0,-46.0,-45.0,-41.0,-44.0
2026-05-13T21:38:23.221552,0,0,-46.0,-45.0,-41.0,-44.0
2026-05-13T21:38:24.240231,0,0,-46.0,-45.0,-41.0,-44.0
2026-05-13T21:38:25.368159,0,0,-46.0,-45.0,-41.0,-44.0
2026-05-13T21:38:26.292668,0,0,-46.0,-45.0,-41.0,-44.0
2026-05-13T21:38:27.316653,0,0,-43.0,-43.0,-37.0,-41.0
2026-05-13T21:38:28.336797,0,0,-43.0,-43.0,-37.0,-41.0
2026-05-13T21:38:29.254432,0,0,-43.0,-43.0,-37.0,-41.0
2026-05-13T21:38:30.276682,0,0,-43.0,-43.0,-37.0,-41.0
2026-05-13T21:38:31.207700,0,0,-43.0,-43.0,-37.0,-41.0
2026-05-13T21:38:32.233578,0,0,-43.0,-49.0,-40.0,-46.0
2026-05-13T21:38:33.354564,0,0,-43.0,-49.0,-40.0,-46.0
2026-05-13T21:38:34.583894,0,0,-43.0,-49.0,-40.0,-46.0
2026-05-13T21:38:35.202516,0,0,-43.0,-49.0,-40.0,-46.0
2026-05-13T21:38:36.128861,0,0,-43.0,-49.0,-40.0,-46.0
2026-05-13T21:38:37.174265,0,0,-39.0,-52.0,-46.0,-43.0
2026-05-13T21:38:38.176674,0,0,-39.0,-52.0,-46.0,-43.0
2026-05-13T21:38:39.123714,0,0,-39.0,-52.0,-46.0,-43.0
2026-05-13T21:38:40.318497,0,0,-39.0,-52.0,-46.0,-43.0
2026-05-13T21:38:41.232263,0,0,-39.0,-52.0,-46.0,-43.0
2026-05-13T21:38:42.266791,0,0,-38.0,-49.0,-50.0,-43.0
2026-05-13T21:38:43.187841,0,0,-38.0,-49.0,-50.0,-43.0
2026-05-13T21:38:44.213105,0,0,-38.0,-49.0,-50.0,-43.0
2026-05-13T21:38:45.335648,0,0,-38.0,-49.0,-50.0,-43.0
2026-05-13T21:38:46.668564,0,0,-38.0,-49.0,-50.0,-43.0
2026-05-13T21:38:47.283820,0,0,-37.0,-56.0,-50.0,-37.0
2026-05-13T21:38:48.206607,0,0,-37.0,-56.0,-50.0,-37.0
2026-05-13T21:38:49.183372,0,0,-37.0,-56.0,-50.0,-37.0
2026-05-13T21:38:50.174340,0,0,-37.0,-56.0,-50.0,-37.0
2026-05-13T21:38:51.122314,0,0,-37.0,-56.0,-50.0,-37.0
2026-05-13T21:38:52.119360,0,0,-36.0,-56.0,-48.0,-38.0
2026-05-13T21:38:53.126907,0,0,-36.0,-56.0,-48.0,-38.0
2026-05-13T21:38:54.120355,0,0,-36.0,-56.0,-48.0,-38.0
2026-05-13T21:38:55.370929,0,0,-36.0,-56.0,-48.0,-38.0
2026-05-13T21:38:56.295454,0,0,-36.0,-56.0,-48.0,-38.0
2026-05-13T21:38:57.320918,0,0,-40.0,-47.0,-47.0,-40.0
2026-05-13T21:38:58.446798,0,0,-40.0,-47.0,-47.0,-40.0
2026-05-13T21:38:59.213810,0,0,-40.0,-47.0,-47.0,-40.0
2026-05-13T21:39:01.304590,0,0,-40.0,-47.0,-47.0,-40.0
2026-05-13T21:39:01.308623,0,0,-40.0,-47.0,-47.0,-40.0
2026-05-13T21:39:02.334253,0,0,-41.0,-48.0,-47.0,-40.0
2026-05-13T21:39:03.358616,0,0,-41.0,-48.0,-47.0,-40.0
2026-05-13T21:39:05.182173,0,0,-41.0,-48.0,-47.0,-40.0
2026-05-13T21:39:05.183824,0,0,-41.0,-48.0,-47.0,-40.0
2026-05-13T21:39:06.129410,0,0,-41.0,-48.0,-47.0,-40.0
2026-05-13T21:39:07.166499,0,0,-37.0,-45.0,-45.0,-39.0
2026-05-13T21:39:08.481983,0,0,-37.0,-45.0,-45.0,-39.0
2026-05-13T21:39:09.360748,0,0,-37.0,-45.0,-45.0,-39.0
2026-05-13T21:39:10.118862,0,0,-37.0,-45.0,-45.0,-39.0
2026-05-13T21:39:11.128446,0,0,-37.0,-45.0,-45.0,-39.0
2026-05-13T21:39:12.269788,0,0,-37.0,-45.0,-52.0,-32.0
2026-05-13T21:39:13.191089,0,0,-37.0,-45.0,-52.0,-32.0
2026-05-13T21:39:14.319066,0,0,-37.0,-45.0,-52.0,-32.0
2026-05-13T21:39:15.338698,0,0,-37.0,-45.0,-52.0,-32.0
2026-05-13T21:39:16.264246,0,0,-37.0,-45.0,-52.0,-32.0
2026-05-13T21:39:17.287319,0,0,-38.0,-45.0,-51.0,-37.0
2026-05-13T21:39:18.112982,0,0,-38.0,-45.0,-51.0,-37.0
2026-05-13T21:39:19.115239,0,0,-38.0,-45.0,-51.0,-37.0
2026-05-13T21:39:20.457316,0,0,-38.0,-45.0,-51.0,-37.0
2026-05-13T21:39:21.320969,0,0,-38.0,-45.0,-51.0,-37.0
2026-05-13T21:39:22.304192,0,0,-48.0,-47.0,-53.0,-37.0
2026-05-13T21:39:23.329001,0,0,-48.0,-47.0,-53.0,-37.0
2026-05-13T21:39:25.065084,0,0,-48.0,-47.0,-53.0,-37.0
2026-05-13T21:39:25.188365,0,0,-48.0,-47.0,-53.0,-37.0
2026-05-13T21:39:26.398024,0,0,-48.0,-47.0,-53.0,-37.0
2026-05-13T21:39:27.421416,0,0,-92.0,-46.0,-56.0,-37.0
2026-05-13T21:39:28.449011,0,0,-92.0,-46.0,-56.0,-37.0
2026-05-13T21:39:29.997989,0,0,-92.0,-46.0,-56.0,-37.0
2026-05-13T21:39:30.335515,0,0,-92.0,-46.0,-56.0,-37.0
2026-05-13T21:39:31.192407,0,0,-92.0,-46.0,-56.0,-37.0
2026-05-13T21:39:32.439383,0,0,-44.0,-48.0,-51.0,-40.0
2026-05-13T21:39:33.682915,0,0,-44.0,-48.0,-51.0,-40.0
2026-05-13T21:40:25.384625,0,0,-44.0,-48.0,-51.0,-40.0
2026-05-13T21:40:25.599545,0,0,-44.0,-48.0,-51.0,-40.0
2026-05-13T21:40:26.406929,0,0,-44.0,-48.0,-51.0,-40.0
2026-05-13T21:40:26.553572,0,0,-44.0,-48.0,-51.0,-40.0
2026-05-13T21:40:27.330233,0,0,-44.0,-48.0,-51.0,-40.0
2026-05-13T21:40:27.945295,0,0,-44.0,-48.0,-51.0,-40.0
2026-05-13T21:40:28.355146,0,0,-44.0,-48.0,-51.0,-40.0
2026-05-13T21:40:28.359283,0,0,-44.0,-48.0,-51.0,-40.0
2026-05-13T21:40:29.367827,0,0,-44.0,-48.0,-51.0,-40.0
2026-05-13T21:40:30.603652,0,0,-44.0,-48.0,-51.0,-40.0
2026-05-13T21:40:31.425743,0,0,-44.0,-48.0,-51.0,-40.0
2026-05-13T21:40:32.481425,0,0,-44.0,-48.0,-51.0,-40.0
2026-05-13T21:40:39.923087,1,0,-41.0,-47.0,-46.0,-43.0
2026-05-13T21:40:40.766409,1,0,-43.0,-38.0,-46.0,-35.0
2026-05-13T21:40:41.766353,1,0,-43.0,-38.0,-46.0,-35.0
2026-05-13T21:40:42.996126,1,0,-43.0,-38.0,-46.0,-35.0
2026-05-13T21:40:43.917859,1,0,-43.0,-38.0,-46.0,-35.0
2026-05-13T21:40:44.773910,1,0,-43.0,-38.0,-46.0,-35.0
2026-05-13T21:40:45.804759,1,0,-32.0,-38.0,-45.0,-38.0
2026-05-13T21:40:46.799861,1,0,-32.0,-38.0,-45.0,-38.0
2026-05-13T21:40:47.821605,1,0,-32.0,-38.0,-45.0,-38.0
2026-05-13T21:40:48.769563,1,0,-32.0,-38.0,-45.0,-38.0
2026-05-13T21:40:49.769743,1,0,-32.0,-38.0,-45.0,-38.0
2026-05-13T21:40:50.795974,1,0,-36.0,-38.0,-50.0,-44.0
2026-05-13T21:40:52.003868,1,0,-36.0,-38.0,-50.0,-44.0
2026-05-13T21:40:52.825622,1,0,-36.0,-38.0,-50.0,-44.0
2026-05-13T21:40:53.849681,1,0,-36.0,-38.0,-50.0,-44.0
2026-05-13T21:40:54.978574,1,0,-36.0,-38.0,-50.0,-44.0
2026-05-13T21:40:55.795873,1,0,-38.0,-39.0,-46.0,-54.0
2026-05-13T21:40:57.145852,1,0,-38.0,-39.0,-46.0,-54.0
2026-05-13T21:40:57.774278,1,0,-38.0,-39.0,-46.0,-54.0
2026-05-13T21:40:58.767897,1,0,-38.0,-39.0,-46.0,-54.0
2026-05-13T21:40:59.768568,1,0,-38.0,-39.0,-46.0,-54.0
2026-05-13T21:41:00.914977,1,0,-39.0,-39.0,-44.0,-46.0
2026-05-13T21:41:01.895600,1,0,-39.0,-39.0,-44.0,-46.0
2026-05-13T21:41:03.066116,1,0,-39.0,-39.0,-44.0,-46.0
2026-05-13T21:41:03.939963,1,0,-39.0,-39.0,-44.0,-46.0
2026-05-13T21:41:04.771125,1,0,-39.0,-39.0,-44.0,-46.0
2026-05-13T21:41:05.767237,1,0,-37.0,-39.0,-45.0,-44.0
2026-05-13T21:41:07.363555,1,0,-37.0,-39.0,-45.0,-44.0
2026-05-13T21:41:07.790751,1,0,-37.0,-39.0,-45.0,-44.0
2026-05-13T21:41:09.104295,1,0,-37.0,-39.0,-45.0,-44.0
2026-05-13T21:41:09.927318,1,0,-37.0,-39.0,-45.0,-44.0
2026-05-13T21:41:10.953039,1,0,-40.0,-38.0,-46.0,-55.0
2026-05-13T21:41:11.970883,1,0,-40.0,-38.0,-46.0,-55.0
2026-05-13T21:41:12.897178,1,0,-40.0,-38.0,-46.0,-55.0
2026-05-13T21:41:13.928661,1,0,-40.0,-38.0,-46.0,-55.0
2026-05-13T21:41:14.779744,1,0,-40.0,-38.0,-46.0,-55.0
2026-05-13T21:41:15.768692,1,0,-38.0,-37.0,-43.0,-55.0
2026-05-13T21:41:16.989420,1,0,-38.0,-37.0,-43.0,-55.0
2026-05-13T21:41:17.814014,1,0,-38.0,-37.0,-43.0,-55.0
2026-05-13T21:41:19.145552,1,0,-38.0,-37.0,-43.0,-55.0
2026-05-13T21:41:19.861147,1,0,-38.0,-37.0,-43.0,-55.0
2026-05-13T21:41:20.790070,1,0,-40.0,-36.0,-47.0,-46.0
2026-05-13T21:41:22.015064,1,0,-40.0,-36.0,-47.0,-46.0
2026-05-13T21:41:22.931719,1,0,-40.0,-36.0,-47.0,-46.0
2026-05-13T21:41:24.360081,1,0,-40.0,-36.0,-47.0,-46.0
2026-05-13T21:41:24.769661,1,0,-40.0,-36.0,-47.0,-46.0
2026-05-13T21:41:25.793621,1,0,-37.0,-40.0,-46.0,-37.0
2026-05-13T21:41:27.025009,1,0,-37.0,-40.0,-46.0,-37.0
2026-05-13T21:41:27.846703,1,0,-37.0,-40.0,-46.0,-37.0
2026-05-13T21:41:29.080407,1,0,-37.0,-40.0,-46.0,-37.0
2026-05-13T21:41:29.822760,1,0,-37.0,-40.0,-46.0,-37.0
2026-05-13T21:41:30.767139,1,0,-39.0,-46.0,-52.0,-46.0
2026-05-13T21:41:31.768633,1,0,-39.0,-46.0,-52.0,-46.0
2026-05-13T21:41:32.900794,1,0,-39.0,-46.0,-52.0,-46.0
2026-05-13T21:41:33.955061,1,0,-39.0,-46.0,-52.0,-46.0
2026-05-13T21:41:35.249307,1,0,-39.0,-46.0,-52.0,-46.0
2026-05-13T21:41:35.834580,1,0,-32.0,-40.0,-62.0,-37.0
2026-05-13T21:41:36.768822,1,0,-32.0,-40.0,-62.0,-37.0
2026-05-13T21:41:37.766740,1,0,-32.0,-40.0,-62.0,-37.0
2026-05-13T21:41:39.004305,1,0,-32.0,-40.0,-62.0,-37.0
2026-05-13T21:41:39.828148,1,0,-32.0,-40.0,-62.0,-37.0
2026-05-13T21:41:40.863372,1,0,-35.0,-40.0,-57.0,-39.0
2026-05-13T21:41:41.874513,1,0,-35.0,-40.0,-57.0,-39.0
2026-05-13T21:41:42.799045,1,0,-35.0,-40.0,-57.0,-39.0
2026-05-13T21:41:45.864113,1,0,-35.0,-40.0,-57.0,-39.0
2026-05-13T21:41:45.864897,1,0,-34.0,-45.0,-50.0,-41.0
2026-05-13T21:41:45.865521,1,0,-35.0,-40.0,-57.0,-39.0
2026-05-13T21:41:47.097794,1,0,-34.0,-45.0,-50.0,-41.0
2026-05-13T21:41:47.908649,1,0,-34.0,-45.0,-50.0,-41.0
2026-05-13T21:41:48.766803,1,0,-34.0,-45.0,-50.0,-41.0
2026-05-13T21:41:49.768275,1,0,-34.0,-45.0,-50.0,-41.0
2026-05-13T21:41:50.795884,1,0,-39.0,-42.0,-51.0,-37.0
2026-05-13T21:41:51.939738,1,0,-39.0,-42.0,-51.0,-37.0
2026-05-13T21:41:52.832768,1,0,-39.0,-42.0,-51.0,-37.0
2026-05-13T21:41:53.858251,1,0,-39.0,-42.0,-51.0,-37.0
2026-05-13T21:41:54.881528,1,0,-39.0,-42.0,-51.0,-37.0
2026-05-13T21:41:55.903225,1,0,-44.0,-39.0,-54.0,-41.0
2026-05-13T21:41:57.334421,1,0,-44.0,-39.0,-54.0,-41.0
2026-05-13T21:41:57.952975,1,0,-44.0,-39.0,-54.0,-41.0
2026-05-13T21:41:58.862405,1,0,-44.0,-39.0,-54.0,-41.0
2026-05-13T21:41:59.808689,1,0,-44.0,-39.0,-54.0,-41.0
2026-05-13T21:42:00.824581,1,0,-33.0,-40.0,-52.0,-48.0
2026-05-13T21:42:01.843086,1,0,-33.0,-40.0,-52.0,-48.0
2026-05-13T21:42:02.970876,1,0,-33.0,-40.0,-52.0,-48.0
2026-05-13T21:42:03.989786,1,0,-33.0,-40.0,-52.0,-48.0
2026-05-13T21:42:04.812677,1,0,-33.0,-40.0,-52.0,-48.0
2026-05-13T21:42:05.833176,1,0,-33.0,-41.0,-44.0,-42.0
2026-05-13T21:42:06.865846,1,0,-33.0,-41.0,-44.0,-42.0
2026-05-13T21:42:55.216472,1,0,-37.0,-44.0,-50.0,-47.0
2026-05-13T21:42:56.215567,1,0,-37.0,-44.0,-50.0,-47.0
2026-05-13T21:42:57.218593,1,0,-37.0,-44.0,-50.0,-47.0
2026-05-13T21:42:58.264145,1,0,-37.0,-44.0,-50.0,-47.0
2026-05-13T21:42:59.216914,1,0,-37.0,-44.0,-50.0,-47.0
2026-05-13T21:43:00.238623,1,0,-43.0,-44.0,-50.0,-34.0
2026-05-13T21:43:01.218187,1,0,-43.0,-44.0,-50.0,-34.0
2026-05-13T21:43:02.258139,1,0,-43.0,-44.0,-50.0,-34.0
2026-05-13T21:43:04.218427,1,0,-43.0,-44.0,-50.0,-34.0
2026-05-13T21:43:04.361879,1,0,-43.0,-44.0,-50.0,-34.0
2026-05-13T21:43:05.216534,1,0,-39.0,-46.0,-54.0,-36.0
2026-05-13T21:43:06.216225,1,0,-39.0,-46.0,-54.0,-36.0
2026-05-13T21:43:07.216207,1,0,-39.0,-46.0,-54.0,-36.0
2026-05-13T21:43:08.402630,1,0,-39.0,-46.0,-54.0,-36.0
2026-05-13T21:43:09.524444,1,0,-39.0,-46.0,-54.0,-36.0
2026-05-13T21:43:10.240769,1,0,-38.0,-39.0,-43.0,-42.0
2026-05-13T21:43:11.216271,1,0,-38.0,-39.0,-43.0,-42.0
2026-05-13T21:43:12.243121,1,0,-38.0,-39.0,-43.0,-42.0
2026-05-13T21:43:13.724100,1,0,-38.0,-39.0,-43.0,-42.0
2026-05-13T21:43:14.215006,1,0,-38.0,-39.0,-43.0,-42.0
2026-05-13T21:43:15.240450,1,0,-38.0,-39.0,-45.0,-43.0
2026-05-13T21:43:16.216616,1,0,-38.0,-39.0,-45.0,-43.0
2026-05-13T21:43:17.296688,1,0,-38.0,-39.0,-45.0,-43.0
2026-05-13T21:43:18.438262,1,0,-38.0,-39.0,-45.0,-43.0
2026-05-13T21:43:19.255924,1,0,-38.0,-39.0,-45.0,-43.0
2026-05-13T21:43:20.218012,1,0,-33.0,-41.0,-45.0,-36.0
2026-05-13T21:43:21.217136,1,0,-33.0,-41.0,-45.0,-36.0
2026-05-13T21:43:22.255315,1,0,-33.0,-41.0,-45.0,-36.0
2026-05-13T21:43:23.235078,1,0,-33.0,-41.0,-45.0,-36.0
2026-05-13T21:43:24.287565,1,0,-33.0,-41.0,-45.0,-36.0
2026-05-13T21:43:25.297838,1,0,-37.0,-40.0,-52.0,-37.0
2026-05-13T21:43:26.322671,1,0,-37.0,-40.0,-52.0,-37.0
2026-05-13T21:43:27.346521,1,0,-37.0,-40.0,-52.0,-37.0
2026-05-13T21:43:28.235543,1,0,-37.0,-40.0,-52.0,-37.0
2026-05-13T21:43:29.217647,1,0,-37.0,-40.0,-52.0,-37.0
2026-05-13T21:43:30.419197,1,0,-38.0,-40.0,-48.0,-36.0
2026-05-13T21:43:31.245219,1,0,-38.0,-40.0,-48.0,-36.0
2026-05-13T21:43:32.364461,1,0,-38.0,-40.0,-48.0,-36.0
2026-05-13T21:43:33.388176,1,0,-38.0,-40.0,-48.0,-36.0
2026-05-13T21:43:34.262816,1,0,-38.0,-40.0,-48.0,-36.0
2026-05-13T21:43:35.216828,1,0,-34.0,-41.0,-46.0,-40.0
2026-05-13T21:43:36.358034,1,0,-34.0,-41.0,-46.0,-40.0
2026-05-13T21:43:37.382135,1,0,-34.0,-41.0,-46.0,-40.0
2026-05-13T21:43:38.216471,1,0,-34.0,-41.0,-46.0,-40.0
2026-05-13T21:43:39.217017,1,0,-34.0,-41.0,-46.0,-40.0
2026-05-13T21:43:40.215486,1,0,-32.0,-45.0,-45.0,-34.0
2026-05-13T21:43:41.216633,1,0,-32.0,-45.0,-45.0,-34.0
2026-05-13T21:43:42.363425,1,0,-32.0,-45.0,-45.0,-34.0
2026-05-13T21:43:43.319893,1,0,-32.0,-45.0,-45.0,-34.0
2026-05-13T21:43:44.305328,1,0,-32.0,-45.0,-45.0,-34.0
2026-05-13T21:43:45.220477,1,0,-32.0,-44.0,-49.0,-37.0
2026-05-13T21:43:46.258898,1,0,-32.0,-44.0,-49.0,-37.0
2026-05-13T21:43:47.259368,1,0,-32.0,-44.0,-49.0,-37.0
2026-05-13T21:43:48.352443,1,0,-32.0,-44.0,-49.0,-37.0
2026-05-13T21:43:49.479822,1,0,-32.0,-44.0,-49.0,-37.0
2026-05-13T21:43:50.214865,1,0,-38.0,-42.0,-51.0,-42.0
2026-05-13T21:43:51.277616,1,0,-38.0,-42.0,-51.0,-42.0
2026-05-13T21:43:52.434636,1,0,-38.0,-42.0,-51.0,-42.0
2026-05-13T21:43:53.455764,1,0,-38.0,-42.0,-51.0,-42.0
2026-05-13T21:43:54.267267,1,0,-38.0,-42.0,-51.0,-42.0
2026-05-13T21:43:55.216203,1,0,-39.0,-40.0,-64.0,-42.0
2026-05-13T21:43:56.252634,1,0,-39.0,-40.0,-64.0,-42.0
2026-05-13T21:43:57.254927,1,0,-39.0,-40.0,-64.0,-42.0
2026-05-13T21:43:58.372952,1,0,-39.0,-40.0,-64.0,-42.0
2026-05-13T21:43:59.414296,1,0,-39.0,-40.0,-64.0,-42.0
2026-05-13T21:44:00.215836,1,0,-42.0,-42.0,-50.0,-37.0
2026-05-13T21:44:01.216801,1,0,-42.0,-42.0,-50.0,-37.0
2026-05-13T21:44:02.240330,1,0,-42.0,-42.0,-50.0,-37.0
2026-05-13T21:44:03.215705,1,0,-42.0,-42.0,-50.0,-37.0
2026-05-13T21:44:04.411061,1,0,-42.0,-42.0,-50.0,-37.0
2026-05-13T21:44:05.355546,1,0,-46.0,-40.0,-51.0,-39.0
2026-05-13T21:44:06.216476,1,0,-46.0,-40.0,-51.0,-39.0
2026-05-13T21:44:07.258183,1,0,-46.0,-40.0,-51.0,-39.0
2026-05-13T21:44:08.511186,1,0,-46.0,-40.0,-51.0,-39.0
2026-05-13T21:44:09.385488,1,0,-46.0,-40.0,-51.0,-39.0
2026-05-13T21:44:10.216093,1,0,-43.0,-50.0,-58.0,-35.0
2026-05-13T21:44:11.262733,1,0,-43.0,-50.0,-58.0,-35.0
2026-05-13T21:44:12.505128,1,0,-43.0,-50.0,-58.0,-35.0
2026-05-13T21:44:13.323884,1,0,-43.0,-50.0,-58.0,-35.0
2026-05-13T21:44:14.856794,1,0,-43.0,-50.0,-58.0,-35.0
2026-05-13T21:44:15.216388,1,0,-32.0,-44.0,-44.0,-43.0
2026-05-13T21:44:16.316734,1,0,-32.0,-44.0,-44.0,-43.0
2026-05-13T21:44:17.316366,1,0,-32.0,-44.0,-44.0,-43.0
2026-05-13T21:44:18.216962,1,0,-32.0,-44.0,-44.0,-43.0
2026-05-13T21:44:19.216246,1,0,-32.0,-44.0,-44.0,-43.0
2026-05-13T21:44:20.214853,1,0,-38.0,-41.0,-48.0,-43.0
2026-05-13T21:44:21.215265,1,0,-38.0,-41.0,-48.0,-43.0
2026-05-13T21:44:22.334065,1,0,-38.0,-41.0,-48.0,-43.0
2026-05-13T21:44:23.358801,1,0,-38.0,-41.0,-48.0,-43.0
2026-05-13T21:44:24.261213,1,0,-38.0,-41.0,-48.0,-43.0
2026-05-13T21:44:25.217417,1,0,-37.0,-42.0,-47.0,-44.0
2026-05-13T21:44:26.215036,1,0,-37.0,-42.0,-47.0,-44.0
2026-05-13T21:44:27.258169,1,0,-37.0,-42.0,-47.0,-44.0
2026-05-13T21:44:28.410853,1,0,-37.0,-42.0,-47.0,-44.0
2026-05-13T21:44:29.412928,1,0,-37.0,-42.0,-47.0,-44.0
2026-05-13T21:44:30.214682,1,0,-37.0,-51.0,-42.0,-43.0
2026-05-13T21:44:31.216027,1,0,-37.0,-51.0,-42.0,-43.0
2026-05-13T21:44:32.472105,1,0,-37.0,-51.0,-42.0,-43.0
2026-05-13T21:44:33.589567,1,0,-37.0,-51.0,-42.0,-43.0
2026-05-13T21:44:34.267987,1,0,-37.0,-51.0,-42.0,-43.0
2026-05-13T21:44:35.214576,1,0,-36.0,-56.0,-41.0,-41.0
2026-05-13T21:44:36.215237,1,0,-36.0,-56.0,-41.0,-41.0
2026-05-13T21:44:37.215629,1,0,-36.0,-56.0,-41.0,-41.0
2026-05-13T21:44:38.408334,1,0,-36.0,-56.0,-41.0,-41.0
2026-05-13T21:44:39.637065,1,0,-36.0,-56.0,-41.0,-41.0
2026-05-13T21:44:40.213969,1,0,-36.0,-50.0,-41.0,-43.0
2026-05-13T21:44:41.216618,1,0,-36.0,-50.0,-41.0,-43.0
2026-05-13T21:44:42.216010,1,0,-36.0,-50.0,-41.0,-43.0
2026-05-13T21:44:43.236222,1,0,-36.0,-50.0,-41.0,-43.0
2026-05-13T21:44:44.451895,1,0,-36.0,-50.0,-41.0,-43.0
2026-05-13T21:44:45.374522,1,0,-36.0,-50.0,-40.0,-44.0
2026-05-13T21:44:46.214649,1,0,-36.0,-50.0,-40.0,-44.0
2026-05-13T21:44:47.215478,1,0,-36.0,-50.0,-40.0,-44.0
2026-05-13T21:44:48.443309,1,0,-36.0,-50.0,-40.0,-44.0
2026-05-13T21:44:49.364953,1,0,-36.0,-50.0,-40.0,-44.0
2026-05-13T21:44:50.344268,1,0,-33.0,-45.0,-45.0,-44.0
2026-05-13T21:44:51.215879,1,0,-33.0,-45.0,-45.0,-44.0
2026-05-13T21:44:52.218862,1,0,-33.0,-45.0,-45.0,-44.0
2026-05-13T21:44:53.216169,1,0,-33.0,-45.0,-45.0,-44.0
2026-05-13T21:44:54.262554,1,0,-33.0,-45.0,-45.0,-44.0
2026-05-13T21:45:03.734034,2,0,-31.0,-58.0,-41.0,-44.0
2026-05-13T21:45:04.830478,2,0,-31.0,-58.0,-41.0,-44.0
2026-05-13T21:45:05.865677,2,0,-43.0,-47.0,-44.0,-42.0
2026-05-13T21:45:06.877375,2,0,-43.0,-47.0,-44.0,-42.0
2026-05-13T21:45:07.799055,2,0,-43.0,-47.0,-44.0,-42.0
2026-05-13T21:45:08.735220,2,0,-43.0,-47.0,-44.0,-42.0
2026-05-13T21:45:09.759790,2,0,-43.0,-47.0,-44.0,-42.0
2026-05-13T21:45:10.761362,2,0,-46.0,-41.0,-44.0,-41.0
2026-05-13T21:45:11.736154,2,0,-46.0,-41.0,-44.0,-41.0
2026-05-13T21:45:13.022578,2,0,-46.0,-41.0,-44.0,-41.0
2026-05-13T21:45:13.841933,2,0,-46.0,-41.0,-44.0,-41.0
2026-05-13T21:45:14.736285,2,0,-46.0,-41.0,-44.0,-41.0
2026-05-13T21:45:15.734186,2,0,-47.0,-45.0,-46.0,-53.0
2026-05-13T21:45:16.829015,2,0,-47.0,-45.0,-46.0,-53.0
2026-05-13T21:45:17.793143,2,0,-47.0,-45.0,-46.0,-53.0
2026-05-13T21:45:18.736320,2,0,-47.0,-45.0,-46.0,-53.0
2026-05-13T21:45:19.735245,2,0,-47.0,-45.0,-46.0,-53.0
2026-05-13T21:45:20.734433,2,0,-42.0,-40.0,-45.0,-48.0
2026-05-13T21:45:21.761977,2,0,-42.0,-40.0,-45.0,-48.0
2026-05-13T21:45:22.751737,2,0,-42.0,-40.0,-45.0,-48.0
2026-05-13T21:45:23.800404,2,0,-42.0,-40.0,-45.0,-48.0
2026-05-13T21:45:24.797483,2,0,-42.0,-40.0,-45.0,-48.0
2026-05-13T21:45:25.822170,2,0,-42.0,-44.0,-48.0,-37.0
2026-05-13T21:45:26.735647,2,0,-42.0,-44.0,-48.0,-37.0
2026-05-13T21:45:27.735122,2,0,-42.0,-44.0,-48.0,-37.0
2026-05-13T21:45:28.891640,2,0,-42.0,-44.0,-48.0,-37.0
2026-05-13T21:45:29.815863,2,0,-42.0,-44.0,-48.0,-37.0
2026-05-13T21:45:30.853649,2,0,-34.0,-43.0,-58.0,-46.0
2026-05-13T21:45:31.769202,2,0,-34.0,-43.0,-58.0,-46.0
2026-05-13T21:45:32.753181,2,0,-34.0,-43.0,-58.0,-46.0
2026-05-13T21:45:33.774060,2,0,-34.0,-43.0,-58.0,-46.0
2026-05-13T21:45:34.940783,2,0,-34.0,-43.0,-58.0,-46.0
2026-05-13T21:45:35.764248,2,0,-36.0,-46.0,-54.0,-36.0
2026-05-13T21:45:36.778555,2,0,-36.0,-46.0,-54.0,-36.0
2026-05-13T21:45:37.802373,2,0,-36.0,-46.0,-54.0,-36.0
2026-05-13T21:45:38.733788,2,0,-36.0,-46.0,-54.0,-36.0
2026-05-13T21:45:39.736536,2,0,-36.0,-46.0,-54.0,-36.0
2026-05-13T21:45:40.791120,2,0,-46.0,-44.0,-52.0,-36.0
2026-05-13T21:45:41.797243,2,0,-46.0,-44.0,-52.0,-36.0
2026-05-13T21:45:42.773672,2,0,-46.0,-44.0,-52.0,-36.0
2026-05-13T21:45:43.736884,2,0,-46.0,-44.0,-52.0,-36.0
2026-05-13T21:45:44.735534,2,0,-46.0,-44.0,-52.0,-36.0
2026-05-13T21:45:45.734542,2,0,-45.0,-42.0,-57.0,-35.0
2026-05-13T21:45:46.918088,2,0,-45.0,-42.0,-57.0,-35.0
2026-05-13T21:45:47.961246,2,0,-45.0,-42.0,-57.0,-35.0
2026-05-13T21:45:48.736682,2,0,-45.0,-42.0,-57.0,-35.0
2026-05-13T21:45:49.767738,2,0,-45.0,-42.0,-57.0,-35.0
2026-05-13T21:45:50.733771,2,0,-43.0,-44.0,-48.0,-35.0
2026-05-13T21:45:51.735780,2,0,-43.0,-44.0,-48.0,-35.0
2026-05-13T21:45:53.060751,2,0,-43.0,-44.0,-48.0,-35.0
2026-05-13T21:45:53.733922,2,0,-43.0,-44.0,-48.0,-35.0
2026-05-13T21:45:54.744116,2,0,-43.0,-44.0,-48.0,-35.0
2026-05-13T21:45:55.734705,2,0,-38.0,-41.0,-51.0,-39.0
2026-05-13T21:45:56.754904,2,0,-38.0,-41.0,-51.0,-39.0
2026-05-13T21:45:57.962517,2,0,-38.0,-41.0,-51.0,-39.0
2026-05-13T21:45:58.739689,2,0,-38.0,-41.0,-51.0,-39.0
2026-05-13T21:45:59.736297,2,0,-38.0,-41.0,-51.0,-39.0
2026-05-13T21:46:00.736497,2,0,-39.0,-41.0,-49.0,-38.0
2026-05-13T21:46:01.759176,2,0,-39.0,-41.0,-49.0,-38.0
2026-05-13T21:46:02.757073,2,0,-39.0,-41.0,-49.0,-38.0
2026-05-13T21:46:03.735387,2,0,-39.0,-41.0,-49.0,-38.0
2026-05-13T21:46:04.836158,2,0,-39.0,-41.0,-49.0,-38.0
2026-05-13T21:46:05.860124,2,0,-34.0,-38.0,-48.0,-38.0
2026-05-13T21:46:06.894642,2,0,-34.0,-38.0,-48.0,-38.0
2026-05-13T21:46:07.918348,2,0,-34.0,-38.0,-48.0,-38.0
2026-05-13T21:46:08.782467,2,0,-34.0,-38.0,-48.0,-38.0
2026-05-13T21:46:09.752323,2,0,-34.0,-38.0,-48.0,-38.0
2026-05-13T21:46:10.734590,2,0,-36.0,-39.0,-45.0,-37.0
2026-05-13T21:46:11.734245,2,0,-36.0,-39.0,-45.0,-37.0
2026-05-13T21:46:12.822802,2,0,-36.0,-39.0,-45.0,-37.0
2026-05-13T21:46:13.846226,2,0,-36.0,-39.0,-45.0,-37.0
2026-05-13T21:46:14.734080,2,0,-36.0,-39.0,-45.0,-37.0
2026-05-13T21:46:15.733340,2,0,-35.0,-88.0,-47.0,-38.0
2026-05-13T21:46:16.960238,2,0,-35.0,-88.0,-47.0,-38.0
2026-05-13T21:46:17.764900,2,0,-35.0,-88.0,-47.0,-38.0
2026-05-13T21:46:18.761389,2,0,-35.0,-88.0,-47.0,-38.0
2026-05-13T21:46:19.743098,2,0,-35.0,-88.0,-47.0,-38.0
2026-05-13T21:46:20.813031,2,0,-37.0,-39.0,-46.0,-38.0
2026-05-13T21:46:22.035523,2,0,-37.0,-39.0,-46.0,-38.0
2026-05-13T21:46:23.062941,2,0,-37.0,-39.0,-46.0,-38.0
2026-05-13T21:46:23.939678,2,0,-37.0,-39.0,-46.0,-38.0
2026-05-13T21:46:24.743299,2,0,-37.0,-39.0,-46.0,-38.0
2026-05-13T21:46:25.733612,2,0,-35.0,-39.0,-46.0,-42.0
2026-05-13T21:46:27.007837,2,0,-35.0,-39.0,-46.0,-42.0
2026-05-13T21:46:27.907650,2,0,-35.0,-39.0,-46.0,-42.0
2026-05-13T21:46:28.755111,2,0,-35.0,-39.0,-46.0,-42.0
2026-05-13T21:46:29.735217,2,0,-35.0,-39.0,-46.0,-42.0
2026-05-13T21:46:30.796479,2,0,-33.0,-42.0,-46.0,-39.0
2026-05-13T21:46:31.766321,2,0,-33.0,-42.0,-46.0,-39.0
2026-05-13T21:46:34.020104,2,0,-33.0,-42.0,-46.0,-39.0
2026-05-13T21:46:34.021100,2,0,-33.0,-42.0,-46.0,-39.0
2026-05-13T21:46:34.943205,2,0,-33.0,-42.0,-46.0,-39.0
2026-05-13T21:46:35.761304,2,0,-34.0,-38.0,-46.0,-43.0
2026-05-13T21:46:36.733166,2,0,-34.0,-38.0,-46.0,-43.0
2026-05-13T21:46:37.761034,2,0,-34.0,-38.0,-46.0,-43.0
2026-05-13T21:46:38.734402,2,0,-34.0,-38.0,-46.0,-43.0
2026-05-13T21:46:39.737120,2,0,-34.0,-38.0,-46.0,-43.0
2026-05-13T21:46:40.881450,2,0,-35.0,-37.0,-46.0,-46.0
2026-05-13T21:46:41.906230,2,0,-35.0,-37.0,-46.0,-46.0
2026-05-13T21:46:42.825881,2,0,-35.0,-37.0,-46.0,-46.0
2026-05-13T21:46:43.757185,2,0,-35.0,-37.0,-46.0,-46.0
2026-05-13T21:46:44.874533,2,0,-35.0,-37.0,-46.0,-46.0
2026-05-13T21:46:45.897794,2,0,-35.0,-37.0,-46.0,-43.0
2026-05-13T21:46:46.734782,2,0,-35.0,-37.0,-46.0,-43.0
2026-05-13T21:46:47.752968,2,0,-35.0,-37.0,-46.0,-43.0
2026-05-13T21:46:48.864679,2,0,-35.0,-37.0,-46.0,-43.0
2026-05-13T21:46:49.735178,2,0,-35.0,-37.0,-46.0,-43.0
2026-05-13T21:46:50.733068,2,0,-34.0,-37.0,-46.0,-44.0
2026-05-13T21:46:51.734723,2,0,-34.0,-37.0,-46.0,-44.0
2026-05-13T21:46:53.066851,2,0,-34.0,-37.0,-46.0,-44.0
2026-05-13T21:46:53.937372,2,0,-34.0,-37.0,-46.0,-44.0
2026-05-13T21:46:54.734901,2,0,-34.0,-37.0,-46.0,-44.0
2026-05-13T21:46:55.734858,2,0,-34.0,-38.0,-42.0,-44.0
2026-05-13T21:46:56.735078,2,0,-34.0,-38.0,-42.0,-44.0
2026-05-13T21:46:57.734187,2,0,-34.0,-38.0,-42.0,-44.0
2026-05-13T21:46:58.868306,2,0,-34.0,-38.0,-42.0,-44.0
2026-05-13T21:46:59.751511,2,0,-34.0,-38.0,-42.0,-44.0
2026-05-13T21:47:00.947749,2,0,-34.0,-38.0,-46.0,-41.0
2026-05-13T21:47:01.768688,2,0,-34.0,-38.0,-46.0,-41.0
2026-05-13T21:47:02.734342,2,0,-34.0,-38.0,-46.0,-41.0
2026-05-13T21:47:11.449115,3,0,-36.0,-46.0,-43.0,-37.0
2026-05-13T21:47:12.427206,3,0,-36.0,-46.0,-43.0,-37.0
2026-05-13T21:47:13.771887,3,0,-36.0,-46.0,-43.0,-37.0
2026-05-13T21:47:14.615279,3,0,-36.0,-46.0,-43.0,-37.0
2026-05-13T21:47:15.693022,3,0,-43.0,-46.0,-57.0,-40.0
2026-05-13T21:47:16.404178,3,0,-43.0,-46.0,-57.0,-40.0
2026-05-13T21:47:17.411644,3,0,-43.0,-46.0,-57.0,-40.0
2026-05-13T21:47:18.767877,3,0,-43.0,-46.0,-57.0,-40.0
2026-05-13T21:47:19.589370,3,0,-43.0,-46.0,-57.0,-40.0
2026-05-13T21:47:20.488018,3,0,-38.0,-39.0,-51.0,-38.0
2026-05-13T21:47:21.538791,3,0,-38.0,-39.0,-51.0,-38.0
2026-05-13T21:47:22.513949,3,0,-38.0,-39.0,-51.0,-38.0
2026-05-13T21:47:23.494719,3,0,-38.0,-39.0,-51.0,-38.0
2026-05-13T21:47:24.454876,3,0,-38.0,-39.0,-51.0,-38.0
2026-05-13T21:47:25.422759,3,0,-41.0,-41.0,-45.0,-42.0
2026-05-13T21:47:26.448121,3,0,-41.0,-41.0,-45.0,-42.0
2026-05-13T21:47:27.471988,3,0,-41.0,-41.0,-45.0,-42.0
2026-05-13T21:47:28.598956,3,0,-41.0,-41.0,-45.0,-42.0
2026-05-13T21:47:29.448102,3,0,-41.0,-41.0,-45.0,-42.0
2026-05-13T21:47:30.541419,3,0,-41.0,-41.0,-58.0,-40.0
2026-05-13T21:47:31.405619,3,0,-41.0,-41.0,-58.0,-40.0
2026-05-13T21:47:32.499209,3,0,-41.0,-41.0,-58.0,-40.0
2026-05-13T21:47:33.821316,3,0,-41.0,-41.0,-58.0,-40.0
2026-05-13T21:47:34.403332,3,0,-41.0,-41.0,-58.0,-40.0
2026-05-13T21:47:35.431968,3,0,-37.0,-41.0,-55.0,-45.0
2026-05-13T21:47:36.584603,3,0,-37.0,-41.0,-55.0,-45.0
2026-05-13T21:47:37.609782,3,0,-37.0,-41.0,-55.0,-45.0
2026-05-13T21:47:38.535460,3,0,-37.0,-41.0,-55.0,-45.0
2026-05-13T21:47:39.451854,3,0,-37.0,-41.0,-55.0,-45.0
2026-05-13T21:47:40.476163,3,0,-41.0,-40.0,-52.0,-38.0
2026-05-13T21:47:41.500024,3,0,-41.0,-40.0,-52.0,-38.0
2026-05-13T21:47:42.762573,3,0,-41.0,-40.0,-52.0,-38.0
2026-05-13T21:47:43.404042,3,0,-41.0,-40.0,-52.0,-38.0
2026-05-13T21:47:44.425194,3,0,-41.0,-40.0,-52.0,-38.0
2026-05-13T21:47:45.403492,3,0,-40.0,-35.0,-47.0,-38.0
2026-05-13T21:47:46.407631,3,0,-40.0,-35.0,-47.0,-38.0
2026-05-13T21:47:47.455064,3,0,-40.0,-35.0,-47.0,-38.0
2026-05-13T21:47:48.870183,3,0,-40.0,-35.0,-47.0,-38.0
2026-05-13T21:47:49.488227,3,0,-40.0,-35.0,-47.0,-38.0
2026-05-13T21:47:50.404737,3,0,-44.0,-39.0,-49.0,-40.0
2026-05-13T21:47:51.428393,3,0,-44.0,-39.0,-49.0,-40.0
2026-05-13T21:47:52.403582,3,0,-44.0,-39.0,-49.0,-40.0
2026-05-13T21:47:53.404317,3,0,-44.0,-39.0,-49.0,-40.0
2026-05-13T21:47:54.504792,3,0,-44.0,-39.0,-49.0,-40.0
2026-05-13T21:47:55.453680,3,0,-40.0,-39.0,-45.0,-40.0
2026-05-13T21:47:56.430295,3,0,-40.0,-39.0,-45.0,-40.0
2026-05-13T21:47:57.429711,3,0,-40.0,-39.0,-45.0,-40.0
2026-05-13T21:47:58.586435,3,0,-40.0,-39.0,-45.0,-40.0
2026-05-13T21:47:59.633253,3,0,-40.0,-39.0,-45.0,-40.0
2026-05-13T21:48:00.404466,3,0,-38.0,-39.0,-47.0,-45.0
2026-05-13T21:48:01.420079,3,0,-38.0,-39.0,-47.0,-45.0
2026-05-13T21:48:02.449803,3,0,-38.0,-39.0,-47.0,-45.0
2026-05-13T21:48:03.403399,3,0,-38.0,-39.0,-47.0,-45.0
2026-05-13T21:48:04.540993,3,0,-38.0,-39.0,-47.0,-45.0
2026-05-13T21:48:05.563136,3,0,-40.0,-42.0,-46.0,-44.0
2026-05-13T21:48:06.589354,3,0,-40.0,-42.0,-46.0,-44.0
2026-05-13T21:48:07.509319,3,0,-40.0,-42.0,-46.0,-44.0
2026-05-13T21:48:08.531334,3,0,-40.0,-42.0,-46.0,-44.0
2026-05-13T21:48:09.455039,3,0,-40.0,-42.0,-46.0,-44.0
2026-05-13T21:48:10.480775,3,0,-46.0,-41.0,-45.0,-47.0
2026-05-13T21:48:11.502441,3,0,-46.0,-41.0,-45.0,-47.0
2026-05-13T21:48:12.527074,3,0,-46.0,-41.0,-45.0,-47.0
2026-05-13T21:48:13.428709,3,0,-46.0,-41.0,-45.0,-47.0
2026-05-13T21:48:14.403202,3,0,-46.0,-41.0,-45.0,-47.0
2026-05-13T21:48:15.437162,3,0,-37.0,-46.0,-42.0,-42.0
2026-05-13T21:48:16.562907,3,0,-37.0,-46.0,-42.0,-42.0
2026-05-13T21:48:17.441926,3,0,-37.0,-46.0,-42.0,-42.0
2026-05-13T21:48:18.568319,3,0,-37.0,-46.0,-42.0,-42.0
2026-05-13T21:48:19.494687,3,0,-37.0,-46.0,-42.0,-42.0
2026-05-13T21:48:20.617619,3,0,-45.0,-43.0,-43.0,-47.0
2026-05-13T21:48:21.432085,3,0,-45.0,-43.0,-43.0,-47.0
2026-05-13T21:48:22.443410,3,0,-45.0,-43.0,-43.0,-47.0
2026-05-13T21:48:23.402006,3,0,-45.0,-43.0,-43.0,-47.0
2026-05-13T21:48:24.404566,3,0,-45.0,-43.0,-43.0,-47.0
2026-05-13T21:48:25.425849,3,0,-39.0,-37.0,-44.0,-47.0
2026-05-13T21:48:26.655538,3,0,-39.0,-37.0,-44.0,-47.0
2026-05-13T21:48:27.580539,3,0,-39.0,-37.0,-44.0,-47.0
2026-05-13T21:48:28.592560,3,0,-39.0,-37.0,-44.0,-47.0
2026-05-13T21:48:29.522349,3,0,-39.0,-37.0,-44.0,-47.0
2026-05-13T21:48:30.422107,3,0,-40.0,-40.0,-43.0,-42.0
2026-05-13T21:48:31.424844,3,0,-40.0,-40.0,-43.0,-42.0
2026-05-13T21:48:32.494904,3,0,-40.0,-40.0,-43.0,-42.0
2026-05-13T21:48:33.823697,3,0,-40.0,-40.0,-43.0,-42.0
2026-05-13T21:48:34.457100,3,0,-40.0,-40.0,-43.0,-42.0
2026-05-13T21:48:35.768994,3,0,-41.0,-37.0,-47.0,-37.0
2026-05-13T21:48:36.428416,3,0,-41.0,-37.0,-47.0,-37.0
2026-05-13T21:48:37.450420,3,0,-41.0,-37.0,-47.0,-37.0
2026-05-13T21:48:38.434253,3,0,-41.0,-37.0,-47.0,-37.0
2026-05-13T21:48:39.458606,3,0,-41.0,-37.0,-47.0,-37.0
2026-05-13T21:48:40.481782,3,0,-44.0,-37.0,-40.0,-42.0
2026-05-13T21:48:41.505603,3,0,-44.0,-37.0,-40.0,-42.0
2026-05-13T21:48:42.453007,3,0,-44.0,-37.0,-40.0,-42.0
2026-05-13T21:48:43.402951,3,0,-44.0,-37.0,-40.0,-42.0
2026-05-13T21:48:44.430682,3,0,-44.0,-37.0,-40.0,-42.0
2026-05-13T21:48:45.440120,3,0,-43.0,-47.0,-45.0,-43.0
2026-05-13T21:48:46.627024,3,0,-43.0,-47.0,-45.0,-43.0
2026-05-13T21:48:47.581275,3,0,-43.0,-47.0,-45.0,-43.0
2026-05-13T21:48:48.402650,3,0,-43.0,-47.0,-45.0,-43.0
2026-05-13T21:48:49.402861,3,0,-43.0,-47.0,-45.0,-43.0
2026-05-13T21:48:50.402762,3,0,-42.0,-46.0,-43.0,-43.0
2026-05-13T21:48:51.455369,3,0,-42.0,-46.0,-43.0,-43.0
2026-05-13T21:48:52.565366,3,0,-42.0,-46.0,-43.0,-43.0
2026-05-13T21:48:53.487016,3,0,-42.0,-46.0,-43.0,-43.0
2026-05-13T21:48:54.408072,3,0,-42.0,-46.0,-43.0,-43.0
2026-05-13T21:48:55.427827,3,0,-36.0,-41.0,-49.0,-39.0
2026-05-13T21:48:56.402583,3,0,-36.0,-41.0,-49.0,-39.0
2026-05-13T21:48:57.453866,3,0,-36.0,-41.0,-49.0,-39.0
2026-05-13T21:48:58.406880,3,0,-36.0,-41.0,-49.0,-39.0
2026-05-13T21:48:59.447789,3,0,-36.0,-41.0,-49.0,-39.0
2026-05-13T21:49:00.402885,3,0,-43.0,-41.0,-46.0,-46.0
2026-05-13T21:49:01.403356,3,0,-43.0,-41.0,-46.0,-46.0
2026-05-13T21:49:02.498541,3,0,-43.0,-41.0,-46.0,-46.0
2026-05-13T21:49:03.421472,3,0,-43.0,-41.0,-46.0,-46.0
2026-05-13T21:49:04.503914,3,0,-43.0,-41.0,-46.0,-46.0
2026-05-13T21:49:05.440158,3,0,-45.0,-42.0,-49.0,-46.0
2026-05-13T21:49:06.403195,3,0,-45.0,-42.0,-49.0,-46.0
2026-05-13T21:49:07.403163,3,0,-45.0,-42.0,-49.0,-46.0
2026-05-13T21:49:08.425583,3,0,-45.0,-42.0,-49.0,-46.0
2026-05-13T21:49:09.579258,3,0,-45.0,-42.0,-49.0,-46.0
2026-05-13T21:49:10.433607,3,0,-44.0,-36.0,-45.0,-41.0
2026-05-13T21:49:21.979286,4,0,-42.0,-42.0,-53.0,-50.0
2026-05-13T21:49:23.032180,4,0,-42.0,-42.0,-53.0,-50.0
2026-05-13T21:49:24.001481,4,0,-42.0,-42.0,-53.0,-50.0
2026-05-13T21:49:25.026972,4,0,-42.0,-42.0,-53.0,-50.0
2026-05-13T21:49:26.046388,4,0,-44.0,-37.0,-47.0,-37.0
2026-05-13T21:49:27.078005,4,0,-44.0,-37.0,-47.0,-37.0
2026-05-13T21:49:28.008523,4,0,-44.0,-37.0,-47.0,-37.0
2026-05-13T21:49:29.020222,4,0,-44.0,-37.0,-47.0,-37.0
2026-05-13T21:49:29.966371,4,0,-44.0,-37.0,-47.0,-37.0
2026-05-13T21:49:30.960196,4,0,-50.0,-33.0,-46.0,-37.0
2026-05-13T21:49:32.095274,4,0,-50.0,-33.0,-46.0,-37.0
2026-05-13T21:49:33.011933,4,0,-50.0,-33.0,-46.0,-37.0
2026-05-13T21:49:34.036416,4,0,-50.0,-33.0,-46.0,-37.0
2026-05-13T21:49:35.179497,4,0,-50.0,-33.0,-46.0,-37.0
2026-05-13T21:49:36.002358,4,0,-53.0,-30.0,-45.0,-39.0
2026-05-13T21:49:36.957427,4,0,-53.0,-30.0,-45.0,-39.0
2026-05-13T21:49:39.182042,4,0,-53.0,-30.0,-45.0,-39.0
2026-05-13T21:49:39.183005,4,0,-53.0,-30.0,-45.0,-39.0
2026-05-13T21:49:39.966147,4,0,-53.0,-30.0,-45.0,-39.0
2026-05-13T21:49:40.956521,4,0,-50.0,-31.0,-50.0,-41.0
2026-05-13T21:49:41.957309,4,0,-50.0,-31.0,-50.0,-41.0
2026-05-13T21:49:43.008281,4,0,-50.0,-31.0,-50.0,-41.0
2026-05-13T21:49:43.961162,4,0,-50.0,-31.0,-50.0,-41.0
2026-05-13T21:49:44.964044,4,0,-50.0,-31.0,-50.0,-41.0
2026-05-13T21:49:46.017798,4,0,-50.0,-31.0,-53.0,-45.0
2026-05-13T21:49:47.153391,4,0,-50.0,-31.0,-53.0,-45.0
2026-05-13T21:49:47.963480,4,0,-50.0,-31.0,-53.0,-45.0
2026-05-13T21:49:49.106427,4,0,-50.0,-31.0,-53.0,-45.0
2026-05-13T21:49:49.962740,4,0,-50.0,-31.0,-53.0,-45.0
2026-05-13T21:49:51.008637,4,0,-47.0,-34.0,-62.0,-36.0
2026-05-13T21:49:52.278066,4,0,-47.0,-34.0,-62.0,-36.0
2026-05-13T21:49:53.014220,4,0,-47.0,-34.0,-62.0,-36.0
2026-05-13T21:49:54.004604,4,0,-47.0,-34.0,-62.0,-36.0
2026-05-13T21:49:54.964175,4,0,-47.0,-34.0,-62.0,-36.0
2026-05-13T21:49:55.957683,4,0,-48.0,-32.0,-47.0,-42.0
2026-05-13T21:49:57.053719,4,0,-48.0,-32.0,-47.0,-42.0
2026-05-13T21:49:57.995576,4,0,-48.0,-32.0,-47.0,-42.0
2026-05-13T21:49:59.121203,4,0,-48.0,-32.0,-47.0,-42.0
2026-05-13T21:49:59.964700,4,0,-48.0,-32.0,-47.0,-42.0
2026-05-13T21:50:01.023350,4,0,-47.0,-33.0,-48.0,-42.0
2026-05-13T21:50:02.044229,4,0,-47.0,-33.0,-48.0,-42.0
2026-05-13T21:50:02.956441,4,0,-47.0,-33.0,-48.0,-42.0
2026-05-13T21:50:03.995753,4,0,-47.0,-33.0,-48.0,-42.0
2026-05-13T21:50:04.960337,4,0,-47.0,-33.0,-48.0,-42.0
2026-05-13T21:50:05.980792,4,0,-45.0,-33.0,-48.0,-42.0
2026-05-13T21:50:07.211357,4,0,-45.0,-33.0,-48.0,-42.0
2026-05-13T21:50:07.961726,4,0,-45.0,-33.0,-48.0,-42.0
2026-05-13T21:50:09.013210,4,0,-45.0,-33.0,-48.0,-42.0
2026-05-13T21:50:10.010999,4,0,-45.0,-33.0,-48.0,-42.0
2026-05-13T21:50:11.004019,4,0,-42.0,-32.0,-48.0,-45.0
2026-05-13T21:50:14.482689,4,0,-42.0,-32.0,-48.0,-45.0
2026-05-13T21:50:14.483581,4,0,-42.0,-32.0,-48.0,-45.0
2026-05-13T21:50:14.484365,4,0,-42.0,-32.0,-48.0,-45.0
2026-05-13T21:50:14.996964,4,0,-42.0,-32.0,-48.0,-45.0
2026-05-13T21:50:15.962046,4,0,-43.0,-40.0,-50.0,-46.0
2026-05-13T21:50:16.981187,4,0,-43.0,-40.0,-50.0,-46.0
2026-05-13T21:50:17.976035,4,0,-43.0,-40.0,-50.0,-46.0
2026-05-13T21:50:18.989142,4,0,-43.0,-40.0,-50.0,-46.0
2026-05-13T21:50:19.964384,4,0,-43.0,-40.0,-50.0,-46.0
2026-05-13T21:50:20.977829,4,0,-43.0,-42.0,-46.0,-41.0
2026-05-13T21:50:22.005833,4,0,-43.0,-42.0,-46.0,-41.0
2026-05-13T21:50:22.956167,4,0,-43.0,-42.0,-46.0,-41.0
2026-05-13T21:50:23.961220,4,0,-43.0,-42.0,-46.0,-41.0
2026-05-13T21:50:24.963524,4,0,-43.0,-42.0,-46.0,-41.0
2026-05-13T21:50:25.997099,4,0,-53.0,-39.0,-53.0,-39.0
2026-05-13T21:50:26.994253,4,0,-53.0,-39.0,-53.0,-39.0
2026-05-13T21:50:28.018029,4,0,-53.0,-39.0,-53.0,-39.0
2026-05-13T21:50:29.152860,4,0,-53.0,-39.0,-53.0,-39.0
2026-05-13T21:50:29.967006,4,0,-53.0,-39.0,-53.0,-39.0
2026-05-13T21:50:30.979298,4,0,-49.0,-40.0,-50.0,-39.0
2026-05-13T21:50:31.993890,4,0,-49.0,-40.0,-50.0,-39.0
2026-05-13T21:50:33.018100,4,0,-49.0,-40.0,-50.0,-39.0
2026-05-13T21:50:34.551840,4,0,-49.0,-40.0,-50.0,-39.0
2026-05-13T21:50:35.068267,4,0,-49.0,-40.0,-50.0,-39.0
2026-05-13T21:50:35.992697,4,0,-41.0,-39.0,-45.0,-37.0
2026-05-13T21:50:37.319581,4,0,-41.0,-39.0,-45.0,-37.0
2026-05-13T21:50:37.958585,4,0,-41.0,-39.0,-45.0,-37.0
2026-05-13T21:50:38.957061,4,0,-41.0,-39.0,-45.0,-37.0
2026-05-13T21:50:40.010074,4,0,-41.0,-39.0,-45.0,-37.0
2026-05-13T21:50:41.005835,4,0,-48.0,-45.0,-50.0,-35.0
2026-05-13T21:50:41.998454,4,0,-48.0,-45.0,-50.0,-35.0
2026-05-13T21:50:43.010689,4,0,-48.0,-45.0,-50.0,-35.0
2026-05-13T21:50:44.004891,4,0,-48.0,-45.0,-50.0,-35.0
2026-05-13T21:50:45.010794,4,0,-48.0,-45.0,-50.0,-35.0
2026-05-13T21:50:45.961195,4,0,-40.0,-49.0,-45.0,-39.0
2026-05-13T21:50:47.052464,4,0,-40.0,-49.0,-45.0,-39.0
2026-05-13T21:50:47.973490,4,0,-40.0,-49.0,-45.0,-39.0
2026-05-13T21:50:49.008850,4,0,-40.0,-49.0,-45.0,-39.0
2026-05-13T21:50:50.096153,4,0,-40.0,-49.0,-45.0,-39.0
2026-05-13T21:50:51.142669,4,0,-46.0,-44.0,-47.0,-38.0
2026-05-13T21:50:52.372422,4,0,-46.0,-44.0,-47.0,-38.0
2026-05-13T21:50:52.987918,4,0,-46.0,-44.0,-47.0,-38.0
2026-05-13T21:50:53.960284,4,0,-46.0,-44.0,-47.0,-38.0
2026-05-13T21:50:55.008086,4,0,-46.0,-44.0,-47.0,-38.0
2026-05-13T21:50:56.002716,4,0,-45.0,-43.0,-46.0,-40.0
2026-05-13T21:50:57.014559,4,0,-45.0,-43.0,-46.0,-40.0
2026-05-13T21:50:58.103878,4,0,-45.0,-43.0,-46.0,-40.0
2026-05-13T21:50:59.028744,4,0,-45.0,-43.0,-46.0,-40.0
2026-05-13T21:51:00.153630,4,0,-45.0,-43.0,-46.0,-40.0
2026-05-13T21:51:00.963274,4,0,-43.0,-45.0,-46.0,-38.0
2026-05-13T21:51:01.997228,4,0,-43.0,-45.0,-46.0,-38.0
2026-05-13T21:51:03.074372,4,0,-43.0,-45.0,-46.0,-38.0
2026-05-13T21:51:04.028981,4,0,-43.0,-45.0,-46.0,-38.0
2026-05-13T21:51:04.958931,4,0,-43.0,-45.0,-46.0,-38.0
2026-05-13T21:51:05.990838,4,0,-49.0,-45.0,-48.0,-46.0
2026-05-13T21:51:07.066650,4,0,-49.0,-45.0,-48.0,-46.0
2026-05-13T21:51:07.957745,4,0,-49.0,-45.0,-48.0,-46.0
2026-05-13T21:51:08.989434,4,0,-49.0,-45.0,-48.0,-46.0
2026-05-13T21:51:09.967932,4,0,-49.0,-45.0,-48.0,-46.0
2026-05-13T21:51:10.959137,4,0,-43.0,-41.0,-47.0,-51.0
2026-05-13T21:51:12.234118,4,0,-43.0,-41.0,-47.0,-51.0
2026-05-13T21:51:13.134898,4,0,-43.0,-41.0,-47.0,-51.0
2026-05-13T21:51:13.962221,4,0,-43.0,-41.0,-47.0,-51.0
2026-05-13T21:51:14.964357,4,0,-43.0,-41.0,-47.0,-51.0
2026-05-13T21:51:15.961889,4,0,-47.0,-41.0,-57.0,-46.0
2026-05-13T21:51:16.987474,4,0,-47.0,-41.0,-57.0,-46.0
2026-05-13T21:51:17.975629,4,0,-47.0,-41.0,-57.0,-46.0
2026-05-13T21:51:19.217236,4,0,-47.0,-41.0,-57.0,-46.0
2026-05-13T21:51:19.967457,4,0,-47.0,-41.0,-57.0,-46.0
2026-05-13T21:51:20.956378,4,0,-41.0,-40.0,-53.0,-41.0
2026-05-13T21:51:31.546919,4,1,-50.0,-43.0,-43.0,-45.0
2026-05-13T21:51:32.568251,4,1,-50.0,-43.0,-43.0,-45.0
2026-05-13T21:51:33.520523,4,1,-50.0,-43.0,-43.0,-45.0
2026-05-13T21:51:34.559742,4,1,-50.0,-43.0,-43.0,-45.0
2026-05-13T21:51:35.585188,4,1,-43.0,-35.0,-46.0,-48.0
2026-05-13T21:51:36.607633,4,1,-43.0,-35.0,-46.0,-48.0
2026-05-13T21:51:37.731523,4,1,-43.0,-35.0,-46.0,-48.0
2026-05-13T21:51:38.516264,4,1,-43.0,-35.0,-46.0,-48.0
2026-05-13T21:51:39.517912,4,1,-43.0,-35.0,-46.0,-48.0
2026-05-13T21:51:40.602778,4,1,-50.0,-40.0,-50.0,-47.0
2026-05-13T21:51:41.625429,4,1,-50.0,-40.0,-50.0,-47.0
2026-05-13T21:51:42.565437,4,1,-50.0,-40.0,-50.0,-47.0
2026-05-13T21:51:43.523639,4,1,-50.0,-40.0,-50.0,-47.0
2026-05-13T21:51:44.518066,4,1,-50.0,-40.0,-50.0,-47.0
2026-05-13T21:51:45.619338,4,1,-46.0,-40.0,-49.0,-46.0
2026-05-13T21:51:46.516770,4,1,-46.0,-40.0,-49.0,-46.0
2026-05-13T21:51:47.566369,4,1,-46.0,-40.0,-49.0,-46.0
2026-05-13T21:51:48.723809,4,1,-46.0,-40.0,-49.0,-46.0
2026-05-13T21:51:49.518305,4,1,-46.0,-40.0,-49.0,-46.0
2026-05-13T21:51:50.518038,4,1,-45.0,-36.0,-47.0,-42.0
2026-05-13T21:51:51.516456,4,1,-45.0,-36.0,-47.0,-42.0
2026-05-13T21:51:52.688619,4,1,-45.0,-36.0,-47.0,-42.0
2026-05-13T21:51:53.674310,4,1,-45.0,-36.0,-47.0,-42.0
2026-05-13T21:51:54.545107,4,1,-45.0,-36.0,-47.0,-42.0
2026-05-13T21:51:55.856618,4,1,-48.0,-39.0,-55.0,-44.0
2026-05-13T21:51:56.516402,4,1,-48.0,-39.0,-55.0,-44.0
2026-05-13T21:51:57.516523,4,1,-48.0,-39.0,-55.0,-44.0
2026-05-13T21:51:58.723938,4,1,-48.0,-39.0,-55.0,-44.0
2026-05-13T21:51:59.570681,4,1,-48.0,-39.0,-55.0,-44.0
2026-05-13T21:52:00.671943,4,1,-48.0,-42.0,-46.0,-49.0
2026-05-13T21:52:01.516509,4,1,-48.0,-42.0,-46.0,-49.0
2026-05-13T21:52:02.780921,4,1,-48.0,-42.0,-46.0,-49.0
2026-05-13T21:52:03.543348,4,1,-48.0,-42.0,-46.0,-49.0
2026-05-13T21:52:04.516531,4,1,-48.0,-42.0,-46.0,-49.0
2026-05-13T21:52:05.520107,4,1,-56.0,-37.0,-47.0,-47.0
2026-05-13T21:52:06.714506,4,1,-56.0,-37.0,-47.0,-47.0
2026-05-13T21:52:07.546905,4,1,-56.0,-37.0,-47.0,-47.0
2026-05-13T21:52:08.560828,4,1,-56.0,-37.0,-47.0,-47.0
2026-05-13T21:52:09.516122,4,1,-56.0,-37.0,-47.0,-47.0
2026-05-13T21:52:10.516149,4,1,-46.0,-39.0,-52.0,-45.0
2026-05-13T21:52:11.517411,4,1,-46.0,-39.0,-52.0,-45.0
2026-05-13T21:52:12.656989,4,1,-46.0,-39.0,-52.0,-45.0
2026-05-13T21:52:13.788237,4,1,-46.0,-39.0,-52.0,-45.0
2026-05-13T21:52:14.517583,4,1,-46.0,-39.0,-52.0,-45.0
2026-05-13T21:52:15.518034,4,1,-55.0,-39.0,-49.0,-43.0
2026-05-13T21:52:16.549795,4,1,-55.0,-39.0,-49.0,-43.0
2026-05-13T21:52:17.772810,4,1,-55.0,-39.0,-49.0,-43.0
2026-05-13T21:52:18.516623,4,1,-55.0,-39.0,-49.0,-43.0
2026-05-13T21:52:19.517902,4,1,-55.0,-39.0,-49.0,-43.0
2026-05-13T21:52:20.515198,4,1,-47.0,-38.0,-48.0,-49.0
2026-05-13T21:52:21.544144,4,1,-47.0,-38.0,-48.0,-49.0
2026-05-13T21:52:22.688192,4,1,-47.0,-38.0,-48.0,-49.0
2026-05-13T21:52:23.524314,4,1,-47.0,-38.0,-48.0,-49.0
2026-05-13T21:52:24.630613,4,1,-47.0,-38.0,-48.0,-49.0
2026-05-13T21:52:25.620445,4,1,-43.0,-39.0,-47.0,-51.0
2026-05-13T21:52:26.518964,4,1,-43.0,-39.0,-47.0,-51.0
2026-05-13T21:52:27.523261,4,1,-43.0,-39.0,-47.0,-51.0
2026-05-13T21:52:28.516155,4,1,-43.0,-39.0,-47.0,-51.0
2026-05-13T21:52:29.520124,4,1,-43.0,-39.0,-47.0,-51.0
2026-05-13T21:52:30.515809,4,1,-39.0,-40.0,-45.0,-49.0
2026-05-13T21:52:31.570741,4,1,-39.0,-40.0,-45.0,-49.0
2026-05-13T21:52:32.516898,4,1,-39.0,-40.0,-45.0,-49.0
2026-05-13T21:52:33.524522,4,1,-39.0,-40.0,-45.0,-49.0
2026-05-13T21:52:34.673915,4,1,-39.0,-40.0,-45.0,-49.0
2026-05-13T21:52:35.694036,4,1,-48.0,-38.0,-47.0,-41.0
2026-05-13T21:52:36.721689,4,1,-48.0,-38.0,-47.0,-41.0
2026-05-13T21:52:37.737318,4,1,-48.0,-38.0,-47.0,-41.0
2026-05-13T21:52:38.549289,4,1,-48.0,-38.0,-47.0,-41.0
2026-05-13T21:52:39.517743,4,1,-48.0,-38.0,-47.0,-41.0
2026-05-13T21:52:40.608680,4,1,-40.0,-39.0,-44.0,-47.0
2026-05-13T21:52:41.844233,4,1,-40.0,-39.0,-44.0,-47.0
2026-05-13T21:52:44.254158,4,1,-40.0,-39.0,-44.0,-47.0
2026-05-13T21:52:44.255119,4,1,-40.0,-39.0,-44.0,-47.0
2026-05-13T21:52:44.606394,4,1,-40.0,-39.0,-44.0,-47.0
2026-05-13T21:52:45.629709,4,1,-47.0,-37.0,-50.0,-44.0
2026-05-13T21:52:46.543080,4,1,-47.0,-37.0,-50.0,-44.0
2026-05-13T21:52:47.518135,4,1,-47.0,-37.0,-50.0,-44.0
2026-05-13T21:52:48.547300,4,1,-47.0,-37.0,-50.0,-44.0
2026-05-13T21:52:49.520800,4,1,-47.0,-37.0,-50.0,-44.0
2026-05-13T21:52:50.523623,4,1,-43.0,-45.0,-50.0,-41.0
2026-05-13T21:52:51.540935,4,1,-43.0,-45.0,-50.0,-41.0
2026-05-13T21:52:52.590061,4,1,-43.0,-45.0,-50.0,-41.0
2026-05-13T21:52:55.375467,4,1,-43.0,-45.0,-50.0,-41.0
2026-05-13T21:52:55.426436,4,1,-43.0,-45.0,-50.0,-41.0
2026-05-13T21:52:55.517699,4,1,-41.0,-45.0,-45.0,-46.0
2026-05-13T21:52:56.517723,4,1,-41.0,-45.0,-45.0,-46.0
2026-05-13T21:52:57.540561,4,1,-41.0,-45.0,-45.0,-46.0
2026-05-13T21:52:58.737122,4,1,-41.0,-45.0,-45.0,-46.0
2026-05-13T21:52:59.753842,4,1,-41.0,-45.0,-45.0,-46.0
2026-05-13T21:53:00.880141,4,1,-41.0,-44.0,-47.0,-44.0
2026-05-13T21:53:01.699673,4,1,-41.0,-44.0,-47.0,-44.0
2026-05-13T21:53:02.517695,4,1,-41.0,-44.0,-47.0,-44.0
2026-05-13T21:53:03.545739,4,1,-41.0,-44.0,-47.0,-44.0
2026-05-13T21:53:04.573466,4,1,-41.0,-44.0,-47.0,-44.0
2026-05-13T21:53:05.795293,4,1,-38.0,-42.0,-53.0,-44.0
2026-05-13T21:53:06.518916,4,1,-38.0,-42.0,-53.0,-44.0
2026-05-13T21:53:07.516767,4,1,-38.0,-42.0,-53.0,-44.0
2026-05-13T21:53:08.564645,4,1,-38.0,-42.0,-53.0,-44.0
2026-05-13T21:53:09.588858,4,1,-38.0,-42.0,-53.0,-44.0
2026-05-13T21:53:10.518544,4,1,-44.0,-47.0,-51.0,-44.0
2026-05-13T21:53:11.519327,4,1,-44.0,-47.0,-51.0,-44.0
2026-05-13T21:53:12.660659,4,1,-44.0,-47.0,-51.0,-44.0
2026-05-13T21:53:13.771416,4,1,-44.0,-47.0,-51.0,-44.0
2026-05-13T21:53:14.527834,4,1,-44.0,-47.0,-51.0,-44.0
2026-05-13T21:53:15.516741,4,1,-44.0,-42.0,-53.0,-42.0
2026-05-13T21:53:16.523928,4,1,-44.0,-42.0,-53.0,-42.0
2026-05-13T21:53:17.570692,4,1,-44.0,-42.0,-53.0,-42.0
2026-05-13T21:53:18.516966,4,1,-44.0,-42.0,-53.0,-42.0
2026-05-13T21:53:19.519726,4,1,-44.0,-42.0,-53.0,-42.0
2026-05-13T21:53:20.526333,4,1,-46.0,-47.0,-50.0,-42.0
2026-05-13T21:53:21.563455,4,1,-46.0,-47.0,-50.0,-42.0
2026-05-13T21:53:22.531314,4,1,-46.0,-47.0,-50.0,-42.0
2026-05-13T21:53:23.517306,4,1,-46.0,-47.0,-50.0,-42.0
2026-05-13T21:53:24.541404,4,1,-46.0,-47.0,-50.0,-42.0
2026-05-13T21:53:25.668477,4,1,-47.0,-43.0,-45.0,-45.0
2026-05-13T21:53:26.691549,4,1,-47.0,-43.0,-45.0,-45.0
2026-05-13T21:53:27.784104,4,1,-47.0,-43.0,-45.0,-45.0
2026-05-13T21:53:28.517745,4,1,-47.0,-43.0,-45.0,-45.0
2026-05-13T21:53:29.523933,4,1,-47.0,-43.0,-45.0,-45.0
2026-05-13T21:53:30.883500,4,1,-51.0,-41.0,-45.0,-47.0
2026-05-13T21:53:38.262954,3,1,-58.0,-42.0,-47.0,-47.0
2026-05-13T21:53:39.280125,3,1,-58.0,-42.0,-47.0,-47.0
2026-05-13T21:53:40.205186,3,1,-46.0,-44.0,-46.0,-40.0
2026-05-13T21:53:41.240575,3,1,-46.0,-44.0,-46.0,-40.0
2026-05-13T21:53:43.036158,3,1,-46.0,-44.0,-46.0,-40.0
2026-05-13T21:53:43.191678,3,1,-46.0,-44.0,-46.0,-40.0
2026-05-13T21:53:44.250889,3,1,-46.0,-44.0,-46.0,-40.0
2026-05-13T21:53:45.223152,3,1,-35.0,-46.0,-49.0,-41.0
2026-05-13T21:53:46.190190,3,1,-35.0,-46.0,-49.0,-41.0
2026-05-13T21:53:47.164931,3,1,-35.0,-46.0,-49.0,-41.0
2026-05-13T21:53:48.210606,3,1,-35.0,-46.0,-49.0,-41.0
2026-05-13T21:53:49.161353,3,1,-35.0,-46.0,-49.0,-41.0
2026-05-13T21:53:50.187218,3,1,-47.0,-42.0,-46.0,-36.0
2026-05-13T21:53:51.160408,3,1,-47.0,-42.0,-46.0,-36.0
2026-05-13T21:53:52.186121,3,1,-47.0,-42.0,-46.0,-36.0
2026-05-13T21:53:53.212842,3,1,-47.0,-42.0,-46.0,-36.0
2026-05-13T21:53:54.164115,3,1,-47.0,-42.0,-46.0,-36.0
2026-05-13T21:53:55.163347,3,1,-40.0,-46.0,-47.0,-36.0
2026-05-13T21:53:56.166414,3,1,-40.0,-46.0,-47.0,-36.0
2026-05-13T21:53:57.161220,3,1,-40.0,-46.0,-47.0,-36.0
2026-05-13T21:53:58.227751,3,1,-40.0,-46.0,-47.0,-36.0
2026-05-13T21:53:59.163385,3,1,-40.0,-46.0,-47.0,-36.0
2026-05-13T21:54:00.176002,3,1,-41.0,-46.0,-45.0,-37.0
2026-05-13T21:54:01.170722,3,1,-41.0,-46.0,-45.0,-37.0
2026-05-13T21:54:02.220696,3,1,-41.0,-46.0,-45.0,-37.0
2026-05-13T21:54:03.245603,3,1,-41.0,-46.0,-45.0,-37.0
2026-05-13T21:54:04.325193,3,1,-41.0,-46.0,-45.0,-37.0
2026-05-13T21:54:05.165591,3,1,-41.0,-46.0,-46.0,-39.0
2026-05-13T21:54:06.160681,3,1,-41.0,-46.0,-46.0,-39.0
2026-05-13T21:54:07.169132,3,1,-41.0,-46.0,-46.0,-39.0
2026-05-13T21:54:08.166863,3,1,-41.0,-46.0,-46.0,-39.0
2026-05-13T21:54:09.162790,3,1,-41.0,-46.0,-46.0,-39.0
2026-05-13T21:54:10.180342,3,1,-42.0,-42.0,-44.0,-45.0
2026-05-13T21:54:11.164292,3,1,-42.0,-42.0,-44.0,-45.0
2026-05-13T21:54:12.161448,3,1,-42.0,-42.0,-44.0,-45.0
2026-05-13T21:54:13.185256,3,1,-42.0,-42.0,-44.0,-45.0
2026-05-13T21:54:14.307529,3,1,-42.0,-42.0,-44.0,-45.0
2026-05-13T21:54:15.226246,3,1,-42.0,-42.0,-51.0,-41.0
2026-05-13T21:54:16.249639,3,1,-42.0,-42.0,-51.0,-41.0
2026-05-13T21:54:17.405214,3,1,-42.0,-42.0,-51.0,-41.0
2026-05-13T21:54:18.202487,3,1,-42.0,-42.0,-51.0,-41.0
2026-05-13T21:54:19.161276,3,1,-42.0,-42.0,-51.0,-41.0
2026-05-13T21:54:20.186016,3,1,-53.0,-44.0,-49.0,-41.0
2026-05-13T21:54:21.183847,3,1,-53.0,-44.0,-49.0,-41.0
2026-05-13T21:54:22.197739,3,1,-53.0,-44.0,-49.0,-41.0
2026-05-13T21:54:23.380377,3,1,-53.0,-44.0,-49.0,-41.0
2026-05-13T21:54:24.173234,3,1,-53.0,-44.0,-49.0,-41.0
2026-05-13T21:54:25.177644,3,1,-44.0,-45.0,-46.0,-41.0
2026-05-13T21:54:26.285403,3,1,-44.0,-45.0,-46.0,-41.0
2026-05-13T21:54:27.164237,3,1,-44.0,-45.0,-46.0,-41.0
2026-05-13T21:54:28.432087,3,1,-44.0,-45.0,-46.0,-41.0
2026-05-13T21:54:29.352783,3,1,-44.0,-45.0,-46.0,-41.0
2026-05-13T21:54:30.278515,3,1,-47.0,-46.0,-56.0,-42.0
2026-05-13T21:54:31.305511,3,1,-47.0,-46.0,-56.0,-42.0
2026-05-13T21:54:32.223894,3,1,-47.0,-46.0,-56.0,-42.0
2026-05-13T21:54:33.789043,3,1,-47.0,-46.0,-56.0,-42.0
2026-05-13T21:54:34.207215,3,1,-47.0,-46.0,-56.0,-42.0
2026-05-13T21:54:35.164582,3,1,-47.0,-43.0,-56.0,-38.0
2026-05-13T21:54:36.220395,3,1,-47.0,-43.0,-56.0,-38.0
2026-05-13T21:54:37.164245,3,1,-47.0,-43.0,-56.0,-38.0
2026-05-13T21:54:38.161299,3,1,-47.0,-43.0,-56.0,-38.0
2026-05-13T21:54:39.160400,3,1,-47.0,-43.0,-56.0,-38.0
2026-05-13T21:54:40.160391,3,1,-46.0,-39.0,-51.0,-44.0
2026-05-13T21:54:41.193532,3,1,-46.0,-39.0,-51.0,-44.0
2026-05-13T21:54:42.466379,3,1,-46.0,-39.0,-51.0,-44.0
2026-05-13T21:54:43.689026,3,1,-46.0,-39.0,-51.0,-44.0
2026-05-13T21:54:45.641413,3,1,-41.0,-46.0,-46.0,-39.0
2026-05-13T21:54:45.642437,3,1,-46.0,-39.0,-51.0,-44.0
2026-05-13T21:54:46.530865,3,1,-41.0,-46.0,-46.0,-39.0
2026-05-13T21:54:47.196116,3,1,-41.0,-46.0,-46.0,-39.0
2026-05-13T21:54:48.173554,3,1,-41.0,-46.0,-46.0,-39.0
2026-05-13T21:54:49.161122,3,1,-41.0,-46.0,-46.0,-39.0
2026-05-13T21:54:50.447232,3,1,-48.0,-47.0,-46.0,-40.0
2026-05-13T21:54:51.470888,3,1,-48.0,-47.0,-46.0,-40.0
2026-05-13T21:54:52.202730,3,1,-48.0,-47.0,-46.0,-40.0
2026-05-13T21:54:53.446870,3,1,-48.0,-47.0,-46.0,-40.0
2026-05-13T21:54:54.161157,3,1,-48.0,-47.0,-46.0,-40.0
2026-05-13T21:54:55.180718,3,1,-43.0,-46.0,-47.0,-40.0
2026-05-13T21:54:56.172967,3,1,-43.0,-46.0,-47.0,-40.0
2026-05-13T21:54:57.161290,3,1,-43.0,-46.0,-47.0,-40.0
2026-05-13T21:54:58.543276,3,1,-43.0,-46.0,-47.0,-40.0
2026-05-13T21:54:59.168610,3,1,-43.0,-46.0,-47.0,-40.0
2026-05-13T21:55:00.175491,3,1,-51.0,-42.0,-46.0,-46.0
2026-05-13T21:55:01.190617,3,1,-51.0,-42.0,-46.0,-46.0
2026-05-13T21:55:02.198704,3,1,-51.0,-42.0,-46.0,-46.0
2026-05-13T21:55:03.162078,3,1,-51.0,-42.0,-46.0,-46.0
2026-05-13T21:55:04.380537,3,1,-51.0,-42.0,-46.0,-46.0
2026-05-13T21:55:05.299126,3,1,-40.0,-46.0,-51.0,-40.0
2026-05-13T21:55:06.523706,3,1,-40.0,-46.0,-51.0,-40.0
2026-05-13T21:55:07.162952,3,1,-40.0,-46.0,-51.0,-40.0
2026-05-13T21:55:08.183679,3,1,-40.0,-46.0,-51.0,-40.0
2026-05-13T21:55:09.163445,3,1,-40.0,-46.0,-51.0,-40.0
2026-05-13T21:55:10.319286,3,1,-44.0,-47.0,-51.0,-44.0
2026-05-13T21:55:11.179385,3,1,-44.0,-47.0,-51.0,-44.0
2026-05-13T21:55:12.359131,3,1,-44.0,-47.0,-51.0,-44.0
2026-05-13T21:55:13.229279,3,1,-44.0,-47.0,-51.0,-44.0
2026-05-13T21:55:14.722534,3,1,-44.0,-47.0,-51.0,-44.0
2026-05-13T21:55:15.231782,3,1,-44.0,-40.0,-48.0,-38.0
2026-05-13T21:55:16.180724,3,1,-44.0,-40.0,-48.0,-38.0
2026-05-13T21:55:17.164241,3,1,-44.0,-40.0,-48.0,-38.0
2026-05-13T21:55:18.199988,3,1,-44.0,-40.0,-48.0,-38.0
2026-05-13T21:55:19.175686,3,1,-44.0,-40.0,-48.0,-38.0
2026-05-13T21:55:20.450637,3,1,-39.0,-40.0,-51.0,-38.0
2026-05-13T21:55:21.275839,3,1,-39.0,-40.0,-51.0,-38.0
2026-05-13T21:55:22.207266,3,1,-39.0,-40.0,-51.0,-38.0
2026-05-13T21:55:23.453149,3,1,-39.0,-40.0,-51.0,-38.0
2026-05-13T21:55:24.196278,3,1,-39.0,-40.0,-51.0,-38.0
2026-05-13T21:55:25.170891,3,1,-43.0,-40.0,-46.0,-38.0
2026-05-13T21:55:26.197096,3,1,-43.0,-40.0,-46.0,-38.0
2026-05-13T21:55:27.185102,3,1,-43.0,-40.0,-46.0,-38.0
2026-05-13T21:55:28.160147,3,1,-43.0,-40.0,-46.0,-38.0
2026-05-13T21:55:29.160666,3,1,-43.0,-40.0,-46.0,-38.0
2026-05-13T21:55:30.188245,3,1,-39.0,-43.0,-48.0,-40.0
2026-05-13T21:55:31.212672,3,1,-39.0,-43.0,-48.0,-40.0
2026-05-13T21:55:32.186736,3,1,-39.0,-43.0,-48.0,-40.0
2026-05-13T21:55:33.218288,3,1,-39.0,-43.0,-48.0,-40.0
2026-05-13T21:55:34.178067,3,1,-39.0,-43.0,-48.0,-40.0
2026-05-13T21:55:35.160469,3,1,-42.0,-43.0,-52.0,-41.0
2026-05-13T21:55:36.328348,3,1,-42.0,-43.0,-52.0,-41.0
2026-05-13T21:55:37.313155,3,1,-42.0,-43.0,-52.0,-41.0
2026-05-13T21:55:53.787856,2,1,-28.0,-48.0,-41.0,-44.0
2026-05-13T21:55:54.596189,2,1,-28.0,-48.0,-41.0,-44.0
2026-05-13T21:55:55.587129,2,1,-38.0,-48.0,-50.0,-46.0
2026-05-13T21:55:56.587890,2,1,-38.0,-48.0,-50.0,-46.0
2026-05-13T21:55:57.627931,2,1,-38.0,-48.0,-50.0,-46.0
2026-05-13T21:55:58.644518,2,1,-38.0,-48.0,-50.0,-46.0
2026-05-13T21:55:59.677752,2,1,-38.0,-48.0,-50.0,-46.0
2026-05-13T21:56:00.589196,2,1,-46.0,-47.0,-41.0,-40.0
2026-05-13T21:56:01.589959,2,1,-46.0,-47.0,-41.0,-40.0
2026-05-13T21:56:02.645467,2,1,-46.0,-47.0,-41.0,-40.0
2026-05-13T21:56:03.908534,2,1,-46.0,-47.0,-41.0,-40.0
2026-05-13T21:56:04.596737,2,1,-46.0,-47.0,-41.0,-40.0
2026-05-13T21:56:05.620694,2,1,-40.0,-44.0,-47.0,-48.0
2026-05-13T21:56:06.587469,2,1,-40.0,-44.0,-47.0,-48.0
2026-05-13T21:56:07.587336,2,1,-40.0,-44.0,-47.0,-48.0
2026-05-13T21:56:08.718231,2,1,-40.0,-44.0,-47.0,-48.0
2026-05-13T21:56:09.609978,2,1,-40.0,-44.0,-47.0,-48.0
2026-05-13T21:56:10.588137,2,1,-45.0,-44.0,-44.0,-50.0
2026-05-13T21:56:11.588072,2,1,-45.0,-44.0,-44.0,-50.0
2026-05-13T21:56:12.680610,2,1,-45.0,-44.0,-44.0,-50.0
2026-05-13T21:56:13.704172,2,1,-45.0,-44.0,-44.0,-50.0
2026-05-13T21:56:14.591863,2,1,-45.0,-44.0,-44.0,-50.0
2026-05-13T21:56:15.588174,2,1,-47.0,-47.0,-43.0,-40.0
2026-05-13T21:56:16.776239,2,1,-47.0,-47.0,-43.0,-40.0
2026-05-13T21:56:17.841629,2,1,-47.0,-47.0,-43.0,-40.0
2026-05-13T21:56:18.594241,2,1,-47.0,-47.0,-43.0,-40.0
2026-05-13T21:56:19.590582,2,1,-47.0,-47.0,-43.0,-40.0
2026-05-13T21:56:20.589333,2,1,-52.0,-45.0,-42.0,-46.0
2026-05-13T21:56:21.588721,2,1,-52.0,-45.0,-42.0,-46.0
2026-05-13T21:56:22.587493,2,1,-52.0,-45.0,-42.0,-46.0
2026-05-13T21:56:23.634296,2,1,-52.0,-45.0,-42.0,-46.0
2026-05-13T21:56:24.763181,2,1,-52.0,-45.0,-42.0,-46.0
2026-05-13T21:56:25.787397,2,1,-46.0,-43.0,-45.0,-46.0
2026-05-13T21:56:26.606195,2,1,-46.0,-43.0,-45.0,-46.0
2026-05-13T21:56:27.615976,2,1,-46.0,-43.0,-45.0,-46.0
2026-05-13T21:56:28.852722,2,1,-46.0,-43.0,-45.0,-46.0
2026-05-13T21:56:29.592119,2,1,-46.0,-43.0,-45.0,-46.0
2026-05-13T21:56:30.689471,2,1,-42.0,-55.0,-44.0,-45.0
2026-05-13T21:56:31.590298,2,1,-42.0,-55.0,-44.0,-45.0
2026-05-13T21:56:32.647762,2,1,-42.0,-55.0,-44.0,-45.0
2026-05-13T21:56:33.671660,2,1,-42.0,-55.0,-44.0,-45.0
2026-05-13T21:56:34.589812,2,1,-42.0,-55.0,-44.0,-45.0
2026-05-13T21:56:35.587712,2,1,-39.0,-48.0,-63.0,-41.0
2026-05-13T21:56:36.588364,2,1,-39.0,-48.0,-63.0,-41.0
2026-05-13T21:56:37.587253,2,1,-39.0,-48.0,-63.0,-41.0
2026-05-13T21:56:38.997418,2,1,-39.0,-48.0,-63.0,-41.0
2026-05-13T21:56:39.707200,2,1,-39.0,-48.0,-63.0,-41.0
2026-05-13T21:56:40.588690,2,1,-47.0,-49.0,-46.0,-41.0
2026-05-13T21:56:41.642747,2,1,-47.0,-49.0,-46.0,-41.0
2026-05-13T21:56:42.587380,2,1,-47.0,-49.0,-46.0,-41.0
2026-05-13T21:56:43.613072,2,1,-47.0,-49.0,-46.0,-41.0
2026-05-13T21:56:44.628588,2,1,-47.0,-49.0,-46.0,-41.0
2026-05-13T21:56:45.850670,2,1,-38.0,-44.0,-47.0,-40.0
2026-05-13T21:56:46.877780,2,1,-38.0,-44.0,-47.0,-40.0
2026-05-13T21:56:47.611739,2,1,-38.0,-44.0,-47.0,-40.0
2026-05-13T21:56:48.604500,2,1,-38.0,-44.0,-47.0,-40.0
2026-05-13T21:56:49.587973,2,1,-38.0,-44.0,-47.0,-40.0
2026-05-13T21:56:50.868229,2,1,-45.0,-46.0,-50.0,-44.0
2026-05-13T21:56:51.892485,2,1,-45.0,-46.0,-50.0,-44.0
2026-05-13T21:56:52.711291,2,1,-45.0,-46.0,-50.0,-44.0
2026-05-13T21:56:53.932822,2,1,-45.0,-46.0,-50.0,-44.0
2026-05-13T21:56:54.589232,2,1,-45.0,-46.0,-50.0,-44.0
2026-05-13T21:56:55.687242,2,1,-42.0,-44.0,-46.0,-48.0
2026-05-13T21:56:56.588356,2,1,-42.0,-44.0,-46.0,-48.0
2026-05-13T21:56:57.636420,2,1,-42.0,-44.0,-46.0,-48.0
2026-05-13T21:56:58.721137,2,1,-42.0,-44.0,-46.0,-48.0
2026-05-13T21:56:59.632515,2,1,-42.0,-44.0,-46.0,-48.0
2026-05-13T21:57:00.588177,2,1,-40.0,-44.0,-46.0,-45.0
2026-05-13T21:57:01.589313,2,1,-40.0,-44.0,-46.0,-45.0
2026-05-13T21:57:02.746345,2,1,-40.0,-44.0,-46.0,-45.0
2026-05-13T21:57:03.684282,2,1,-40.0,-44.0,-46.0,-45.0
2026-05-13T21:57:04.629899,2,1,-40.0,-44.0,-46.0,-45.0
2026-05-13T21:57:05.587364,2,1,-45.0,-47.0,-54.0,-42.0
2026-05-13T21:57:06.661104,2,1,-45.0,-47.0,-54.0,-42.0
2026-05-13T21:57:07.603131,2,1,-45.0,-47.0,-54.0,-42.0
2026-05-13T21:57:08.613804,2,1,-45.0,-47.0,-54.0,-42.0
2026-05-13T21:57:09.589752,2,1,-45.0,-47.0,-54.0,-42.0
2026-05-13T21:57:10.588923,2,1,-42.0,-49.0,-43.0,-48.0
2026-05-13T21:57:11.620116,2,1,-42.0,-49.0,-43.0,-48.0
2026-05-13T21:57:12.685570,2,1,-42.0,-49.0,-43.0,-48.0
2026-05-13T21:57:13.607192,2,1,-42.0,-49.0,-43.0,-48.0
2026-05-13T21:57:14.740389,2,1,-42.0,-49.0,-43.0,-48.0
2026-05-13T21:57:15.763755,2,1,-40.0,-48.0,-42.0,-45.0
2026-05-13T21:57:16.604148,2,1,-40.0,-48.0,-42.0,-45.0
2026-05-13T21:57:17.586549,2,1,-40.0,-48.0,-42.0,-45.0
2026-05-13T21:57:18.587321,2,1,-40.0,-48.0,-42.0,-45.0
2026-05-13T21:57:19.587824,2,1,-40.0,-48.0,-42.0,-45.0
2026-05-13T21:57:20.588154,2,1,-36.0,-47.0,-42.0,-42.0
2026-05-13T21:57:21.619877,2,1,-36.0,-47.0,-42.0,-42.0
2026-05-13T21:57:22.623235,2,1,-36.0,-47.0,-42.0,-42.0
2026-05-13T21:57:23.642740,2,1,-36.0,-47.0,-42.0,-42.0
2026-05-13T21:57:24.590143,2,1,-36.0,-47.0,-42.0,-42.0
2026-05-13T21:57:25.587858,2,1,-48.0,-46.0,-45.0,-45.0
2026-05-13T21:57:26.715624,2,1,-48.0,-46.0,-45.0,-45.0
2026-05-13T21:57:27.632930,2,1,-48.0,-46.0,-45.0,-45.0
2026-05-13T21:57:28.914872,2,1,-48.0,-46.0,-45.0,-45.0
2026-05-13T21:57:29.588669,2,1,-48.0,-46.0,-45.0,-45.0
2026-05-13T21:57:30.601896,2,1,-33.0,-45.0,-46.0,-39.0
2026-05-13T21:57:31.587807,2,1,-33.0,-45.0,-46.0,-39.0
2026-05-13T21:57:32.616414,2,1,-33.0,-45.0,-46.0,-39.0
2026-05-13T21:57:33.629415,2,1,-33.0,-45.0,-46.0,-39.0
2026-05-13T21:57:34.616643,2,1,-33.0,-45.0,-46.0,-39.0
2026-05-13T21:57:35.589869,2,1,-48.0,-45.0,-46.0,-45.0
2026-05-13T21:57:36.845713,2,1,-48.0,-45.0,-46.0,-45.0
2026-05-13T21:57:37.767421,2,1,-48.0,-45.0,-46.0,-45.0
2026-05-13T21:57:38.696202,2,1,-48.0,-45.0,-46.0,-45.0
2026-05-13T21:57:39.624279,2,1,-48.0,-45.0,-46.0,-45.0
2026-05-13T21:57:40.589889,2,1,-39.0,-48.0,-44.0,-45.0
2026-05-13T21:57:41.586357,2,1,-39.0,-48.0,-44.0,-45.0
2026-05-13T21:57:43.194717,2,1,-39.0,-48.0,-44.0,-45.0
2026-05-13T21:57:43.767465,2,1,-39.0,-48.0,-44.0,-45.0
2026-05-13T21:57:44.590479,2,1,-39.0,-48.0,-44.0,-45.0
2026-05-13T21:57:45.605923,2,1,-39.0,-42.0,-45.0,-39.0
2026-05-13T21:57:46.620353,2,1,-39.0,-42.0,-45.0,-39.0
2026-05-13T21:57:47.673349,2,1,-39.0,-42.0,-45.0,-39.0
2026-05-13T21:57:48.677195,2,1,-39.0,-42.0,-45.0,-39.0
2026-05-13T21:57:49.651598,2,1,-39.0,-42.0,-45.0,-39.0
2026-05-13T21:57:50.874008,2,1,-43.0,-42.0,-44.0,-36.0
2026-05-13T21:57:51.699612,2,1,-43.0,-42.0,-44.0,-36.0
2026-05-13T21:57:52.621207,2,1,-43.0,-42.0,-44.0,-36.0
2026-05-13T21:58:08.418493,1,1,-47.0,-45.0,-47.0,-42.0
2026-05-13T21:58:09.417692,1,1,-47.0,-45.0,-47.0,-42.0
2026-05-13T21:58:10.439099,1,1,-42.0,-49.0,-37.0,-45.0
2026-05-13T21:58:11.462988,1,1,-42.0,-49.0,-37.0,-45.0
2026-05-13T21:58:12.487084,1,1,-42.0,-49.0,-37.0,-45.0
2026-05-13T21:58:13.715538,1,1,-42.0,-49.0,-37.0,-45.0
2026-05-13T21:58:14.539446,1,1,-42.0,-49.0,-37.0,-45.0
2026-05-13T21:58:15.431352,1,1,-39.0,-39.0,-42.0,-50.0
2026-05-13T21:58:16.480625,1,1,-39.0,-39.0,-42.0,-50.0
2026-05-13T21:58:17.503975,1,1,-39.0,-39.0,-42.0,-50.0
2026-05-13T21:58:18.418133,1,1,-39.0,-39.0,-42.0,-50.0
2026-05-13T21:58:19.419089,1,1,-39.0,-39.0,-42.0,-50.0
2026-05-13T21:58:20.577360,1,1,-45.0,-41.0,-41.0,-42.0
2026-05-13T21:58:21.422248,1,1,-45.0,-41.0,-41.0,-42.0
2026-05-13T21:58:22.520757,1,1,-45.0,-41.0,-41.0,-42.0
2026-05-13T21:58:23.750567,1,1,-45.0,-41.0,-41.0,-42.0
2026-05-13T21:58:24.467480,1,1,-45.0,-41.0,-41.0,-42.0
2026-05-13T21:58:25.433258,1,1,-43.0,-42.0,-41.0,-43.0
2026-05-13T21:58:26.618133,1,1,-43.0,-42.0,-41.0,-43.0
2026-05-13T21:58:27.744610,1,1,-43.0,-42.0,-41.0,-43.0
2026-05-13T21:58:28.428233,1,1,-43.0,-42.0,-41.0,-43.0
2026-05-13T21:58:29.414409,1,1,-43.0,-42.0,-41.0,-43.0
2026-05-13T21:58:31.528801,1,1,-46.0,-42.0,-38.0,-39.0
2026-05-13T21:58:31.570492,1,1,-46.0,-42.0,-38.0,-39.0
2026-05-13T21:58:32.465425,1,1,-46.0,-42.0,-38.0,-39.0
2026-05-13T21:58:33.683524,1,1,-46.0,-42.0,-38.0,-39.0
2026-05-13T21:58:36.053650,1,1,-46.0,-42.0,-38.0,-39.0
2026-05-13T21:58:36.059674,1,1,-41.0,-50.0,-48.0,-47.0
2026-05-13T21:58:36.748712,1,1,-41.0,-50.0,-48.0,-47.0
2026-05-13T21:58:37.779137,1,1,-41.0,-50.0,-48.0,-47.0
2026-05-13T21:58:38.429019,1,1,-41.0,-50.0,-48.0,-47.0
2026-05-13T21:58:39.417490,1,1,-41.0,-50.0,-48.0,-47.0
2026-05-13T21:58:40.442017,1,1,-38.0,-45.0,-44.0,-41.0
2026-05-13T21:58:41.465251,1,1,-38.0,-45.0,-44.0,-41.0
2026-05-13T21:58:42.489382,1,1,-38.0,-45.0,-44.0,-41.0
2026-05-13T21:58:43.711866,1,1,-38.0,-45.0,-44.0,-41.0
2026-05-13T21:58:44.537341,1,1,-38.0,-45.0,-44.0,-41.0
2026-05-13T21:58:45.455966,1,1,-43.0,-41.0,-40.0,-47.0
2026-05-13T21:58:46.483779,1,1,-43.0,-41.0,-40.0,-47.0
2026-05-13T21:58:47.508057,1,1,-43.0,-41.0,-40.0,-47.0
2026-05-13T21:58:48.416901,1,1,-43.0,-41.0,-40.0,-47.0
2026-05-13T21:58:49.452905,1,1,-43.0,-41.0,-40.0,-47.0
2026-05-13T21:58:50.415302,1,1,-48.0,-46.0,-46.0,-45.0
2026-05-13T21:58:51.422021,1,1,-48.0,-46.0,-46.0,-45.0
2026-05-13T21:58:52.627231,1,1,-48.0,-46.0,-46.0,-45.0
2026-05-13T21:58:53.644427,1,1,-48.0,-46.0,-46.0,-45.0
2026-05-13T21:58:54.470441,1,1,-48.0,-46.0,-46.0,-45.0
2026-05-13T21:58:55.596407,1,1,-47.0,-47.0,-39.0,-43.0
2026-05-13T21:58:56.430267,1,1,-47.0,-47.0,-39.0,-43.0
2026-05-13T21:58:57.421477,1,1,-47.0,-47.0,-39.0,-43.0
2026-05-13T21:58:58.415829,1,1,-47.0,-47.0,-39.0,-43.0
2026-05-13T21:58:59.487856,1,1,-47.0,-47.0,-39.0,-43.0
2026-05-13T21:59:00.414686,1,1,-41.0,-47.0,-41.0,-43.0
2026-05-13T21:59:01.437475,1,1,-41.0,-47.0,-41.0,-43.0
2026-05-13T21:59:02.662782,1,1,-41.0,-47.0,-41.0,-43.0
2026-05-13T21:59:03.884600,1,1,-41.0,-47.0,-41.0,-43.0
2026-05-13T21:59:05.031890,1,1,-41.0,-47.0,-41.0,-43.0
2026-05-13T21:59:05.419382,1,1,-45.0,-42.0,-44.0,-44.0
2026-05-13T21:59:06.450858,1,1,-45.0,-42.0,-44.0,-44.0
2026-05-13T21:59:07.474497,1,1,-45.0,-42.0,-44.0,-44.0
2026-05-13T21:59:08.420237,1,1,-45.0,-42.0,-44.0,-44.0
2026-05-13T21:59:09.416073,1,1,-45.0,-42.0,-44.0,-44.0
2026-05-13T21:59:10.745163,1,1,-51.0,-44.0,-40.0,-44.0
2026-05-13T21:59:11.762859,1,1,-51.0,-44.0,-40.0,-44.0
2026-05-13T21:59:12.492571,1,1,-51.0,-44.0,-40.0,-44.0
2026-05-13T21:59:13.719258,1,1,-51.0,-44.0,-40.0,-44.0
2026-05-13T21:59:14.442426,1,1,-51.0,-44.0,-40.0,-44.0
2026-05-13T21:59:15.435022,1,1,-44.0,-46.0,-42.0,-39.0
2026-05-13T21:59:16.685196,1,1,-44.0,-46.0,-42.0,-39.0
2026-05-13T21:59:17.612060,1,1,-44.0,-46.0,-42.0,-39.0
2026-05-13T21:59:18.635900,1,1,-44.0,-46.0,-42.0,-39.0
2026-05-13T21:59:19.452905,1,1,-44.0,-46.0,-42.0,-39.0
2026-05-13T21:59:20.463295,1,1,-38.0,-46.0,-37.0,-52.0
2026-05-13T21:59:21.460213,1,1,-38.0,-46.0,-37.0,-52.0
2026-05-13T21:59:22.630543,1,1,-38.0,-46.0,-37.0,-52.0
2026-05-13T21:59:23.874744,1,1,-38.0,-46.0,-37.0,-52.0
2026-05-13T21:59:24.436619,1,1,-38.0,-46.0,-37.0,-52.0
2026-05-13T21:59:25.447331,1,1,-41.0,-46.0,-40.0,-53.0
2026-05-13T21:59:26.518695,1,1,-41.0,-46.0,-40.0,-53.0
2026-05-13T21:59:27.545171,1,1,-41.0,-46.0,-40.0,-53.0
2026-05-13T21:59:28.414683,1,1,-41.0,-46.0,-40.0,-53.0
2026-05-13T21:59:29.478763,1,1,-41.0,-46.0,-40.0,-53.0
2026-05-13T21:59:30.617613,1,1,-44.0,-41.0,-38.0,-43.0
2026-05-13T21:59:31.458921,1,1,-44.0,-41.0,-38.0,-43.0
2026-05-13T21:59:32.563685,1,1,-44.0,-41.0,-38.0,-43.0
2026-05-13T21:59:33.887583,1,1,-44.0,-41.0,-38.0,-43.0
2026-05-13T21:59:34.610839,1,1,-44.0,-41.0,-38.0,-43.0
2026-05-13T21:59:35.526097,1,1,-39.0,-41.0,-36.0,-48.0
2026-05-13T21:59:36.461346,1,1,-39.0,-41.0,-36.0,-48.0
2026-05-13T21:59:37.477508,1,1,-39.0,-41.0,-36.0,-48.0
2026-05-13T21:59:38.501322,1,1,-39.0,-41.0,-36.0,-48.0
2026-05-13T21:59:39.630128,1,1,-39.0,-41.0,-36.0,-48.0
2026-05-13T21:59:40.446989,1,1,-47.0,-38.0,-37.0,-48.0
2026-05-13T21:59:41.468241,1,1,-47.0,-38.0,-37.0,-48.0
2026-05-13T21:59:42.494986,1,1,-47.0,-38.0,-37.0,-48.0
2026-05-13T21:59:43.718289,1,1,-47.0,-38.0,-37.0,-48.0
2026-05-13T21:59:44.544705,1,1,-47.0,-38.0,-37.0,-48.0
2026-05-13T21:59:45.465022,1,1,-40.0,-45.0,-37.0,-47.0
2026-05-13T21:59:46.438929,1,1,-40.0,-45.0,-37.0,-47.0
2026-05-13T21:59:47.430582,1,1,-40.0,-45.0,-37.0,-47.0
2026-05-13T21:59:48.537329,1,1,-40.0,-45.0,-37.0,-47.0
2026-05-13T21:59:49.458456,1,1,-40.0,-45.0,-37.0,-47.0
2026-05-13T21:59:50.414629,1,1,-43.0,-39.0,-35.0,-51.0
2026-05-13T21:59:51.462377,1,1,-43.0,-39.0,-35.0,-51.0
2026-05-13T21:59:52.728866,1,1,-43.0,-39.0,-35.0,-51.0
2026-05-13T21:59:53.588122,1,1,-43.0,-39.0,-35.0,-51.0
2026-05-13T21:59:54.651497,1,1,-43.0,-39.0,-35.0,-51.0
2026-05-13T21:59:55.500205,1,1,-39.0,-41.0,-40.0,-44.0
2026-05-13T21:59:56.457956,1,1,-39.0,-41.0,-40.0,-44.0
2026-05-13T21:59:57.464329,1,1,-39.0,-41.0,-40.0,-44.0
2026-05-13T21:59:58.572591,1,1,-39.0,-41.0,-40.0,-44.0
2026-05-13T21:59:59.493828,1,1,-39.0,-41.0,-40.0,-44.0
2026-05-13T22:00:00.565882,1,1,-56.0,-41.0,-38.0,-41.0
2026-05-13T22:00:01.542893,1,1,-56.0,-41.0,-38.0,-41.0
2026-05-13T22:00:02.418243,1,1,-56.0,-41.0,-38.0,-41.0
2026-05-13T22:00:03.413271,1,1,-56.0,-41.0,-38.0,-41.0
2026-05-13T22:00:04.445159,1,1,-56.0,-41.0,-38.0,-41.0
2026-05-13T22:00:05.416078,1,1,-46.0,-47.0,-38.0,-41.0
2026-05-13T22:00:06.420586,1,1,-46.0,-47.0,-38.0,-41.0
2026-05-13T22:00:07.416067,1,1,-46.0,-47.0,-38.0,-41.0
2026-05-13T22:00:21.825077,1,1,-51.0,-45.0,-36.0,-50.0
2026-05-13T22:00:23.038932,1,1,-51.0,-45.0,-36.0,-50.0
2026-05-13T22:00:23.939550,1,1,-51.0,-45.0,-36.0,-50.0
2026-05-13T22:00:24.807389,1,1,-51.0,-45.0,-36.0,-50.0
2026-05-13T22:00:25.802616,1,1,-38.0,-46.0,-42.0,-44.0
2026-05-13T22:00:26.807264,1,1,-38.0,-46.0,-42.0,-44.0
2026-05-13T22:00:27.810962,1,1,-38.0,-46.0,-42.0,-44.0
2026-05-13T22:00:28.807327,1,1,-38.0,-46.0,-42.0,-44.0
2026-05-13T22:00:29.809847,1,1,-38.0,-46.0,-42.0,-44.0
2026-05-13T22:00:30.827615,1,1,-33.0,-44.0,-41.0,-48.0
2026-05-13T22:00:31.851559,1,1,-33.0,-44.0,-41.0,-48.0
2026-05-13T22:00:33.073962,1,1,-33.0,-44.0,-41.0,-48.0
2026-05-13T22:00:33.950931,1,1,-33.0,-44.0,-41.0,-48.0
2026-05-13T22:00:34.924724,1,1,-33.0,-44.0,-41.0,-48.0
2026-05-13T22:00:35.908213,1,1,-32.0,-43.0,-37.0,-50.0
2026-05-13T22:00:36.808802,1,1,-32.0,-43.0,-37.0,-50.0
2026-05-13T22:00:37.810735,1,1,-32.0,-43.0,-37.0,-50.0
2026-05-13T22:00:39.223698,1,1,-32.0,-43.0,-37.0,-50.0
2026-05-13T22:00:39.858693,1,1,-32.0,-43.0,-37.0,-50.0
2026-05-13T22:00:40.802212,1,1,-41.0,-44.0,-46.0,-41.0
2026-05-13T22:00:41.849094,1,1,-41.0,-44.0,-46.0,-41.0
2026-05-13T22:00:42.835227,1,1,-41.0,-44.0,-46.0,-41.0
2026-05-13T22:00:43.855041,1,1,-41.0,-44.0,-46.0,-41.0
2026-05-13T22:00:44.958888,1,1,-41.0,-44.0,-46.0,-41.0
2026-05-13T22:00:45.809376,1,1,-42.0,-46.0,-38.0,-47.0
2026-05-13T22:00:46.842437,1,1,-42.0,-46.0,-38.0,-47.0
2026-05-13T22:00:47.807772,1,1,-42.0,-46.0,-38.0,-47.0
2026-05-13T22:00:48.849988,1,1,-42.0,-46.0,-38.0,-47.0
2026-05-13T22:00:49.874241,1,1,-42.0,-46.0,-38.0,-47.0
2026-05-13T22:00:50.804774,1,1,-45.0,-43.0,-40.0,-46.0
2026-05-13T22:00:51.806925,1,1,-45.0,-43.0,-40.0,-46.0
2026-05-13T22:00:53.246569,1,1,-45.0,-43.0,-40.0,-46.0
2026-05-13T22:00:53.866875,1,1,-45.0,-43.0,-40.0,-46.0
2026-05-13T22:00:55.611941,1,1,-45.0,-43.0,-40.0,-46.0
2026-05-13T22:00:55.814421,1,1,-45.0,-43.0,-59.0,-36.0
2026-05-13T22:00:56.857681,1,1,-45.0,-43.0,-59.0,-36.0
2026-05-13T22:00:57.923625,1,1,-45.0,-43.0,-59.0,-36.0
2026-05-13T22:00:58.836904,1,1,-45.0,-43.0,-59.0,-36.0
2026-05-13T22:00:59.810817,1,1,-45.0,-43.0,-59.0,-36.0
2026-05-13T22:01:00.863633,1,1,-46.0,-50.0,-51.0,-38.0
2026-05-13T22:01:02.059524,1,1,-46.0,-50.0,-51.0,-38.0
2026-05-13T22:01:03.082660,1,1,-46.0,-50.0,-51.0,-38.0
2026-05-13T22:01:03.951932,1,1,-46.0,-50.0,-51.0,-38.0
2026-05-13T22:01:04.810599,1,1,-46.0,-50.0,-51.0,-38.0
2026-05-13T22:01:05.807837,1,1,-50.0,-44.0,-46.0,-36.0
2026-05-13T22:01:06.808897,1,1,-50.0,-44.0,-46.0,-36.0
2026-05-13T22:01:07.802631,1,1,-50.0,-44.0,-46.0,-36.0
2026-05-13T22:01:09.022596,1,1,-50.0,-44.0,-46.0,-36.0
2026-05-13T22:01:09.897107,1,1,-50.0,-44.0,-46.0,-36.0
2026-05-13T22:01:10.802557,1,1,-45.0,-46.0,-45.0,-38.0
2026-05-13T22:01:11.804720,1,1,-45.0,-46.0,-45.0,-38.0
2026-05-13T22:01:12.804279,1,1,-45.0,-46.0,-45.0,-38.0
2026-05-13T22:01:13.851171,1,1,-45.0,-46.0,-45.0,-38.0
2026-05-13T22:01:14.809203,1,1,-45.0,-46.0,-45.0,-38.0
2026-05-13T22:01:15.803316,1,1,-46.0,-46.0,-45.0,-45.0
2026-05-13T22:01:16.806608,1,1,-46.0,-46.0,-45.0,-45.0
2026-05-13T22:01:17.807539,1,1,-46.0,-46.0,-45.0,-45.0
2026-05-13T22:01:18.863979,1,1,-46.0,-46.0,-45.0,-45.0
2026-05-13T22:01:19.808406,1,1,-46.0,-46.0,-45.0,-45.0
2026-05-13T22:01:20.809735,1,1,-47.0,-45.0,-47.0,-40.0
2026-05-13T22:01:21.834716,1,1,-47.0,-45.0,-47.0,-40.0
2026-05-13T22:01:22.851122,1,1,-47.0,-45.0,-47.0,-40.0
2026-05-13T22:01:23.803796,1,1,-47.0,-45.0,-47.0,-40.0
2026-05-13T22:01:24.808947,1,1,-47.0,-45.0,-47.0,-40.0
2026-05-13T22:01:25.808417,1,1,-44.0,-47.0,-45.0,-41.0
2026-05-13T22:01:26.943452,1,1,-44.0,-47.0,-45.0,-41.0
2026-05-13T22:01:27.946033,1,1,-44.0,-47.0,-45.0,-41.0
2026-05-13T22:01:28.866867,1,1,-44.0,-47.0,-45.0,-41.0
2026-05-13T22:01:29.809922,1,1,-44.0,-47.0,-45.0,-41.0
2026-05-13T22:01:30.841340,1,1,-48.0,-44.0,-46.0,-38.0
2026-05-13T22:01:31.861004,1,1,-48.0,-44.0,-46.0,-38.0
2026-05-13T22:01:32.849953,1,1,-48.0,-44.0,-46.0,-38.0
2026-05-13T22:01:33.807065,1,1,-48.0,-44.0,-46.0,-38.0
2026-05-13T22:01:34.810265,1,1,-48.0,-44.0,-46.0,-38.0
2026-05-13T22:01:35.802221,1,1,-43.0,-46.0,-41.0,-40.0
2026-05-13T22:01:36.978690,1,1,-43.0,-46.0,-41.0,-40.0
2026-05-13T22:01:38.417317,1,1,-43.0,-46.0,-41.0,-40.0
2026-05-13T22:01:38.802119,1,1,-43.0,-46.0,-41.0,-40.0
2026-05-13T22:01:39.808338,1,1,-43.0,-46.0,-41.0,-40.0
2026-05-13T22:01:40.806389,1,1,-49.0,-48.0,-41.0,-42.0
2026-05-13T22:01:41.807717,1,1,-49.0,-48.0,-41.0,-42.0
2026-05-13T22:01:43.221021,1,1,-49.0,-48.0,-41.0,-42.0
2026-05-13T22:01:43.854519,1,1,-49.0,-48.0,-41.0,-42.0
2026-05-13T22:01:44.809861,1,1,-49.0,-48.0,-41.0,-42.0
2026-05-13T22:01:45.804955,1,1,-54.0,-49.0,-40.0,-44.0
2026-05-13T22:01:46.843437,1,1,-54.0,-49.0,-40.0,-44.0
2026-05-13T22:01:47.824218,1,1,-54.0,-49.0,-40.0,-44.0
2026-05-13T22:01:48.853379,1,1,-54.0,-49.0,-40.0,-44.0
2026-05-13T22:01:49.840519,1,1,-54.0,-49.0,-40.0,-44.0
2026-05-13T22:01:50.805923,1,1,-52.0,-52.0,-43.0,-46.0
2026-05-13T22:01:51.811418,1,1,-52.0,-52.0,-43.0,-46.0
2026-05-13T22:01:52.807960,1,1,-52.0,-52.0,-43.0,-46.0
2026-05-13T22:01:53.846288,1,1,-52.0,-52.0,-43.0,-46.0
2026-05-13T22:01:55.001772,1,1,-52.0,-52.0,-43.0,-46.0
2026-05-13T22:01:55.907595,1,1,-57.0,-44.0,-42.0,-42.0
2026-05-13T22:01:56.829861,1,1,-57.0,-44.0,-42.0,-42.0
2026-05-13T22:01:57.809602,1,1,-57.0,-44.0,-42.0,-42.0
2026-05-13T22:01:58.808491,1,1,-57.0,-44.0,-42.0,-42.0
2026-05-13T22:01:59.812387,1,1,-57.0,-44.0,-42.0,-42.0
2026-05-13T22:02:00.815118,1,1,-36.0,-40.0,-47.0,-52.0
2026-05-13T22:02:01.807492,1,1,-36.0,-40.0,-47.0,-52.0
2026-05-13T22:02:02.881569,1,1,-36.0,-40.0,-47.0,-52.0
2026-05-13T22:02:03.923117,1,1,-36.0,-40.0,-47.0,-52.0
2026-05-13T22:02:04.808496,1,1,-36.0,-40.0,-47.0,-52.0
2026-05-13T22:02:05.804625,1,1,-45.0,-45.0,-56.0,-52.0
2026-05-13T22:02:06.979875,1,1,-45.0,-45.0,-56.0,-52.0
2026-05-13T22:02:07.902026,1,1,-45.0,-45.0,-56.0,-52.0
2026-05-13T22:02:08.919350,1,1,-45.0,-45.0,-56.0,-52.0
2026-05-13T22:02:09.918896,1,1,-45.0,-45.0,-56.0,-52.0
2026-05-13T22:02:10.815168,1,1,-44.0,-43.0,-52.0,-50.0
2026-05-13T22:02:11.912869,1,1,-44.0,-43.0,-52.0,-50.0
2026-05-13T22:02:12.843325,1,1,-44.0,-43.0,-52.0,-50.0
2026-05-13T22:02:13.852663,1,1,-44.0,-43.0,-52.0,-50.0
2026-05-13T22:02:14.866067,1,1,-44.0,-43.0,-52.0,-50.0
2026-05-13T22:02:15.892813,1,1,-45.0,-43.0,-54.0,-50.0
2026-05-13T22:02:16.803467,1,1,-45.0,-43.0,-54.0,-50.0
2026-05-13T22:02:17.851418,1,1,-45.0,-43.0,-54.0,-50.0
2026-05-13T22:02:18.948739,1,1,-45.0,-43.0,-54.0,-50.0
2026-05-13T22:02:19.881136,1,1,-45.0,-43.0,-54.0,-50.0
2026-05-13T22:02:20.811546,1,1,-46.0,-46.0,-50.0,-54.0
2026-05-13T22:02:26.777855,0,1,-45.0,-41.0,-44.0,-50.0
2026-05-13T22:02:27.914258,0,1,-45.0,-41.0,-44.0,-50.0
2026-05-13T22:02:28.798978,0,1,-45.0,-41.0,-44.0,-50.0
2026-05-13T22:02:29.762016,0,1,-45.0,-41.0,-44.0,-50.0
2026-05-13T22:02:30.775867,0,1,-39.0,-47.0,-43.0,-46.0
2026-05-13T22:02:31.802172,0,1,-39.0,-47.0,-43.0,-46.0
2026-05-13T22:02:32.763689,0,1,-39.0,-47.0,-43.0,-46.0
2026-05-13T22:02:33.761105,0,1,-39.0,-47.0,-43.0,-46.0
2026-05-13T22:02:34.768315,0,1,-39.0,-47.0,-43.0,-46.0
2026-05-13T22:02:35.761548,0,1,-47.0,-47.0,-36.0,-41.0
2026-05-13T22:02:36.881086,0,1,-47.0,-47.0,-36.0,-41.0
2026-05-13T22:02:37.808431,0,1,-47.0,-47.0,-36.0,-41.0
2026-05-13T22:02:38.988627,0,1,-47.0,-47.0,-36.0,-41.0
2026-05-13T22:02:39.946367,0,1,-47.0,-47.0,-36.0,-41.0
2026-05-13T22:02:40.977474,0,1,-45.0,-46.0,-36.0,-67.0
2026-05-13T22:02:41.812738,0,1,-45.0,-46.0,-36.0,-67.0
2026-05-13T22:02:42.818276,0,1,-45.0,-46.0,-36.0,-67.0
2026-05-13T22:02:43.768164,0,1,-45.0,-46.0,-36.0,-67.0
2026-05-13T22:02:44.767838,0,1,-45.0,-46.0,-36.0,-67.0
2026-05-13T22:02:45.762424,0,1,-38.0,-45.0,-37.0,-48.0
2026-05-13T22:02:46.766303,0,1,-38.0,-45.0,-37.0,-48.0
2026-05-13T22:02:47.789519,0,1,-38.0,-45.0,-37.0,-48.0
2026-05-13T22:02:48.957258,0,1,-38.0,-45.0,-37.0,-48.0
2026-05-13T22:02:49.886173,0,1,-38.0,-45.0,-37.0,-48.0
2026-05-13T22:02:50.910035,0,1,-43.0,-48.0,-48.0,-51.0
2026-05-13T22:02:51.908300,0,1,-43.0,-48.0,-48.0,-51.0
2026-05-13T22:02:52.766888,0,1,-43.0,-48.0,-48.0,-51.0
2026-05-13T22:02:53.771498,0,1,-43.0,-48.0,-48.0,-51.0
2026-05-13T22:02:54.769927,0,1,-43.0,-48.0,-48.0,-51.0
2026-05-13T22:02:55.762935,0,1,-46.0,-56.0,-46.0,-63.0
2026-05-13T22:02:56.810365,0,1,-46.0,-56.0,-46.0,-63.0
2026-05-13T22:02:57.763092,0,1,-46.0,-56.0,-46.0,-63.0
2026-05-13T22:02:58.790816,0,1,-46.0,-56.0,-46.0,-63.0
2026-05-13T22:02:59.932972,0,1,-46.0,-56.0,-46.0,-63.0
2026-05-13T22:03:00.766916,0,1,-49.0,-49.0,-40.0,-63.0
2026-05-13T22:03:01.804228,0,1,-49.0,-49.0,-40.0,-63.0
2026-05-13T22:03:02.809978,0,1,-49.0,-49.0,-40.0,-63.0
2026-05-13T22:03:03.995564,0,1,-49.0,-49.0,-40.0,-63.0
2026-05-13T22:03:04.777773,0,1,-49.0,-49.0,-40.0,-63.0
2026-05-13T22:03:05.763971,0,1,-43.0,-47.0,-35.0,-44.0
2026-05-13T22:03:06.806474,0,1,-43.0,-47.0,-35.0,-44.0
2026-05-13T22:03:07.913360,0,1,-43.0,-47.0,-35.0,-44.0
2026-05-13T22:03:08.760694,0,1,-43.0,-47.0,-35.0,-44.0
2026-05-13T22:03:09.766092,0,1,-43.0,-47.0,-35.0,-44.0
2026-05-13T22:03:10.877299,0,1,-45.0,-51.0,-45.0,-48.0
2026-05-13T22:03:11.901507,0,1,-45.0,-51.0,-45.0,-48.0
2026-05-13T22:03:12.925288,0,1,-45.0,-51.0,-45.0,-48.0
2026-05-13T22:03:14.026795,0,1,-45.0,-51.0,-45.0,-48.0
2026-05-13T22:03:14.769735,0,1,-45.0,-51.0,-45.0,-48.0
2026-05-13T22:03:15.767284,0,1,-41.0,-42.0,-38.0,-50.0
2026-05-13T22:03:16.772934,0,1,-41.0,-42.0,-38.0,-50.0
2026-05-13T22:03:17.761974,0,1,-41.0,-42.0,-38.0,-50.0
2026-05-13T22:03:18.857997,0,1,-41.0,-42.0,-38.0,-50.0
2026-05-13T22:03:19.888729,0,1,-41.0,-42.0,-38.0,-50.0
2026-05-13T22:03:20.785101,0,1,-43.0,-50.0,-37.0,-52.0
2026-05-13T22:03:21.774813,0,1,-43.0,-50.0,-37.0,-52.0
2026-05-13T22:03:22.963335,0,1,-43.0,-50.0,-37.0,-52.0
2026-05-13T22:03:23.907791,0,1,-43.0,-50.0,-37.0,-52.0
2026-05-13T22:03:24.806996,0,1,-43.0,-50.0,-37.0,-52.0
2026-05-13T22:03:25.762017,0,1,-48.0,-47.0,-40.0,-50.0
2026-05-13T22:03:26.850677,0,1,-48.0,-47.0,-40.0,-50.0
2026-05-13T22:03:27.947316,0,1,-48.0,-47.0,-40.0,-50.0
2026-05-13T22:03:28.995583,0,1,-48.0,-47.0,-40.0,-50.0
2026-05-13T22:03:29.820132,0,1,-48.0,-47.0,-40.0,-50.0
2026-05-13T22:03:30.844713,0,1,-37.0,-45.0,-41.0,-36.0
2026-05-13T22:03:31.870793,0,1,-37.0,-45.0,-41.0,-36.0
2026-05-13T22:03:32.761058,0,1,-37.0,-45.0,-41.0,-36.0
2026-05-13T22:03:33.812112,0,1,-37.0,-45.0,-41.0,-36.0
2026-05-13T22:03:34.768039,0,1,-37.0,-45.0,-41.0,-36.0
2026-05-13T22:03:35.775573,0,1,-37.0,-44.0,-38.0,-37.0
2026-05-13T22:03:36.886919,0,1,-37.0,-44.0,-38.0,-37.0
2026-05-13T22:03:37.807484,0,1,-37.0,-44.0,-38.0,-37.0
2026-05-13T22:03:38.766020,0,1,-37.0,-44.0,-38.0,-37.0
2026-05-13T22:03:39.768566,0,1,-37.0,-44.0,-38.0,-37.0
2026-05-13T22:03:41.026557,0,1,-34.0,-46.0,-42.0,-41.0
2026-05-13T22:03:42.211805,0,1,-34.0,-46.0,-42.0,-41.0
2026-05-13T22:03:42.767280,0,1,-34.0,-46.0,-42.0,-41.0
2026-05-13T22:03:43.805212,0,1,-34.0,-46.0,-42.0,-41.0
2026-05-13T22:03:44.894012,0,1,-34.0,-46.0,-42.0,-41.0
2026-05-13T22:03:45.803984,0,1,-33.0,-51.0,-44.0,-42.0
2026-05-13T22:03:46.798396,0,1,-33.0,-51.0,-44.0,-42.0
2026-05-13T22:03:47.761243,0,1,-33.0,-51.0,-44.0,-42.0
2026-05-13T22:03:48.950709,0,1,-33.0,-51.0,-44.0,-42.0
2026-05-13T22:03:49.814492,0,1,-33.0,-51.0,-44.0,-42.0
2026-05-13T22:03:50.760438,0,1,-44.0,-51.0,-41.0,-41.0
2026-05-13T22:03:51.816037,0,1,-44.0,-51.0,-41.0,-41.0
2026-05-13T22:03:52.766835,0,1,-44.0,-51.0,-41.0,-41.0
2026-05-13T22:03:53.809769,0,1,-44.0,-51.0,-41.0,-41.0
2026-05-13T22:03:54.765889,0,1,-44.0,-51.0,-41.0,-41.0
2026-05-13T22:03:55.792000,0,1,-40.0,-53.0,-36.0,-45.0
2026-05-13T22:03:56.853277,0,1,-40.0,-53.0,-36.0,-45.0
2026-05-13T22:03:57.878154,0,1,-40.0,-53.0,-36.0,-45.0
2026-05-13T22:03:58.799779,0,1,-40.0,-53.0,-36.0,-45.0
2026-05-13T22:03:59.765879,0,1,-40.0,-53.0,-36.0,-45.0
2026-05-13T22:04:00.766825,0,1,-39.0,-53.0,-45.0,-52.0
2026-05-13T22:04:01.765332,0,1,-39.0,-53.0,-45.0,-52.0
2026-05-13T22:04:02.913761,0,1,-39.0,-53.0,-45.0,-52.0
2026-05-13T22:04:03.914395,0,1,-39.0,-53.0,-45.0,-52.0
2026-05-13T22:04:04.764505,0,1,-39.0,-53.0,-45.0,-52.0
2026-05-13T22:04:05.762214,0,1,-46.0,-44.0,-40.0,-52.0
2026-05-13T22:04:06.761714,0,1,-46.0,-44.0,-40.0,-52.0
2026-05-13T22:04:07.814948,0,1,-46.0,-44.0,-40.0,-52.0
2026-05-13T22:04:08.765754,0,1,-46.0,-44.0,-40.0,-52.0
2026-05-13T22:04:09.771163,0,1,-46.0,-44.0,-40.0,-52.0
2026-05-13T22:04:10.792177,0,1,-48.0,-44.0,-47.0,-45.0
2026-05-13T22:04:11.760263,0,1,-48.0,-44.0,-47.0,-45.0
2026-05-13T22:04:12.761989,0,1,-48.0,-44.0,-47.0,-45.0
2026-05-13T22:04:13.805232,0,1,-48.0,-44.0,-47.0,-45.0
2026-05-13T22:04:14.812508,0,1,-48.0,-44.0,-47.0,-45.0
2026-05-13T22:04:15.901220,0,1,-38.0,-44.0,-40.0,-46.0
2026-05-13T22:04:16.760176,0,1,-38.0,-44.0,-40.0,-46.0
2026-05-13T22:04:17.763266,0,1,-38.0,-44.0,-40.0,-46.0
2026-05-13T22:04:18.793684,0,1,-38.0,-44.0,-40.0,-46.0
2026-05-13T22:04:19.770279,0,1,-38.0,-44.0,-40.0,-46.0
2026-05-13T22:04:20.919439,0,1,-39.0,-47.0,-41.0,-47.0
2026-05-13T22:04:22.644564,0,1,-39.0,-47.0,-41.0,-47.0
2026-05-13T22:04:22.765807,0,1,-39.0,-47.0,-41.0,-47.0
2026-05-13T22:04:23.760108,0,1,-39.0,-47.0,-41.0,-47.0
2026-05-13T22:04:24.796454,0,1,-39.0,-47.0,-41.0,-47.0
2026-05-13T22:04:25.928403,0,1,-40.0,-52.0,-41.0,-47.0
2026-05-13T22:04:40.479368,0,2,-34.0,-38.0,-38.0,-37.0
2026-05-13T22:04:41.443059,0,2,-34.0,-38.0,-38.0,-37.0
2026-05-13T22:04:42.461223,0,2,-34.0,-38.0,-38.0,-37.0
2026-05-13T22:04:43.495011,0,2,-34.0,-38.0,-38.0,-37.0
2026-05-13T22:04:44.469603,0,2,-34.0,-38.0,-38.0,-37.0
2026-05-13T22:04:46.490373,0,2,-49.0,-42.0,-37.0,-53.0
2026-05-13T22:04:46.491553,0,2,-49.0,-42.0,-37.0,-53.0
2026-05-13T22:04:47.484757,0,2,-49.0,-42.0,-37.0,-53.0
2026-05-13T22:04:48.559433,0,2,-49.0,-42.0,-37.0,-53.0
2026-05-13T22:04:49.486508,0,2,-49.0,-42.0,-37.0,-53.0
2026-05-13T22:04:50.454149,0,2,-41.0,-46.0,-42.0,-44.0
2026-05-13T22:04:51.438240,0,2,-41.0,-46.0,-42.0,-44.0
2026-05-13T22:04:52.458273,0,2,-41.0,-46.0,-42.0,-44.0
2026-05-13T22:04:53.657419,0,2,-41.0,-46.0,-42.0,-44.0
2026-05-13T22:04:54.437478,0,2,-41.0,-46.0,-42.0,-44.0
2026-05-13T22:04:55.438019,0,2,-49.0,-48.0,-46.0,-46.0
2026-05-13T22:04:56.475182,0,2,-49.0,-48.0,-46.0,-46.0
2026-05-13T22:04:57.437483,0,2,-49.0,-48.0,-46.0,-46.0
2026-05-13T22:04:58.860196,0,2,-49.0,-48.0,-46.0,-46.0
2026-05-13T22:04:59.444377,0,2,-49.0,-48.0,-46.0,-46.0
2026-05-13T22:05:00.439766,0,2,-36.0,-45.0,-37.0,-39.0
2026-05-13T22:05:01.441599,0,2,-36.0,-45.0,-37.0,-39.0
2026-05-13T22:05:02.476586,0,2,-36.0,-45.0,-37.0,-39.0
2026-05-13T22:05:03.704720,0,2,-36.0,-45.0,-37.0,-39.0
2026-05-13T22:05:04.439831,0,2,-36.0,-45.0,-37.0,-39.0
2026-05-13T22:05:05.440969,0,2,-39.0,-48.0,-42.0,-41.0
2026-05-13T22:05:06.459278,0,2,-39.0,-48.0,-42.0,-41.0
2026-05-13T22:05:07.436942,0,2,-39.0,-48.0,-42.0,-41.0
2026-05-13T22:05:08.485507,0,2,-39.0,-48.0,-42.0,-41.0
2026-05-13T22:05:09.462437,0,2,-39.0,-48.0,-42.0,-41.0
2026-05-13T22:05:10.508393,0,2,-41.0,-44.0,-39.0,-48.0
2026-05-13T22:05:11.502887,0,2,-41.0,-44.0,-39.0,-48.0
2026-05-13T22:05:12.463692,0,2,-41.0,-44.0,-39.0,-48.0
2026-05-13T22:05:13.437829,0,2,-41.0,-44.0,-39.0,-48.0
2026-05-13T22:05:14.472714,0,2,-41.0,-44.0,-39.0,-48.0
2026-05-13T22:05:15.592815,0,2,-46.0,-42.0,-36.0,-47.0
2026-05-13T22:05:16.438445,0,2,-46.0,-42.0,-36.0,-47.0
2026-05-13T22:05:17.451137,0,2,-46.0,-42.0,-36.0,-47.0
2026-05-13T22:05:18.466167,0,2,-46.0,-42.0,-36.0,-47.0
2026-05-13T22:05:19.437460,0,2,-46.0,-42.0,-36.0,-47.0
2026-05-13T22:05:20.599850,0,2,-37.0,-51.0,-41.0,-51.0
2026-05-13T22:05:21.544108,0,2,-37.0,-51.0,-41.0,-51.0
2026-05-13T22:05:22.481354,0,2,-37.0,-51.0,-41.0,-51.0
2026-05-13T22:05:23.437539,0,2,-37.0,-51.0,-41.0,-51.0
2026-05-13T22:05:24.460332,0,2,-37.0,-51.0,-41.0,-51.0
2026-05-13T22:05:25.473010,0,2,-40.0,-46.0,-32.0,-43.0
2026-05-13T22:05:26.446035,0,2,-40.0,-46.0,-32.0,-43.0
2026-05-13T22:05:27.436993,0,2,-40.0,-46.0,-32.0,-43.0
2026-05-13T22:05:29.007162,0,2,-40.0,-46.0,-32.0,-43.0
2026-05-13T22:05:29.631127,0,2,-40.0,-46.0,-32.0,-43.0
2026-05-13T22:05:30.439530,0,2,-37.0,-43.0,-34.0,-43.0
2026-05-13T22:05:31.470349,0,2,-37.0,-43.0,-34.0,-43.0
2026-05-13T22:05:32.487523,0,2,-37.0,-43.0,-34.0,-43.0
2026-05-13T22:05:33.439886,0,2,-37.0,-43.0,-34.0,-43.0
2026-05-13T22:05:34.493202,0,2,-37.0,-43.0,-34.0,-43.0
2026-05-13T22:05:35.444519,0,2,-37.0,-46.0,-34.0,-47.0
2026-05-13T22:05:36.487819,0,2,-37.0,-46.0,-34.0,-47.0
2026-05-13T22:05:37.491823,0,2,-37.0,-46.0,-34.0,-47.0
2026-05-13T22:05:38.437498,0,2,-37.0,-46.0,-34.0,-47.0
2026-05-13T22:05:39.484218,0,2,-37.0,-46.0,-34.0,-47.0
2026-05-13T22:05:40.481313,0,2,-42.0,-47.0,-45.0,-39.0
2026-05-13T22:05:41.509282,0,2,-42.0,-47.0,-45.0,-39.0
2026-05-13T22:05:42.643629,0,2,-42.0,-47.0,-45.0,-39.0
2026-05-13T22:05:43.855367,0,2,-42.0,-47.0,-45.0,-39.0
2026-05-13T22:05:46.013956,0,2,-42.0,-47.0,-45.0,-39.0
2026-05-13T22:05:46.018994,0,2,-39.0,-42.0,-38.0,-40.0
2026-05-13T22:05:46.438039,0,2,-39.0,-42.0,-38.0,-40.0
2026-05-13T22:05:47.663413,0,2,-39.0,-42.0,-38.0,-40.0
2026-05-13T22:05:48.492174,0,2,-39.0,-42.0,-38.0,-40.0
2026-05-13T22:05:49.439406,0,2,-39.0,-42.0,-38.0,-40.0
2026-05-13T22:05:50.438218,0,2,-52.0,-45.0,-42.0,-41.0
2026-05-13T22:05:51.441471,0,2,-52.0,-45.0,-42.0,-41.0
2026-05-13T22:05:52.441027,0,2,-52.0,-45.0,-42.0,-41.0
2026-05-13T22:05:53.485451,0,2,-52.0,-45.0,-42.0,-41.0
2026-05-13T22:05:54.556723,0,2,-52.0,-45.0,-42.0,-41.0
2026-05-13T22:05:55.636249,0,2,-43.0,-43.0,-41.0,-41.0
2026-05-13T22:05:56.441505,0,2,-43.0,-43.0,-41.0,-41.0
2026-05-13T22:05:57.438853,0,2,-43.0,-43.0,-41.0,-41.0
2026-05-13T22:05:58.460557,0,2,-43.0,-43.0,-41.0,-41.0
2026-05-13T22:05:59.437247,0,2,-43.0,-43.0,-41.0,-41.0
2026-05-13T22:06:00.442858,0,2,-48.0,-44.0,-41.0,-39.0
2026-05-13T22:06:01.437683,0,2,-48.0,-44.0,-41.0,-39.0
2026-05-13T22:06:02.627128,0,2,-48.0,-44.0,-41.0,-39.0
2026-05-13T22:06:03.479062,0,2,-48.0,-44.0,-41.0,-39.0
2026-05-13T22:06:04.452619,0,2,-48.0,-44.0,-41.0,-39.0
2026-05-13T22:06:05.439008,0,2,-39.0,-44.0,-49.0,-40.0
2026-05-13T22:06:06.438432,0,2,-39.0,-44.0,-49.0,-40.0
2026-05-13T22:06:07.436557,0,2,-39.0,-44.0,-49.0,-40.0
2026-05-13T22:06:08.538757,0,2,-39.0,-44.0,-49.0,-40.0
2026-05-13T22:06:09.563982,0,2,-39.0,-44.0,-49.0,-40.0
2026-05-13T22:06:10.467514,0,2,-43.0,-46.0,-40.0,-48.0
2026-05-13T22:06:11.474145,0,2,-43.0,-46.0,-40.0,-48.0
2026-05-13T22:06:12.489182,0,2,-43.0,-46.0,-40.0,-48.0
2026-05-13T22:06:13.436887,0,2,-43.0,-46.0,-40.0,-48.0
2026-05-13T22:06:14.477205,0,2,-43.0,-46.0,-40.0,-48.0
2026-05-13T22:06:15.443897,0,2,-43.0,-46.0,-36.0,-45.0
2026-05-13T22:06:16.468746,0,2,-43.0,-46.0,-36.0,-45.0
2026-05-13T22:06:17.498768,0,2,-43.0,-46.0,-36.0,-45.0
2026-05-13T22:06:18.471252,0,2,-43.0,-46.0,-36.0,-45.0
2026-05-13T22:06:19.702152,0,2,-43.0,-46.0,-36.0,-45.0
2026-05-13T22:06:20.436904,0,2,-39.0,-45.0,-40.0,-45.0
2026-05-13T22:06:21.441922,0,2,-39.0,-45.0,-40.0,-45.0
2026-05-13T22:06:22.488459,0,2,-39.0,-45.0,-40.0,-45.0
2026-05-13T22:06:23.540224,0,2,-39.0,-45.0,-40.0,-45.0
2026-05-13T22:06:24.615939,0,2,-39.0,-45.0,-40.0,-45.0
2026-05-13T22:06:25.736221,0,2,-38.0,-45.0,-37.0,-41.0
2026-05-13T22:06:26.560320,0,2,-38.0,-45.0,-37.0,-41.0
2026-05-13T22:06:27.790700,0,2,-38.0,-45.0,-37.0,-41.0
2026-05-13T22:06:28.439499,0,2,-38.0,-45.0,-37.0,-41.0
2026-05-13T22:06:29.436436,0,2,-38.0,-45.0,-37.0,-41.0
2026-05-13T22:06:30.554380,0,2,-38.0,-43.0,-36.0,-50.0
2026-05-13T22:06:31.578326,0,2,-38.0,-43.0,-36.0,-50.0
2026-05-13T22:06:32.499921,0,2,-38.0,-43.0,-36.0,-50.0
2026-05-13T22:06:33.523808,0,2,-38.0,-43.0,-36.0,-50.0
2026-05-13T22:06:34.651879,0,2,-38.0,-43.0,-36.0,-50.0
2026-05-13T22:06:35.469605,0,2,-38.0,-41.0,-35.0,-51.0
2026-05-13T22:06:36.520817,0,2,-38.0,-41.0,-35.0,-51.0
2026-05-13T22:06:37.579488,0,2,-38.0,-41.0,-35.0,-51.0
2026-05-13T22:06:38.442055,0,2,-38.0,-41.0,-35.0,-51.0
2026-05-13T22:06:39.444248,0,2,-38.0,-41.0,-35.0,-51.0
2026-05-13T22:06:48.495631,1,2,-36.0,-47.0,-38.0,-46.0
2026-05-13T22:06:49.191093,1,2,-36.0,-47.0,-38.0,-46.0
2026-05-13T22:06:50.175687,1,2,-40.0,-44.0,-47.0,-47.0
2026-05-13T22:06:51.125346,1,2,-40.0,-44.0,-47.0,-47.0
2026-05-13T22:06:52.156291,1,2,-40.0,-44.0,-47.0,-47.0
2026-05-13T22:06:53.205707,1,2,-40.0,-44.0,-47.0,-47.0
2026-05-13T22:06:54.258819,1,2,-40.0,-44.0,-47.0,-47.0
2026-05-13T22:06:55.263356,1,2,-39.0,-44.0,-42.0,-42.0
2026-05-13T22:06:56.156202,1,2,-39.0,-44.0,-42.0,-42.0
2026-05-13T22:06:57.160684,1,2,-39.0,-44.0,-42.0,-42.0
2026-05-13T22:06:58.401740,1,2,-39.0,-44.0,-42.0,-42.0
2026-05-13T22:06:59.211385,1,2,-39.0,-44.0,-42.0,-42.0
2026-05-13T22:07:00.147425,1,2,-42.0,-43.0,-46.0,-39.0
2026-05-13T22:07:01.171486,1,2,-42.0,-43.0,-46.0,-39.0
2026-05-13T22:07:02.196227,1,2,-42.0,-43.0,-46.0,-39.0
2026-05-13T22:07:03.219432,1,2,-42.0,-43.0,-46.0,-39.0
2026-05-13T22:07:04.158472,1,2,-42.0,-43.0,-46.0,-39.0
2026-05-13T22:07:05.326492,1,2,-34.0,-44.0,-45.0,-41.0
2026-05-13T22:07:06.168260,1,2,-34.0,-44.0,-45.0,-41.0
2026-05-13T22:07:07.156838,1,2,-34.0,-44.0,-45.0,-41.0
2026-05-13T22:07:08.538969,1,2,-34.0,-44.0,-45.0,-41.0
2026-05-13T22:07:09.161813,1,2,-34.0,-44.0,-45.0,-41.0
2026-05-13T22:07:10.166545,1,2,-37.0,-47.0,-46.0,-45.0
2026-05-13T22:07:11.134742,1,2,-37.0,-47.0,-46.0,-45.0
2026-05-13T22:07:12.230995,1,2,-37.0,-47.0,-46.0,-45.0
2026-05-13T22:07:13.156797,1,2,-37.0,-47.0,-46.0,-45.0
2026-05-13T22:07:14.173350,1,2,-37.0,-47.0,-46.0,-45.0
2026-05-13T22:07:15.164076,1,2,-39.0,-47.0,-49.0,-41.0
2026-05-13T22:07:16.224787,1,2,-39.0,-47.0,-49.0,-41.0
2026-05-13T22:07:17.266525,1,2,-39.0,-47.0,-49.0,-41.0
2026-05-13T22:07:19.788205,1,2,-39.0,-47.0,-49.0,-41.0
2026-05-13T22:07:19.791595,1,2,-39.0,-47.0,-49.0,-41.0
2026-05-13T22:07:20.217614,1,2,-46.0,-49.0,-54.0,-47.0
2026-05-13T22:07:21.159977,1,2,-46.0,-49.0,-54.0,-47.0
2026-05-13T22:07:22.163525,1,2,-46.0,-49.0,-54.0,-47.0
2026-05-13T22:07:23.187379,1,2,-46.0,-49.0,-54.0,-47.0
2026-05-13T22:07:24.411256,1,2,-46.0,-49.0,-54.0,-47.0
2026-05-13T22:07:25.234887,1,2,-42.0,-49.0,-49.0,-44.0
2026-05-13T22:07:26.162392,1,2,-42.0,-49.0,-49.0,-44.0
2026-05-13T22:07:27.160321,1,2,-42.0,-49.0,-49.0,-44.0
2026-05-13T22:07:28.409503,1,2,-42.0,-49.0,-49.0,-44.0
2026-05-13T22:07:29.539565,1,2,-42.0,-49.0,-49.0,-44.0
2026-05-13T22:07:30.144743,1,2,-38.0,-46.0,-50.0,-41.0
2026-05-13T22:07:31.157027,1,2,-38.0,-46.0,-50.0,-41.0
2026-05-13T22:07:32.198485,1,2,-38.0,-46.0,-50.0,-41.0
2026-05-13T22:07:33.125040,1,2,-38.0,-46.0,-50.0,-41.0
2026-05-13T22:07:34.343637,1,2,-38.0,-46.0,-50.0,-41.0
2026-05-13T22:07:35.270326,1,2,-36.0,-44.0,-47.0,-41.0
2026-05-13T22:07:36.120943,1,2,-36.0,-44.0,-47.0,-41.0
2026-05-13T22:07:37.145274,1,2,-36.0,-44.0,-47.0,-41.0
2026-05-13T22:07:38.196939,1,2,-36.0,-44.0,-47.0,-41.0
2026-05-13T22:07:39.161117,1,2,-36.0,-44.0,-47.0,-41.0
2026-05-13T22:07:40.157476,1,2,-37.0,-42.0,-44.0,-42.0
2026-05-13T22:07:41.144040,1,2,-37.0,-42.0,-44.0,-42.0
2026-05-13T22:07:42.124948,1,2,-37.0,-42.0,-44.0,-42.0
2026-05-13T22:07:43.164486,1,2,-37.0,-42.0,-44.0,-42.0
2026-05-13T22:07:44.133373,1,2,-37.0,-42.0,-44.0,-42.0
2026-05-13T22:07:45.184580,1,2,-38.0,-42.0,-46.0,-41.0
2026-05-13T22:07:46.166323,1,2,-38.0,-42.0,-46.0,-41.0
2026-05-13T22:07:47.163333,1,2,-38.0,-42.0,-46.0,-41.0
2026-05-13T22:07:48.270141,1,2,-38.0,-42.0,-46.0,-41.0
2026-05-13T22:07:49.196277,1,2,-38.0,-42.0,-46.0,-41.0
2026-05-13T22:07:50.162123,1,2,-38.0,-42.0,-41.0,-42.0
2026-05-13T22:07:51.145845,1,2,-38.0,-42.0,-41.0,-42.0
2026-05-13T22:07:52.148525,1,2,-38.0,-42.0,-41.0,-42.0
2026-05-13T22:07:53.183929,1,2,-38.0,-42.0,-41.0,-42.0
2026-05-13T22:07:54.618381,1,2,-38.0,-42.0,-41.0,-42.0
2026-05-13T22:07:55.141151,1,2,-46.0,-43.0,-45.0,-40.0
2026-05-13T22:07:56.145103,1,2,-46.0,-43.0,-45.0,-40.0
2026-05-13T22:07:57.143204,1,2,-46.0,-43.0,-45.0,-40.0
2026-05-13T22:07:58.310278,1,2,-46.0,-43.0,-45.0,-40.0
2026-05-13T22:07:59.206455,1,2,-46.0,-43.0,-45.0,-40.0
2026-05-13T22:08:00.146953,1,2,-46.0,-44.0,-50.0,-47.0
2026-05-13T22:08:01.138318,1,2,-46.0,-44.0,-50.0,-47.0
2026-05-13T22:08:02.161026,1,2,-46.0,-44.0,-50.0,-47.0
2026-05-13T22:08:03.150222,1,2,-46.0,-44.0,-50.0,-47.0
2026-05-13T22:08:04.156309,1,2,-46.0,-44.0,-50.0,-47.0
2026-05-13T22:08:05.146905,1,2,-46.0,-43.0,-49.0,-46.0
2026-05-13T22:08:06.297362,1,2,-46.0,-43.0,-49.0,-46.0
2026-05-13T22:08:07.249477,1,2,-46.0,-43.0,-49.0,-46.0
2026-05-13T22:08:08.162302,1,2,-46.0,-43.0,-49.0,-46.0
2026-05-13T22:08:09.123305,1,2,-46.0,-43.0,-49.0,-46.0
2026-05-13T22:08:10.290802,1,2,-37.0,-43.0,-44.0,-42.0
2026-05-13T22:08:11.314302,1,2,-37.0,-43.0,-44.0,-42.0
2026-05-13T22:08:12.338301,1,2,-37.0,-43.0,-44.0,-42.0
2026-05-13T22:08:13.562374,1,2,-37.0,-43.0,-44.0,-42.0
2026-05-13T22:08:14.149061,1,2,-37.0,-43.0,-44.0,-42.0
2026-05-13T22:08:15.156093,1,2,-35.0,-44.0,-45.0,-42.0
2026-05-13T22:08:16.156196,1,2,-35.0,-44.0,-45.0,-42.0
2026-05-13T22:08:17.145216,1,2,-35.0,-44.0,-45.0,-42.0
2026-05-13T22:08:18.375174,1,2,-35.0,-44.0,-45.0,-42.0
2026-05-13T22:08:19.296637,1,2,-35.0,-44.0,-45.0,-42.0
2026-05-13T22:08:20.163941,1,2,-37.0,-54.0,-39.0,-46.0
2026-05-13T22:08:21.159400,1,2,-37.0,-54.0,-39.0,-46.0
2026-05-13T22:08:22.156762,1,2,-37.0,-54.0,-39.0,-46.0
2026-05-13T22:08:23.196499,1,2,-37.0,-54.0,-39.0,-46.0
2026-05-13T22:08:24.315127,1,2,-37.0,-54.0,-39.0,-46.0
2026-05-13T22:08:25.440669,1,2,-32.0,-54.0,-44.0,-43.0
2026-05-13T22:08:26.158495,1,2,-32.0,-54.0,-44.0,-43.0
2026-05-13T22:08:27.122945,1,2,-32.0,-54.0,-44.0,-43.0
2026-05-13T22:08:28.517729,1,2,-32.0,-54.0,-44.0,-43.0
2026-05-13T22:08:29.446338,1,2,-32.0,-54.0,-44.0,-43.0
2026-05-13T22:08:30.156764,1,2,-33.0,-44.0,-41.0,-44.0
2026-05-13T22:08:31.124106,1,2,-33.0,-44.0,-41.0,-44.0
2026-05-13T22:08:32.145031,1,2,-33.0,-44.0,-41.0,-44.0
2026-05-13T22:08:33.179881,1,2,-33.0,-44.0,-41.0,-44.0
2026-05-13T22:08:34.554249,1,2,-33.0,-44.0,-41.0,-44.0
2026-05-13T22:08:35.173840,1,2,-37.0,-45.0,-39.0,-45.0
2026-05-13T22:08:36.149537,1,2,-37.0,-45.0,-39.0,-45.0
2026-05-13T22:08:37.155646,1,2,-37.0,-45.0,-39.0,-45.0
2026-05-13T22:08:38.348629,1,2,-37.0,-45.0,-39.0,-45.0
2026-05-13T22:08:39.168182,1,2,-37.0,-45.0,-39.0,-45.0
2026-05-13T22:08:40.191617,1,2,-35.0,-48.0,-38.0,-45.0
2026-05-13T22:08:41.415584,1,2,-35.0,-48.0,-38.0,-45.0
2026-05-13T22:08:44.197420,1,2,-35.0,-48.0,-38.0,-45.0
2026-05-13T22:08:44.199136,1,2,-35.0,-48.0,-38.0,-45.0
2026-05-13T22:08:44.203810,1,2,-35.0,-48.0,-38.0,-45.0
2026-05-13T22:08:45.316111,1,2,-36.0,-44.0,-39.0,-42.0
2026-05-13T22:08:46.125216,1,2,-36.0,-44.0,-39.0,-42.0
2026-05-13T22:08:47.127225,1,2,-36.0,-44.0,-39.0,-42.0
2026-05-13T22:08:53.131653,2,2,-45.0,-45.0,-45.0,-42.0
2026-05-13T22:08:54.204866,2,2,-45.0,-45.0,-45.0,-42.0
2026-05-13T22:08:55.146547,2,2,-37.0,-45.0,-50.0,-45.0
2026-05-13T22:08:56.153566,2,2,-37.0,-45.0,-50.0,-45.0
2026-05-13T22:08:57.123271,2,2,-37.0,-45.0,-50.0,-45.0
2026-05-13T22:08:58.179481,2,2,-37.0,-45.0,-50.0,-45.0
2026-05-13T22:08:59.162506,2,2,-37.0,-45.0,-50.0,-45.0
2026-05-13T22:09:00.461294,2,2,-37.0,-40.0,-47.0,-42.0
2026-05-13T22:09:01.285687,2,2,-37.0,-40.0,-47.0,-42.0
2026-05-13T22:09:02.207251,2,2,-37.0,-40.0,-47.0,-42.0
2026-05-13T22:09:03.329865,2,2,-37.0,-40.0,-47.0,-42.0
2026-05-13T22:09:04.164809,2,2,-37.0,-40.0,-47.0,-42.0
2026-05-13T22:09:05.209907,2,2,-44.0,-44.0,-42.0,-37.0
2026-05-13T22:09:06.302377,2,2,-44.0,-44.0,-42.0,-37.0
2026-05-13T22:09:07.179828,2,2,-44.0,-44.0,-42.0,-37.0
2026-05-13T22:09:08.365199,2,2,-44.0,-44.0,-42.0,-37.0
2026-05-13T22:09:09.124382,2,2,-44.0,-44.0,-42.0,-37.0
2026-05-13T22:09:10.297033,2,2,-42.0,-42.0,-44.0,-45.0
2026-05-13T22:09:11.320938,2,2,-42.0,-42.0,-44.0,-45.0
2026-05-13T22:09:12.313443,2,2,-42.0,-42.0,-44.0,-45.0
2026-05-13T22:09:13.686835,2,2,-42.0,-42.0,-44.0,-45.0
2026-05-13T22:09:14.537116,2,2,-42.0,-42.0,-44.0,-45.0
2026-05-13T22:09:15.149182,2,2,-39.0,-39.0,-46.0,-45.0
2026-05-13T22:09:16.333025,2,2,-39.0,-39.0,-46.0,-45.0
2026-05-13T22:09:17.161959,2,2,-39.0,-39.0,-46.0,-45.0
2026-05-13T22:09:18.211529,2,2,-39.0,-39.0,-46.0,-45.0
2026-05-13T22:09:19.138460,2,2,-39.0,-39.0,-46.0,-45.0
2026-05-13T22:09:20.223039,2,2,-41.0,-42.0,-46.0,-40.0
2026-05-13T22:09:21.163869,2,2,-41.0,-42.0,-46.0,-40.0
2026-05-13T22:09:22.592802,2,2,-41.0,-42.0,-46.0,-40.0
2026-05-13T22:09:23.198338,2,2,-41.0,-42.0,-46.0,-40.0
2026-05-13T22:09:24.327395,2,2,-41.0,-42.0,-46.0,-40.0
2026-05-13T22:09:25.349475,2,2,-37.0,-42.0,-39.0,-42.0
2026-05-13T22:09:26.162311,2,2,-37.0,-42.0,-39.0,-42.0
2026-05-13T22:09:27.122665,2,2,-37.0,-42.0,-39.0,-42.0
2026-05-13T22:09:28.147790,2,2,-37.0,-42.0,-39.0,-42.0
2026-05-13T22:09:29.170147,2,2,-37.0,-42.0,-39.0,-42.0
2026-05-13T22:09:30.168505,2,2,-44.0,-40.0,-42.0,-40.0
2026-05-13T22:09:31.155012,2,2,-44.0,-40.0,-42.0,-40.0
2026-05-13T22:09:32.171589,2,2,-44.0,-40.0,-42.0,-40.0
2026-05-13T22:09:33.125264,2,2,-44.0,-40.0,-42.0,-40.0
2026-05-13T22:09:34.159112,2,2,-44.0,-40.0,-42.0,-40.0
2026-05-13T22:09:35.167400,2,2,-44.0,-37.0,-41.0,-40.0
2026-05-13T22:09:36.144710,2,2,-44.0,-37.0,-41.0,-40.0
2026-05-13T22:09:37.166775,2,2,-44.0,-37.0,-41.0,-40.0
2026-05-13T22:09:38.143014,2,2,-44.0,-37.0,-41.0,-40.0
2026-05-13T22:09:39.159155,2,2,-44.0,-37.0,-41.0,-40.0
2026-05-13T22:09:40.159811,2,2,-51.0,-39.0,-43.0,-41.0
2026-05-13T22:09:41.161588,2,2,-51.0,-39.0,-43.0,-41.0
2026-05-13T22:09:42.151144,2,2,-51.0,-39.0,-43.0,-41.0
2026-05-13T22:09:43.125560,2,2,-51.0,-39.0,-43.0,-41.0
2026-05-13T22:09:44.179654,2,2,-51.0,-39.0,-43.0,-41.0
2026-05-13T22:09:45.174261,2,2,-50.0,-36.0,-45.0,-38.0
2026-05-13T22:09:46.164480,2,2,-50.0,-36.0,-45.0,-38.0
2026-05-13T22:09:47.154075,2,2,-50.0,-36.0,-45.0,-38.0
2026-05-13T22:09:48.189747,2,2,-50.0,-36.0,-45.0,-38.0
2026-05-13T22:09:49.155045,2,2,-50.0,-36.0,-45.0,-38.0
2026-05-13T22:09:50.171786,2,2,-49.0,-41.0,-42.0,-50.0
2026-05-13T22:09:51.140980,2,2,-49.0,-41.0,-42.0,-50.0
2026-05-13T22:09:52.124229,2,2,-49.0,-41.0,-42.0,-50.0
2026-05-13T22:09:53.153796,2,2,-49.0,-41.0,-42.0,-50.0
2026-05-13T22:09:54.174283,2,2,-49.0,-41.0,-42.0,-50.0
2026-05-13T22:09:55.156638,2,2,-42.0,-42.0,-45.0,-36.0
2026-05-13T22:09:56.165137,2,2,-42.0,-42.0,-45.0,-36.0
2026-05-13T22:09:57.151499,2,2,-42.0,-42.0,-45.0,-36.0
2026-05-13T22:09:58.155534,2,2,-42.0,-42.0,-45.0,-36.0
2026-05-13T22:09:59.204739,2,2,-42.0,-42.0,-45.0,-36.0
2026-05-13T22:10:00.158618,2,2,-42.0,-44.0,-49.0,-34.0
2026-05-13T22:10:01.161928,2,2,-42.0,-44.0,-49.0,-34.0
2026-05-13T22:10:02.162545,2,2,-42.0,-44.0,-49.0,-34.0
2026-05-13T22:10:03.185667,2,2,-42.0,-44.0,-49.0,-34.0
2026-05-13T22:10:04.123868,2,2,-42.0,-44.0,-49.0,-34.0
2026-05-13T22:10:05.161675,2,2,-34.0,-40.0,-49.0,-43.0
2026-05-13T22:10:06.166504,2,2,-34.0,-40.0,-49.0,-43.0
2026-05-13T22:10:07.135446,2,2,-34.0,-40.0,-49.0,-43.0
2026-05-13T22:10:08.237915,2,2,-34.0,-40.0,-49.0,-43.0
2026-05-13T22:10:09.292605,2,2,-34.0,-40.0,-49.0,-43.0
2026-05-13T22:10:10.165462,2,2,-33.0,-42.0,-47.0,-46.0
2026-05-13T22:10:11.171106,2,2,-33.0,-42.0,-47.0,-46.0
2026-05-13T22:10:12.173703,2,2,-33.0,-42.0,-47.0,-46.0
2026-05-13T22:10:13.163263,2,2,-33.0,-42.0,-47.0,-46.0
2026-05-13T22:10:14.306583,2,2,-33.0,-42.0,-47.0,-46.0
2026-05-13T22:10:15.216998,2,2,-34.0,-43.0,-44.0,-45.0
2026-05-13T22:10:16.156485,2,2,-34.0,-43.0,-44.0,-45.0
2026-05-13T22:10:17.157039,2,2,-34.0,-43.0,-44.0,-45.0
2026-05-13T22:10:18.189073,2,2,-34.0,-43.0,-44.0,-45.0
2026-05-13T22:10:19.145508,2,2,-34.0,-43.0,-44.0,-45.0
2026-05-13T22:10:20.161328,2,2,-36.0,-42.0,-46.0,-46.0
2026-05-13T22:10:21.157564,2,2,-36.0,-42.0,-46.0,-46.0
2026-05-13T22:10:22.180289,2,2,-36.0,-42.0,-46.0,-46.0
2026-05-13T22:10:23.193156,2,2,-36.0,-42.0,-46.0,-46.0
2026-05-13T22:10:24.151675,2,2,-36.0,-42.0,-46.0,-46.0
2026-05-13T22:10:25.171485,2,2,-36.0,-44.0,-43.0,-45.0
2026-05-13T22:10:26.142782,2,2,-36.0,-44.0,-43.0,-45.0
2026-05-13T22:10:27.122857,2,2,-36.0,-44.0,-43.0,-45.0
2026-05-13T22:10:28.163563,2,2,-36.0,-44.0,-43.0,-45.0
2026-05-13T22:10:29.123394,2,2,-36.0,-44.0,-43.0,-45.0
2026-05-13T22:10:30.162310,2,2,-35.0,-42.0,-46.0,-50.0
2026-05-13T22:10:31.159587,2,2,-35.0,-42.0,-46.0,-50.0
2026-05-13T22:10:32.143683,2,2,-35.0,-42.0,-46.0,-50.0
2026-05-13T22:10:33.134967,2,2,-35.0,-42.0,-46.0,-50.0
2026-05-13T22:10:34.185570,2,2,-35.0,-42.0,-46.0,-50.0
2026-05-13T22:10:35.286675,2,2,-35.0,-42.0,-43.0,-48.0
2026-05-13T22:10:36.129793,2,2,-35.0,-42.0,-43.0,-48.0
2026-05-13T22:10:37.157362,2,2,-35.0,-42.0,-43.0,-48.0
2026-05-13T22:10:38.364321,2,2,-35.0,-42.0,-43.0,-48.0
2026-05-13T22:10:39.280886,2,2,-35.0,-42.0,-43.0,-48.0
2026-05-13T22:10:40.212402,2,2,-39.0,-44.0,-47.0,-45.0
2026-05-13T22:10:41.161156,2,2,-39.0,-44.0,-47.0,-45.0
2026-05-13T22:10:42.121790,2,2,-39.0,-44.0,-47.0,-45.0
2026-05-13T22:10:43.169554,2,2,-39.0,-44.0,-47.0,-45.0
2026-05-13T22:10:44.133269,2,2,-39.0,-44.0,-47.0,-45.0
2026-05-13T22:10:45.161344,2,2,-33.0,-43.0,-46.0,-43.0
2026-05-13T22:10:46.138330,2,2,-33.0,-43.0,-46.0,-43.0
2026-05-13T22:10:47.159865,2,2,-33.0,-43.0,-46.0,-43.0
2026-05-13T22:10:48.594393,2,2,-33.0,-43.0,-46.0,-43.0
2026-05-13T22:10:49.200232,2,2,-33.0,-43.0,-46.0,-43.0
2026-05-13T22:10:50.161537,2,2,-30.0,-39.0,-44.0,-44.0
2026-05-13T22:10:51.122308,2,2,-30.0,-39.0,-44.0,-44.0
2026-05-13T22:10:52.146025,2,2,-30.0,-39.0,-44.0,-44.0
2026-05-13T22:10:58.327358,3,2,-27.0,-38.0,-47.0,-43.0
2026-05-13T22:10:59.346766,3,2,-27.0,-38.0,-47.0,-43.0
2026-05-13T22:11:00.322918,3,2,-43.0,-41.0,-49.0,-39.0
2026-05-13T22:11:01.352696,3,2,-43.0,-41.0,-49.0,-39.0
2026-05-13T22:11:02.329875,3,2,-43.0,-41.0,-49.0,-39.0
2026-05-13T22:11:03.329956,3,2,-43.0,-41.0,-49.0,-39.0
2026-05-13T22:11:04.368457,3,2,-43.0,-41.0,-49.0,-39.0
2026-05-13T22:11:05.339314,3,2,-38.0,-41.0,-45.0,-39.0
2026-05-13T22:11:06.325225,3,2,-38.0,-41.0,-45.0,-39.0
2026-05-13T22:11:07.441089,3,2,-38.0,-41.0,-45.0,-39.0
2026-05-13T22:11:08.323849,3,2,-38.0,-41.0,-45.0,-39.0
2026-05-13T22:11:09.348527,3,2,-38.0,-41.0,-45.0,-39.0
2026-05-13T22:11:10.350257,3,2,-38.0,-45.0,-48.0,-35.0
2026-05-13T22:11:11.331440,3,2,-38.0,-45.0,-48.0,-35.0
2026-05-13T22:11:12.373431,3,2,-38.0,-45.0,-48.0,-35.0
2026-05-13T22:11:13.587410,3,2,-38.0,-45.0,-48.0,-35.0
2026-05-13T22:11:14.330916,3,2,-38.0,-45.0,-48.0,-35.0
2026-05-13T22:11:15.325412,3,2,-38.0,-45.0,-57.0,-40.0
2026-05-13T22:11:16.549309,3,2,-38.0,-45.0,-57.0,-40.0
2026-05-13T22:11:17.543330,3,2,-38.0,-45.0,-57.0,-40.0
2026-05-13T22:11:18.969577,3,2,-38.0,-45.0,-57.0,-40.0
2026-05-13T22:11:19.377142,3,2,-38.0,-45.0,-57.0,-40.0
2026-05-13T22:11:20.327036,3,2,-39.0,-42.0,-47.0,-40.0
2026-05-13T22:11:21.369614,3,2,-39.0,-42.0,-47.0,-40.0
2026-05-13T22:11:22.324019,3,2,-39.0,-42.0,-47.0,-40.0
2026-05-13T22:11:23.374348,3,2,-39.0,-42.0,-47.0,-40.0
2026-05-13T22:11:24.325563,3,2,-39.0,-42.0,-47.0,-40.0
2026-05-13T22:11:25.410041,3,2,-39.0,-44.0,-47.0,-37.0
2026-05-13T22:11:26.323778,3,2,-39.0,-44.0,-47.0,-37.0
2026-05-13T22:11:27.329863,3,2,-39.0,-44.0,-47.0,-37.0
2026-05-13T22:11:28.336897,3,2,-39.0,-44.0,-47.0,-37.0
2026-05-13T22:11:29.323528,3,2,-39.0,-44.0,-47.0,-37.0
2026-05-13T22:11:30.578080,3,2,-37.0,-44.0,-44.0,-38.0
2026-05-13T22:11:31.401193,3,2,-37.0,-44.0,-44.0,-38.0
2026-05-13T22:11:32.425834,3,2,-37.0,-44.0,-44.0,-38.0
2026-05-13T22:11:33.370636,3,2,-37.0,-44.0,-44.0,-38.0
2026-05-13T22:11:34.482542,3,2,-37.0,-44.0,-44.0,-38.0
2026-05-13T22:11:35.520376,3,2,-37.0,-40.0,-59.0,-38.0
2026-05-13T22:11:36.369560,3,2,-37.0,-40.0,-59.0,-38.0
2026-05-13T22:11:37.336553,3,2,-37.0,-40.0,-59.0,-38.0
2026-05-13T22:11:38.377223,3,2,-37.0,-40.0,-59.0,-38.0
2026-05-13T22:11:39.323867,3,2,-37.0,-40.0,-59.0,-38.0
2026-05-13T22:11:40.545387,3,2,-47.0,-40.0,-46.0,-36.0
2026-05-13T22:11:41.373650,3,2,-47.0,-40.0,-46.0,-36.0
2026-05-13T22:11:44.155259,3,2,-47.0,-40.0,-46.0,-36.0
2026-05-13T22:11:44.491418,3,2,-47.0,-40.0,-46.0,-36.0
2026-05-13T22:11:44.497139,3,2,-47.0,-40.0,-46.0,-36.0
2026-05-13T22:11:45.443014,3,2,-42.0,-43.0,-55.0,-37.0
2026-05-13T22:11:46.326403,3,2,-42.0,-43.0,-55.0,-37.0
2026-05-13T22:11:47.330734,3,2,-42.0,-43.0,-55.0,-37.0
2026-05-13T22:11:48.362100,3,2,-42.0,-43.0,-55.0,-37.0
2026-05-13T22:11:49.324430,3,2,-42.0,-43.0,-55.0,-37.0
2026-05-13T22:11:50.325382,3,2,-38.0,-47.0,-44.0,-38.0
2026-05-13T22:11:51.358300,3,2,-38.0,-47.0,-44.0,-38.0
2026-05-13T22:11:52.323521,3,2,-38.0,-47.0,-44.0,-38.0
2026-05-13T22:11:53.370857,3,2,-38.0,-47.0,-44.0,-38.0
2026-05-13T22:11:54.348411,3,2,-38.0,-47.0,-44.0,-38.0
2026-05-13T22:11:55.352171,3,2,-39.0,-43.0,-50.0,-40.0
2026-05-13T22:11:56.388233,3,2,-39.0,-43.0,-50.0,-40.0
2026-05-13T22:11:57.375621,3,2,-39.0,-43.0,-50.0,-40.0
2026-05-13T22:11:58.328232,3,2,-39.0,-43.0,-50.0,-40.0
2026-05-13T22:11:59.360174,3,2,-39.0,-43.0,-50.0,-40.0
2026-05-13T22:12:00.323465,3,2,-37.0,-41.0,-49.0,-36.0
2026-05-13T22:12:01.328455,3,2,-37.0,-41.0,-49.0,-36.0
2026-05-13T22:12:02.428716,3,2,-37.0,-41.0,-49.0,-36.0
2026-05-13T22:12:03.369640,3,2,-37.0,-41.0,-49.0,-36.0
2026-05-13T22:12:04.376383,3,2,-37.0,-41.0,-49.0,-36.0
2026-05-13T22:12:05.324061,3,2,-40.0,-43.0,-48.0,-40.0
2026-05-13T22:12:06.371573,3,2,-40.0,-43.0,-48.0,-40.0
2026-05-13T22:12:07.397721,3,2,-40.0,-43.0,-48.0,-40.0
2026-05-13T22:12:08.377743,3,2,-40.0,-43.0,-48.0,-40.0
2026-05-13T22:12:09.323542,3,2,-40.0,-43.0,-48.0,-40.0
2026-05-13T22:12:10.522418,3,2,-40.0,-43.0,-47.0,-38.0
2026-05-13T22:12:11.340655,3,2,-40.0,-43.0,-47.0,-38.0
2026-05-13T22:12:12.322673,3,2,-40.0,-43.0,-47.0,-38.0
2026-05-13T22:12:13.325485,3,2,-40.0,-43.0,-47.0,-38.0
2026-05-13T22:12:14.500827,3,2,-40.0,-43.0,-47.0,-38.0
2026-05-13T22:12:15.843873,3,2,-40.0,-45.0,-45.0,-39.0
2026-05-13T22:12:16.354486,3,2,-40.0,-45.0,-45.0,-39.0
2026-05-13T22:12:17.437763,3,2,-40.0,-45.0,-45.0,-39.0
2026-05-13T22:12:18.373677,3,2,-40.0,-45.0,-45.0,-39.0
2026-05-13T22:12:19.345254,3,2,-40.0,-45.0,-45.0,-39.0
2026-05-13T22:12:20.329596,3,2,-39.0,-50.0,-45.0,-40.0
2026-05-13T22:12:21.355986,3,2,-39.0,-50.0,-45.0,-40.0
2026-05-13T22:12:22.330372,3,2,-39.0,-50.0,-45.0,-40.0
2026-05-13T22:12:23.326844,3,2,-39.0,-50.0,-45.0,-40.0
2026-05-13T22:12:24.451447,3,2,-39.0,-50.0,-45.0,-40.0
2026-05-13T22:12:25.329943,3,2,-36.0,-48.0,-50.0,-36.0
2026-05-13T22:12:26.328437,3,2,-36.0,-48.0,-50.0,-36.0
2026-05-13T22:12:27.370091,3,2,-36.0,-48.0,-50.0,-36.0
2026-05-13T22:12:28.331072,3,2,-36.0,-48.0,-50.0,-36.0
2026-05-13T22:12:29.364188,3,2,-36.0,-48.0,-50.0,-36.0
2026-05-13T22:12:30.327193,3,2,-40.0,-47.0,-50.0,-44.0
2026-05-13T22:12:31.331117,3,2,-40.0,-47.0,-50.0,-44.0
2026-05-13T22:12:32.443269,3,2,-40.0,-47.0,-50.0,-44.0
2026-05-13T22:12:33.357060,3,2,-40.0,-47.0,-50.0,-44.0
2026-05-13T22:12:34.388642,3,2,-40.0,-47.0,-50.0,-44.0
2026-05-13T22:12:35.322603,3,2,-38.0,-44.0,-45.0,-42.0
2026-05-13T22:12:36.424930,3,2,-38.0,-44.0,-45.0,-42.0
2026-05-13T22:12:37.445897,3,2,-38.0,-44.0,-45.0,-42.0
2026-05-13T22:12:38.373351,3,2,-38.0,-44.0,-45.0,-42.0
2026-05-13T22:12:39.492873,3,2,-38.0,-44.0,-45.0,-42.0
2026-05-13T22:12:40.323351,3,2,-37.0,-44.0,-45.0,-42.0
2026-05-13T22:12:41.328850,3,2,-37.0,-44.0,-45.0,-42.0
2026-05-13T22:12:42.370122,3,2,-37.0,-44.0,-45.0,-42.0
2026-05-13T22:12:43.388997,3,2,-37.0,-44.0,-45.0,-42.0
2026-05-13T22:12:44.329917,3,2,-37.0,-44.0,-45.0,-42.0
2026-05-13T22:12:45.374929,3,2,-40.0,-43.0,-49.0,-36.0
2026-05-13T22:12:46.328401,3,2,-40.0,-43.0,-49.0,-36.0
2026-05-13T22:12:47.328208,3,2,-40.0,-43.0,-49.0,-36.0
2026-05-13T22:12:48.404161,3,2,-40.0,-43.0,-49.0,-36.0
2026-05-13T22:12:49.436916,3,2,-40.0,-43.0,-49.0,-36.0
2026-05-13T22:12:50.331195,3,2,-39.0,-44.0,-47.0,-36.0
2026-05-13T22:12:51.336990,3,2,-39.0,-44.0,-47.0,-36.0
2026-05-13T22:12:52.579422,3,2,-39.0,-44.0,-47.0,-36.0
2026-05-13T22:12:53.636875,3,2,-39.0,-44.0,-47.0,-36.0
2026-05-13T22:12:54.330870,3,2,-39.0,-44.0,-47.0,-36.0
2026-05-13T22:12:55.323852,3,2,-40.0,-45.0,-45.0,-42.0
2026-05-13T22:12:56.497528,3,2,-40.0,-45.0,-45.0,-42.0
2026-05-13T22:12:57.532009,3,2,-40.0,-45.0,-45.0,-42.0
2026-05-13T22:13:06.528768,4,2,-41.0,-46.0,-49.0,-51.0
2026-05-13T22:13:07.555353,4,2,-41.0,-46.0,-49.0,-51.0
2026-05-13T22:13:08.985544,4,2,-41.0,-46.0,-49.0,-51.0
2026-05-13T22:13:09.611443,4,2,-41.0,-46.0,-49.0,-51.0
2026-05-13T22:13:10.514555,4,2,-45.0,-45.0,-45.0,-37.0
2026-05-13T22:13:11.544864,4,2,-45.0,-45.0,-45.0,-37.0
2026-05-13T22:13:12.780194,4,2,-45.0,-45.0,-45.0,-37.0
2026-05-13T22:13:13.597747,4,2,-45.0,-45.0,-45.0,-37.0
2026-05-13T22:13:14.518169,4,2,-45.0,-45.0,-45.0,-37.0
2026-05-13T22:13:15.516648,4,2,-46.0,-42.0,-45.0,-37.0
2026-05-13T22:13:16.673602,4,2,-46.0,-42.0,-45.0,-37.0
2026-05-13T22:13:17.723589,4,2,-46.0,-42.0,-45.0,-37.0
2026-05-13T22:13:18.514839,4,2,-46.0,-42.0,-45.0,-37.0
2026-05-13T22:13:19.520643,4,2,-46.0,-42.0,-45.0,-37.0
2026-05-13T22:13:20.547002,4,2,-42.0,-49.0,-54.0,-48.0
2026-05-13T22:13:21.519266,4,2,-42.0,-49.0,-54.0,-48.0
2026-05-13T22:13:22.627059,4,2,-42.0,-49.0,-54.0,-48.0
2026-05-13T22:13:23.735278,4,2,-42.0,-49.0,-54.0,-48.0
2026-05-13T22:13:24.518219,4,2,-42.0,-49.0,-54.0,-48.0
2026-05-13T22:13:25.573282,4,2,-43.0,-42.0,-50.0,-38.0
2026-05-13T22:13:26.514636,4,2,-43.0,-42.0,-50.0,-38.0
2026-05-13T22:13:27.534896,4,2,-43.0,-42.0,-50.0,-38.0
2026-05-13T22:13:28.645568,4,2,-43.0,-42.0,-50.0,-38.0
2026-05-13T22:13:29.677934,4,2,-43.0,-42.0,-50.0,-38.0
2026-05-13T22:13:30.520733,4,2,-51.0,-42.0,-53.0,-38.0
2026-05-13T22:13:31.559260,4,2,-51.0,-42.0,-53.0,-38.0
2026-05-13T22:13:32.519589,4,2,-51.0,-42.0,-53.0,-38.0
2026-05-13T22:13:33.516290,4,2,-51.0,-42.0,-53.0,-38.0
2026-05-13T22:13:34.573622,4,2,-51.0,-42.0,-53.0,-38.0
2026-05-13T22:13:35.820115,4,2,-58.0,-44.0,-47.0,-36.0
2026-05-13T22:13:36.518855,4,2,-58.0,-44.0,-47.0,-36.0
2026-05-13T22:13:37.515499,4,2,-58.0,-44.0,-47.0,-36.0
2026-05-13T22:13:38.988537,4,2,-58.0,-44.0,-47.0,-36.0
2026-05-13T22:13:39.608562,4,2,-58.0,-44.0,-47.0,-36.0
2026-05-13T22:13:40.515022,4,2,-40.0,-42.0,-44.0,-38.0
2026-05-13T22:13:41.513962,4,2,-40.0,-42.0,-44.0,-38.0
2026-05-13T22:13:42.514381,4,2,-40.0,-42.0,-44.0,-38.0
2026-05-13T22:13:43.560257,4,2,-40.0,-42.0,-44.0,-38.0
2026-05-13T22:13:44.517989,4,2,-40.0,-42.0,-44.0,-38.0
2026-05-13T22:13:45.514148,4,2,-41.0,-41.0,-47.0,-42.0
2026-05-13T22:13:46.557783,4,2,-41.0,-41.0,-47.0,-42.0
2026-05-13T22:13:47.514153,4,2,-41.0,-41.0,-47.0,-42.0
2026-05-13T22:13:48.729454,4,2,-41.0,-41.0,-47.0,-42.0
2026-05-13T22:13:49.567349,4,2,-41.0,-41.0,-47.0,-42.0
2026-05-13T22:13:50.514795,4,2,-46.0,-42.0,-50.0,-34.0
2026-05-13T22:13:51.513988,4,2,-46.0,-42.0,-50.0,-34.0
2026-05-13T22:13:52.633988,4,2,-46.0,-42.0,-50.0,-34.0
2026-05-13T22:13:53.842488,4,2,-46.0,-42.0,-50.0,-34.0
2026-05-13T22:13:54.521187,4,2,-46.0,-42.0,-50.0,-34.0
2026-05-13T22:13:55.555159,4,2,-47.0,-40.0,-51.0,-37.0
2026-05-13T22:13:56.543068,4,2,-47.0,-40.0,-51.0,-37.0
2026-05-13T22:13:57.561624,4,2,-47.0,-40.0,-51.0,-37.0
2026-05-13T22:13:58.514231,4,2,-47.0,-40.0,-51.0,-37.0
2026-05-13T22:13:59.518102,4,2,-47.0,-40.0,-51.0,-37.0
2026-05-13T22:14:00.515859,4,2,-45.0,-39.0,-57.0,-35.0
2026-05-13T22:14:01.519976,4,2,-45.0,-39.0,-57.0,-35.0
2026-05-13T22:14:02.564008,4,2,-45.0,-39.0,-57.0,-35.0
2026-05-13T22:14:03.520033,4,2,-45.0,-39.0,-57.0,-35.0
2026-05-13T22:14:04.523005,4,2,-45.0,-39.0,-57.0,-35.0
2026-05-13T22:14:05.553152,4,2,-41.0,-39.0,-52.0,-42.0
2026-05-13T22:14:06.580557,4,2,-41.0,-39.0,-52.0,-42.0
2026-05-13T22:14:07.781214,4,2,-41.0,-39.0,-52.0,-42.0
2026-05-13T22:14:08.515567,4,2,-41.0,-39.0,-52.0,-42.0
2026-05-13T22:14:09.515560,4,2,-41.0,-39.0,-52.0,-42.0
2026-05-13T22:14:10.514656,4,2,-48.0,-39.0,-54.0,-43.0
2026-05-13T22:14:11.519012,4,2,-48.0,-39.0,-54.0,-43.0
2026-05-13T22:14:12.513747,4,2,-48.0,-39.0,-54.0,-43.0
2026-05-13T22:14:13.514571,4,2,-48.0,-39.0,-54.0,-43.0
2026-05-13T22:14:14.521435,4,2,-48.0,-39.0,-54.0,-43.0
2026-05-13T22:14:15.541732,4,2,-48.0,-39.0,-47.0,-38.0
2026-05-13T22:14:16.593901,4,2,-48.0,-39.0,-47.0,-38.0
2026-05-13T22:14:17.595336,4,2,-48.0,-39.0,-47.0,-38.0
2026-05-13T22:14:18.621416,4,2,-48.0,-39.0,-47.0,-38.0
2026-05-13T22:14:19.558089,4,2,-48.0,-39.0,-47.0,-38.0
2026-05-13T22:14:20.545200,4,2,-48.0,-44.0,-48.0,-41.0
2026-05-13T22:14:21.514890,4,2,-48.0,-44.0,-48.0,-41.0
2026-05-13T22:14:22.515875,4,2,-48.0,-44.0,-48.0,-41.0
2026-05-13T22:14:23.554007,4,2,-48.0,-44.0,-48.0,-41.0
2026-05-13T22:14:24.664402,4,2,-48.0,-44.0,-48.0,-41.0
2026-05-13T22:14:25.584481,4,2,-42.0,-42.0,-47.0,-46.0
2026-05-13T22:14:26.567056,4,2,-42.0,-42.0,-47.0,-46.0
2026-05-13T22:14:27.632840,4,2,-42.0,-42.0,-47.0,-46.0
2026-05-13T22:14:28.514459,4,2,-42.0,-42.0,-47.0,-46.0
2026-05-13T22:14:29.520557,4,2,-42.0,-42.0,-47.0,-46.0
2026-05-13T22:14:30.598306,4,2,-42.0,-43.0,-48.0,-42.0
2026-05-13T22:14:31.832740,4,2,-42.0,-43.0,-48.0,-42.0
2026-05-13T22:14:32.562140,4,2,-42.0,-43.0,-48.0,-42.0
2026-05-13T22:14:33.570813,4,2,-42.0,-43.0,-48.0,-42.0
2026-05-13T22:14:34.518235,4,2,-42.0,-43.0,-48.0,-42.0
2026-05-13T22:14:35.537388,4,2,-45.0,-42.0,-46.0,-41.0
2026-05-13T22:14:36.695326,4,2,-45.0,-42.0,-46.0,-41.0
2026-05-13T22:14:37.911824,4,2,-45.0,-42.0,-46.0,-41.0
2026-05-13T22:14:38.513862,4,2,-45.0,-42.0,-46.0,-41.0
2026-05-13T22:14:39.529476,4,2,-45.0,-42.0,-46.0,-41.0
2026-05-13T22:14:40.634892,4,2,-39.0,-46.0,-50.0,-45.0
2026-05-13T22:14:41.660250,4,2,-39.0,-46.0,-50.0,-45.0
2026-05-13T22:14:42.543767,4,2,-39.0,-46.0,-50.0,-45.0
2026-05-13T22:14:43.513549,4,2,-39.0,-46.0,-50.0,-45.0
2026-05-13T22:14:44.663185,4,2,-39.0,-46.0,-50.0,-45.0
2026-05-13T22:14:45.690532,4,2,-45.0,-42.0,-49.0,-43.0
2026-05-13T22:14:46.513885,4,2,-45.0,-42.0,-49.0,-43.0
2026-05-13T22:14:47.513277,4,2,-45.0,-42.0,-49.0,-43.0
2026-05-13T22:14:48.728662,4,2,-45.0,-42.0,-49.0,-43.0
2026-05-13T22:14:49.558429,4,2,-45.0,-42.0,-49.0,-43.0
2026-05-13T22:14:50.513929,4,2,-39.0,-42.0,-50.0,-40.0
2026-05-13T22:14:51.514355,4,2,-39.0,-42.0,-50.0,-40.0
2026-05-13T22:14:52.519876,4,2,-39.0,-42.0,-50.0,-40.0
2026-05-13T22:14:53.527242,4,2,-39.0,-42.0,-50.0,-40.0
2026-05-13T22:14:54.514928,4,2,-39.0,-42.0,-50.0,-40.0
2026-05-13T22:14:55.513963,4,2,-38.0,-42.0,-46.0,-44.0
2026-05-13T22:14:56.612650,4,2,-38.0,-42.0,-46.0,-44.0
2026-05-13T22:14:57.635472,4,2,-38.0,-42.0,-46.0,-44.0
2026-05-13T22:14:58.774141,4,2,-38.0,-42.0,-46.0,-44.0
2026-05-13T22:14:59.703867,4,2,-38.0,-42.0,-46.0,-44.0
2026-05-13T22:15:00.513978,4,2,-46.0,-48.0,-45.0,-45.0
2026-05-13T22:15:01.518904,4,2,-46.0,-48.0,-45.0,-45.0
2026-05-13T22:15:02.550530,4,2,-46.0,-48.0,-45.0,-45.0
2026-05-13T22:15:03.519174,4,2,-46.0,-48.0,-45.0,-45.0
2026-05-13T22:15:04.600400,4,2,-46.0,-48.0,-45.0,-45.0
2026-05-13T22:15:05.626097,4,2,-38.0,-48.0,-50.0,-36.0
